event,market,book,selection,opponent,bet_key,bet_odds,bet_dg_fair,bet_ev,bet_ts,close_odds,close_dg_fair,close_ts,pushed,graded,clv,beat,ev_close,graded_ts,bet_odds_american,close_odds_american
RBC Canadian Open,tournament_matchups,draftkings,"Fitzpatrick, Alex","Thorbjornsen, Michael",tournament_matchups draftkings 25362 26649,1.89,0.5563,0.053,2026-06-10 22:03:01.452912,1.89,0.5563,2026-06-11 11:51:04.269606,TRUE,FALSE,0,FALSE,0.051407,2026-06-11 11:51:04.269606,-112,-112
RBC Canadian Open,tournament_matchups,fanduel,"Fitzpatrick, Matt","Burns, Sam",tournament_matchups fanduel 17646 19483,1.9,0.545,0.0356,2026-06-10 22:03:01.452912,1.9,0.545,2026-06-11 11:51:04.269606,TRUE,FALSE,0,FALSE,0.0355000000000001,2026-06-11 11:51:04.269606,-111,-111
RBC Canadian Open,tournament_matchups,draftkings,"Meissner, Mac","Yellamaraju, Sudarshan",tournament_matchups draftkings 28159 29925,1.85,0.5592,0.033,2026-06-10 22:03:01.452912,1.85,0.5592,2026-06-11 11:51:04.269606,TRUE,FALSE,0,FALSE,0.0345200000000001,2026-06-11 11:51:04.269606,-118,-118
RBC Canadian Open,3_balls,fanduel,"Hojgaard, Nicolai","Yu, Kevin / Riley, Davis","3_balls fanduel 23602 17881,19872",2.05,0.5039,0.033,2026-06-10 22:03:01.452912,1.95,0.5039,2026-06-11 11:51:04.269606,TRUE,FALSE,0.0512820512820513,TRUE,0.0329949999999999,2026-06-11 11:51:04.269606,+105,-105
RBC Canadian Open,tournament_matchups,caesars,"Fleetwood, Tommy","Clark, Wyndham",tournament_matchups caesars 12294 23604,1.67,0.6178,0.0297,2026-06-10 22:03:01.452912,1.65,0.6178,2026-06-11 11:51:04.269606,TRUE,FALSE,0.0121212121212122,TRUE,0.0317259999999999,2026-06-11 11:51:04.269606,-149,-154
RBC Canadian Open,tournament_matchups,fanduel,"Fleetwood, Tommy","Clark, Wyndham",tournament_matchups fanduel 12294 23604,1.67,0.6178,0.0297,2026-06-10 22:03:01.452912,1.67,0.6178,2026-06-11 11:51:04.269606,TRUE,FALSE,0,FALSE,0.0317259999999999,2026-06-11 11:51:04.269606,-149,-149
RBC Canadian Open,3_balls,fanduel,"Hubbard, Mark","Dahmen, Joel / Keefer, Johnny","3_balls fanduel 16333 14509,32457",3.2,0.3212,0.0278,2026-06-10 22:03:01.452912,3.2,0.3212,2026-06-11 11:51:04.269606,TRUE,FALSE,0,FALSE,0.0278400000000001,2026-06-11 11:51:04.269606,+220,+220
RBC Canadian Open,3_balls,fanduel,"Cole, Eric","Thorbjornsen, Michael / Phillips, Chandler","3_balls fanduel 21756 26649,27164",2.45,0.4186,0.0256,2026-06-10 22:03:01.452912,2.45,0.4186,2026-06-11 11:51:04.269606,TRUE,FALSE,0,FALSE,0.0255700000000001,2026-06-11 11:51:04.269606,+145,+145
RBC Canadian Open,tournament_matchups,caesars,"Fitzpatrick, Matt","Burns, Sam",tournament_matchups caesars 17646 19483,1.91,0.545,0.0405,2026-06-11 02:03:47.54533,1.91,0.545,2026-06-11 11:51:04.269606,TRUE,FALSE,0,FALSE,0.04095,2026-06-11 11:51:04.269606,-110,-110
RBC Canadian Open,tournament_matchups,caesars,"Thorbjornsen, Michael","Hojgaard, Nicolai",tournament_matchups caesars 26649 23602,2.45,0.4282,0.0491,2026-06-11 07:09:16.301116,2.45,0.4282,2026-06-11 11:51:04.269606,TRUE,FALSE,0,FALSE,0.0490900000000001,2026-06-11 11:51:04.269606,+145,+145
RBC Canadian Open,tournament_matchups,caesars,"Mitchell, Keith","Hovland, Viktor",tournament_matchups caesars 17365 18841,2.2,0.4677,0.0289,2026-06-11 07:09:16.301116,2.2,0.4677,2026-06-11 11:51:04.269606,TRUE,FALSE,0,FALSE,0.0289400000000002,2026-06-11 11:51:04.269606,+120,+120
RBC Canadian Open,3_balls,draftkings,"Fox, Ryan","Taylor, Nick / Koepka, Brooks","3_balls draftkings 11889 13126,16243",3.15,0.336,0.0583,2026-06-12 05:19:31.767717,3.15,0.336,2026-06-12 05:19:31.767717,TRUE,FALSE,0,FALSE,0.0584,2026-06-12 05:19:31.767717,+215,+215
RBC Canadian Open,3_balls,betmgm,"Rai, Aaron","Rose, Justin / Morikawa, Collin","3_balls betmgm 18554 22085,6093",3,0.3518,0.0555,2026-06-12 05:19:31.767717,3,0.3518,2026-06-12 05:19:31.767717,TRUE,FALSE,0,FALSE,0.0554000000000001,2026-06-12 05:19:31.767717,+200,+200
RBC Canadian Open,3_balls,fanduel,"Rai, Aaron","Rose, Justin / Morikawa, Collin","3_balls fanduel 18554 22085,6093",3,0.3518,0.0555,2026-06-12 05:19:31.767717,3,0.3518,2026-06-12 05:19:31.767717,TRUE,FALSE,0,FALSE,0.0554000000000001,2026-06-12 05:19:31.767717,+200,+200
RBC Canadian Open,3_balls,bet365,"Harrington, Padraig","Grillo, Emiliano / Van Rooyen, Erik","3_balls bet365 5716 12808,17550",5.5,0.1909,0.05,2026-06-12 05:19:31.767717,5.5,0.1909,2026-06-12 05:19:31.767717,TRUE,FALSE,0,FALSE,0.0499499999999999,2026-06-12 05:19:31.767717,+450,+450
RBC Canadian Open,round_matchups,bet365,"Fox, Ryan","Potgieter, Aldrich",round_matchups bet365 11889 27900,1.91,0.5463,0.043,2026-06-12 05:19:31.767717,1.91,0.5463,2026-06-12 05:19:31.767717,TRUE,FALSE,0,FALSE,0.0434330000000001,2026-06-12 05:19:31.767717,-110,-110
RBC Canadian Open,round_matchups,draftkings,"Burns, Sam","Koepka, Brooks",round_matchups draftkings 19483 16243,1.75,0.5966,0.0418,2026-06-12 05:19:31.767717,1.75,0.5966,2026-06-12 05:19:31.767717,TRUE,FALSE,0,FALSE,0.0440499999999999,2026-06-12 05:19:31.767717,-133,-133
RBC Canadian Open,3_balls,bet365,"Fox, Ryan","Taylor, Nick / Koepka, Brooks","3_balls bet365 11889 13126,16243",3.1,0.336,0.0415,2026-06-12 05:19:31.767717,3.1,0.336,2026-06-12 05:19:31.767717,TRUE,FALSE,0,FALSE,0.0416000000000001,2026-06-12 05:19:31.767717,+210,+210
RBC Canadian Open,3_balls,fanduel,"Fox, Ryan","Taylor, Nick / Koepka, Brooks","3_balls fanduel 11889 13126,16243",3.1,0.336,0.0415,2026-06-12 05:19:31.767717,3.1,0.336,2026-06-12 05:19:31.767717,TRUE,FALSE,0,FALSE,0.0416000000000001,2026-06-12 05:19:31.767717,+210,+210
RBC Canadian Open,3_balls,bet365,"Nakajima, Keita","Crowe, Trace / Lew, Dawson","3_balls bet365 21074 27780,30040252",2.4,0.4329,0.039,2026-06-12 05:19:31.767717,2.4,0.4329,2026-06-12 05:19:31.767717,TRUE,FALSE,0,FALSE,0.0389599999999999,2026-06-12 05:19:31.767717,+140,+140
RBC Canadian Open,3_balls,draftkings,"Kohles, Ben","Dahmen, Joel / Keefer, Johnny","3_balls draftkings 16395 14509,32457",2.86,0.3626,0.0371,2026-06-12 05:19:31.767717,2.86,0.3626,2026-06-12 05:19:31.767717,TRUE,FALSE,0,FALSE,0.0370359999999998,2026-06-12 05:19:31.767717,+186,+186
RBC Canadian Open,3_balls,draftkings,"Bezuidenhout, Christiaan","Martin, Ben / Putnam, Andrew","3_balls draftkings 18103 14007,14704",2.3,0.4498,0.0344,2026-06-12 05:19:31.767717,2.3,0.4498,2026-06-12 05:19:31.767717,TRUE,FALSE,0,FALSE,0.0345399999999998,2026-06-12 05:19:31.767717,+130,+130
RBC Canadian Open,3_balls,bet365,"Parry, John","Rozo, Marcelo / O'Donovan, Declan","3_balls bet365 13764 16591,30717",2.25,0.4592,0.0333,2026-06-12 05:19:31.767717,2.25,0.4592,2026-06-12 05:19:31.767717,TRUE,FALSE,0,FALSE,0.0331999999999999,2026-06-12 05:19:31.767717,+125,+125
RBC Canadian Open,3_balls,bet365,"Dou, Zecheng","Ventura, Kris / McCulloch, Ashton","3_balls bet365 16757 15651,32260",2.37,0.435,0.0309,2026-06-12 05:19:31.767717,2.37,0.435,2026-06-12 05:19:31.767717,TRUE,FALSE,0,FALSE,0.03095,2026-06-12 05:19:31.767717,+137,+137
RBC Canadian Open,3_balls,draftkings,"Svensson, Adam","Olesen, Thorbjorn / Pavon, Matthieu","3_balls draftkings 13997 13412,19960",3,0.3436,0.0308,2026-06-12 05:19:31.767717,3,0.3436,2026-06-12 05:19:31.767717,TRUE,FALSE,0,FALSE,0.0308000000000002,2026-06-12 05:19:31.767717,+200,+200
RBC Canadian Open,3_balls,fanduel,"Svensson, Adam","Olesen, Thorbjorn / Pavon, Matthieu","3_balls fanduel 13997 13412,19960",3,0.3436,0.0308,2026-06-12 05:19:31.767717,3,0.3436,2026-06-12 05:19:31.767717,TRUE,FALSE,0,FALSE,0.0308000000000002,2026-06-12 05:19:31.767717,+200,+200
RBC Canadian Open,3_balls,fanduel,"Van Rooyen, Erik","Harrington, Padraig / Grillo, Emiliano","3_balls fanduel 17550 12808,5716",2.8,0.3678,0.0298,2026-06-12 05:19:31.767717,2.8,0.3678,2026-06-12 05:19:31.767717,TRUE,FALSE,0,FALSE,0.0298400000000001,2026-06-12 05:19:31.767717,+180,+180
RBC Canadian Open,3_balls,draftkings,"Rai, Aaron","Rose, Justin / Morikawa, Collin","3_balls draftkings 18554 22085,6093",2.92,0.3518,0.0273,2026-06-12 05:19:31.767717,2.92,0.3518,2026-06-12 05:19:31.767717,TRUE,FALSE,0,FALSE,0.0272559999999999,2026-06-12 05:19:31.767717,+192,+192
RBC Canadian Open,3_balls,bet365,"Fisk, Steven","Vegas, Jhonattan / Homa, Max","3_balls bet365 26657 13508,17538",2.75,0.3717,0.0221,2026-06-12 05:19:31.767717,2.75,0.3717,2026-06-12 05:19:31.767717,TRUE,FALSE,0,FALSE,0.0221749999999998,2026-06-12 05:19:31.767717,+175,+175
RBC Canadian Open,3_balls,draftkings,"James, Ben","Suber, Jackson / Shipley, Neal","3_balls draftkings 29827 29279,32055",2.72,0.3753,0.0208,2026-06-12 05:19:31.767717,2.72,0.3753,2026-06-12 05:19:31.767717,TRUE,FALSE,0,FALSE,0.0208160000000002,2026-06-12 05:19:31.767717,+172,+172
RBC Canadian Open,round_matchups,bet365,"Cauley, Bud","Brennan, Michael",round_matchups bet365 14502 29197,1.83,0.5564,0.0201,2026-06-12 05:19:31.767717,1.83,0.5564,2026-06-12 05:19:31.767717,TRUE,FALSE,0,FALSE,0.0182120000000001,2026-06-12 05:19:31.767717,-120,-120
RBC Canadian Open,round_matchups,betmgm,"Peterson, Paul","Silverman, Ben",round_matchups betmgm 16341 17381,1.95,0.5428,0.0584,2026-06-13 02:52:54.522518,1.95,0.5428,2026-06-13 02:52:54.522518,TRUE,FALSE,0,FALSE,0.05846,2026-06-13 02:52:54.522518,-105,-105
RBC Canadian Open,round_matchups,caesars,"Theegala, Sahith","Pendrith, Taylor",round_matchups caesars 23014 17780,2.15,0.4893,0.0521,2026-06-13 02:52:54.522518,2.15,0.4893,2026-06-13 02:52:54.522518,TRUE,FALSE,0,FALSE,0.051995,2026-06-13 02:52:54.522518,+115,+115
RBC Canadian Open,round_matchups,bet365,"Taylor, Nick","Ewart, A.J.",round_matchups bet365 13126 21883,1.74,0.6033,0.0498,2026-06-13 02:52:54.522518,1.74,0.6033,2026-06-13 02:52:54.522518,TRUE,FALSE,0,FALSE,0.049742,2026-06-13 02:52:54.522518,-135,-135
RBC Canadian Open,round_matchups,draftkings,"Hirata, Kensei","Ewart, A.J.",round_matchups draftkings 20954 21883,2.14,0.4881,0.0446,2026-06-13 02:52:54.522518,2.14,0.4881,2026-06-13 02:52:54.522518,TRUE,FALSE,0,FALSE,0.0445340000000001,2026-06-13 02:52:54.522518,+114,+114
RBC Canadian Open,round_matchups,draftkings,"Fox, Ryan","Koepka, Brooks",round_matchups draftkings 11889 16243,2.08,0.5018,0.0436,2026-06-13 02:52:54.522518,2.08,0.5018,2026-06-13 02:52:54.522518,TRUE,FALSE,0,FALSE,0.043744,2026-06-13 02:52:54.522518,+108,+108
RBC Canadian Open,round_matchups,draftkings,"James, Ben","Burns, Sam",round_matchups draftkings 29827 19483,2.58,0.4033,0.0406,2026-06-13 02:52:54.522518,2.58,0.4033,2026-06-13 02:52:54.522518,TRUE,FALSE,0,FALSE,0.0405139999999999,2026-06-13 02:52:54.522518,+158,+158
RBC Canadian Open,round_matchups,caesars,"Peterson, Paul","Silverman, Ben",round_matchups caesars 16341 17381,1.91,0.5428,0.0362,2026-06-13 02:52:54.522518,1.91,0.5428,2026-06-13 02:52:54.522518,TRUE,FALSE,0,FALSE,0.0367479999999998,2026-06-13 02:52:54.522518,-110,-110
RBC Canadian Open,round_matchups,draftkings,"Peterson, Paul","Silverman, Ben",round_matchups draftkings 16341 17381,1.91,0.5428,0.0362,2026-06-13 02:52:54.522518,1.91,0.5428,2026-06-13 02:52:54.522518,TRUE,FALSE,0,FALSE,0.0367479999999998,2026-06-13 02:52:54.522518,-110,-110
RBC Canadian Open,round_matchups,betmgm,"Kohles, Ben","Reitan, Kristoffer",round_matchups betmgm 16395 21407,2.6,0.3978,0.0343,2026-06-13 02:52:54.522518,2.6,0.3978,2026-06-13 02:52:54.522518,TRUE,FALSE,0,FALSE,0.0342800000000001,2026-06-13 02:52:54.522518,+160,+160
RBC Canadian Open,round_matchups,draftkings,"Pendrith, Taylor","Theegala, Sahith",round_matchups draftkings 17780 23014,2.02,0.5107,0.0316,2026-06-13 02:52:54.522518,2.02,0.5107,2026-06-13 02:52:54.522518,TRUE,FALSE,0,FALSE,0.031614,2026-06-13 02:52:54.522518,+102,+102
RBC Canadian Open,round_matchups,bet365,"Nakajima, Keita","Matthews, Justin",round_matchups bet365 21074 32259,1.7,0.6056,0.0296,2026-06-13 02:52:54.522518,1.7,0.6056,2026-06-13 02:52:54.522518,TRUE,FALSE,0,FALSE,0.02952,2026-06-13 02:52:54.522518,-143,-143
RBC Canadian Open,round_matchups,caesars,"Fox, Ryan","Koepka, Brooks",round_matchups caesars 11889 16243,2.05,0.5018,0.0286,2026-06-13 02:52:54.522518,2.05,0.5018,2026-06-13 02:52:54.522518,TRUE,FALSE,0,FALSE,0.0286899999999999,2026-06-13 02:52:54.522518,+105,+105
RBC Canadian Open,round_matchups,draftkings,"Hadwin, Adam","Thorbjornsen, Michael",round_matchups draftkings 13965 26649,2.52,0.4078,0.0278,2026-06-13 02:52:54.522518,2.52,0.4078,2026-06-13 02:52:54.522518,TRUE,FALSE,0,FALSE,0.0276559999999999,2026-06-13 02:52:54.522518,+152,+152
RBC Canadian Open,round_matchups,bet365,"Reitan, Kristoffer","Morikawa, Collin",round_matchups bet365 21407 22085,2.05,0.5008,0.0265,2026-06-13 02:52:54.522518,2.05,0.5008,2026-06-13 02:52:54.522518,TRUE,FALSE,0,FALSE,0.02664,2026-06-13 02:52:54.522518,+105,+105
RBC Canadian Open,round_matchups,draftkings,"Kohles, Ben","Reitan, Kristoffer",round_matchups draftkings 16395 21407,2.58,0.3978,0.0264,2026-06-13 02:52:54.522518,2.58,0.3978,2026-06-13 02:52:54.522518,TRUE,FALSE,0,FALSE,0.026324,2026-06-13 02:52:54.522518,+158,+158
RBC Canadian Open,round_matchups,draftkings,"Whaley, Vince","Taylor, Nick",round_matchups draftkings 25908 13126,2.48,0.4137,0.0259,2026-06-13 02:52:54.522518,2.48,0.4137,2026-06-13 02:52:54.522518,TRUE,FALSE,0,FALSE,0.025976,2026-06-13 02:52:54.522518,+148,+148
RBC Canadian Open,round_matchups,betmgm,"Hirata, Kensei","Ewart, A.J.",round_matchups betmgm 20954 21883,2.1,0.4881,0.0251,2026-06-13 02:52:54.522518,2.1,0.4881,2026-06-13 02:52:54.522518,TRUE,FALSE,0,FALSE,0.02501,2026-06-13 02:52:54.522518,+110,+110
RBC Canadian Open,round_matchups,caesars,"Hirata, Kensei","Ewart, A.J.",round_matchups caesars 20954 21883,2.1,0.4881,0.0251,2026-06-13 02:52:54.522518,2.1,0.4881,2026-06-13 02:52:54.522518,TRUE,FALSE,0,FALSE,0.02501,2026-06-13 02:52:54.522518,+110,+110
RBC Canadian Open,round_matchups,betmgm,"Pendrith, Taylor","Theegala, Sahith",round_matchups betmgm 17780 23014,2,0.5107,0.0213,2026-06-13 02:52:54.522518,2,0.5107,2026-06-13 02:52:54.522518,TRUE,FALSE,0,FALSE,0.0214000000000001,2026-06-13 02:52:54.522518,+100,+100
RBC Canadian Open,round_matchups,betmgm,"Hall, Harry","Anderson, Matthew",round_matchups betmgm 27194 26617,1.44,0.7221,0.0398,2026-06-13 06:56:03.147305,1.44,0.7221,2026-06-13 06:56:03.147305,TRUE,FALSE,0,FALSE,0.0398239999999999,2026-06-13 06:56:03.147305,-227,-227
RBC Canadian Open,round_matchups,betmgm,"Whaley, Vince","Taylor, Nick",round_matchups betmgm 25908 13126,2.5,0.4137,0.0342,2026-06-13 06:56:03.147305,2.5,0.4137,2026-06-13 06:56:03.147305,TRUE,FALSE,0,FALSE,0.0342500000000001,2026-06-13 06:56:03.147305,+150,+150
RBC Canadian Open,round_matchups,betmgm,"Lowry, Shane","MacIntyre, Robert",round_matchups betmgm 13900 23323,2.04,0.5055,0.0313,2026-06-13 06:56:03.147305,2.04,0.5055,2026-06-13 06:56:03.147305,TRUE,FALSE,0,FALSE,0.03122,2026-06-13 06:56:03.147305,+104,+104
RBC Canadian Open,round_matchups,betmgm,"Castillo, Ricky","Horschel, Billy",round_matchups betmgm 27819 11276,1.77,0.5823,0.0307,2026-06-13 06:56:03.147305,1.77,0.5823,2026-06-13 06:56:03.147305,TRUE,FALSE,0,FALSE,0.0306710000000001,2026-06-13 06:56:03.147305,-130,-130
RBC Canadian Open,round_matchups,betmgm,"Ghim, Doug","Fishburn, Patrick",round_matchups betmgm 24550 25094,1.7,0.6018,0.0231,2026-06-13 06:56:03.147305,1.7,0.6018,2026-06-13 06:56:03.147305,TRUE,FALSE,0,FALSE,0.0230600000000001,2026-06-13 06:56:03.147305,-143,-143
RBC Canadian Open,round_matchups,fanduel,"Whaley, Vince","Taylor, Nick",round_matchups fanduel 25908 13126,2.62,0.4137,0.0859,2026-06-13 11:51:58.073707,2.62,0.4137,2026-06-13 11:51:58.073707,TRUE,FALSE,0,FALSE,0.0838940000000001,2026-06-13 11:51:58.073707,+162,+162
RBC Canadian Open,round_matchups,fanduel,"Van Rooyen, Erik","Clanton, Luke",round_matchups fanduel 17550 32330,2.1,0.4932,0.0358,2026-06-13 11:51:58.073707,2.1,0.4932,2026-06-13 11:51:58.073707,TRUE,FALSE,0,FALSE,0.0357200000000002,2026-06-13 11:51:58.073707,+110,+110
RBC Canadian Open,round_matchups,fanduel,"Peterson, Paul","Silverman, Ben",round_matchups fanduel 16341 17381,1.9,0.5428,0.0313,2026-06-13 11:51:58.073707,1.9,0.5428,2026-06-13 11:51:58.073707,TRUE,FALSE,0,FALSE,0.0313199999999998,2026-06-13 11:51:58.073707,-111,-111
RBC Canadian Open,round_matchups,fanduel,"Hirata, Kensei","Ewart, A.J.",round_matchups fanduel 20954 21883,2.1,0.4881,0.0251,2026-06-13 11:51:58.073707,2.1,0.4881,2026-06-13 11:51:58.073707,TRUE,FALSE,0,FALSE,0.02501,2026-06-13 11:51:58.073707,+110,+110
RBC Canadian Open,round_matchups,bet365,"Li, Haotong","Suber, Jackson",round_matchups bet365 15310 29279,2.2,0.465,0.023,2026-06-13 11:51:58.073707,2.2,0.465,2026-06-13 11:51:58.073707,TRUE,FALSE,0,FALSE,0.0230000000000001,2026-06-13 11:51:58.073707,+120,+120
RBC Canadian Open,round_matchups,fanduel,"Nakajima, Keita","Matthews, Justin",round_matchups fanduel 21074 32259,1.53,0.6662,0.0215,2026-06-13 11:51:58.073707,1.53,0.6662,2026-06-13 11:51:58.073707,TRUE,FALSE,0,FALSE,0.0192860000000001,2026-06-13 11:51:58.073707,-189,-189
RBC Canadian Open,round_matchups,fanduel,"Pendrith, Taylor","Theegala, Sahith",round_matchups fanduel 17780 23014,2,0.5107,0.0213,2026-06-13 11:51:58.073707,2,0.5107,2026-06-13 11:51:58.073707,TRUE,FALSE,0,FALSE,0.0214000000000001,2026-06-13 11:51:58.073707,+100,+100
RBC Canadian Open,round_matchups,betmgm,"James, Ben","Burns, Sam",round_matchups betmgm 29827 19483,2.7,0.4033,0.089,2026-06-13 13:48:43.929509,2.7,0.4033,2026-06-13 13:48:43.929509,TRUE,FALSE,0,FALSE,0.0889100000000001,2026-06-13 13:48:43.929509,+170,+170
RBC Canadian Open,round_matchups,draftkings,"Tosti, Alejandro","Morikawa, Collin",round_matchups draftkings 17032 22085,3.35,0.3186,0.0673,2026-06-13 13:48:43.929509,3.35,0.3186,2026-06-13 13:48:43.929509,TRUE,FALSE,0,FALSE,0.06731,2026-06-13 13:48:43.929509,+235,+235
RBC Canadian Open,round_matchups,betmgm,"Li, Haotong","Suber, Jackson",round_matchups betmgm 15310 29279,2,0.52,0.04,2026-06-13 13:48:43.929509,2,0.52,2026-06-13 13:48:43.929509,TRUE,FALSE,0,FALSE,0.04,2026-06-13 13:48:43.929509,+100,+100
RBC Canadian Open,3_balls,fanduel,"McCarthy, Denny","Reitan, Kristoffer / Keefer, Johnny","3_balls fanduel 19870 21407,32457",3.7,0.2928,0.0833,2026-06-14 00:03:03.795403,3.7,0.2928,2026-06-14 00:03:03.795403,TRUE,FALSE,0,FALSE,0.0833600000000001,2026-06-14 00:03:03.795403,+270,+270
RBC Canadian Open,3_balls,draftkings,"Tosti, Alejandro","Hadwin, Adam / Morikawa, Collin","3_balls draftkings 17032 13965,22085",4.5,0.2387,0.0744,2026-06-14 00:03:03.795403,4.5,0.2387,2026-06-14 00:03:03.795403,TRUE,FALSE,0,FALSE,0.0741499999999999,2026-06-14 00:03:03.795403,+350,+350
RBC Canadian Open,3_balls,draftkings,"Neergaard-Petersen, Rasmus","Koepka, Brooks / Pavon, Matthieu","3_balls draftkings 23841 16243,19960",3.05,0.3487,0.0636,2026-06-14 00:03:03.795403,3.05,0.3487,2026-06-14 00:03:03.795403,TRUE,FALSE,0,FALSE,0.0635349999999999,2026-06-14 00:03:03.795403,+205,+205
RBC Canadian Open,3_balls,draftkings,"Hadwin, Adam","Tosti, Alejandro / Morikawa, Collin","3_balls draftkings 13965 17032,22085",3.55,0.2934,0.0416,2026-06-14 00:03:03.795403,3.55,0.2934,2026-06-14 00:03:03.795403,TRUE,FALSE,0,FALSE,0.0415699999999999,2026-06-14 00:03:03.795403,+255,+255
RBC Canadian Open,3_balls,caesars,"McCarthy, Denny","Reitan, Kristoffer / Keefer, Johnny","3_balls caesars 19870 21407,32457",3.55,0.2928,0.0394,2026-06-14 00:03:03.795403,3.55,0.2928,2026-06-14 00:03:03.795403,TRUE,FALSE,0,FALSE,0.0394399999999999,2026-06-14 00:03:03.795403,+255,+255
RBC Canadian Open,3_balls,draftkings,"Pavon, Matthieu","Koepka, Brooks / Neergaard-Petersen, Rasmus","3_balls draftkings 19960 16243,23841",3.85,0.2686,0.034,2026-06-14 00:03:03.795403,3.85,0.2686,2026-06-14 00:03:03.795403,TRUE,FALSE,0,FALSE,0.0341100000000001,2026-06-14 00:03:03.795403,+285,+285
RBC Canadian Open,3_balls,fanduel,"Hadwin, Adam","Tosti, Alejandro / Morikawa, Collin","3_balls fanduel 13965 17032,22085",3.5,0.2934,0.0269,2026-06-14 00:03:03.795403,3.5,0.2934,2026-06-14 00:03:03.795403,TRUE,FALSE,0,FALSE,0.0268999999999999,2026-06-14 00:03:03.795403,+250,+250
RBC Canadian Open,3_balls,fanduel,"Bridgeman, Jacob","Fox, Ryan / Burns, Sam","3_balls fanduel 29433 11889,19483",3.1,0.3291,0.0202,2026-06-14 00:03:03.795403,3.1,0.3291,2026-06-14 00:03:03.795403,TRUE,FALSE,0,FALSE,0.0202100000000001,2026-06-14 00:03:03.795403,+210,+210
RBC Canadian Open,3_balls,betmgm,"Tosti, Alejandro","Hadwin, Adam / Morikawa, Collin","3_balls betmgm 17032 13965,22085",4.5,0.2387,0.0744,2026-06-14 05:11:41.842691,4.5,0.2387,2026-06-14 05:11:41.842691,TRUE,FALSE,0,FALSE,0.0741499999999999,2026-06-14 05:11:41.842691,+350,+350
RBC Canadian Open,round_matchups,bet365,"Fitzpatrick, Matt","Clark, Wyndham",round_matchups bet365 17646 23604,1.8,0.5876,0.0576,2026-06-14 05:11:41.842691,1.8,0.5876,2026-06-14 05:11:41.842691,TRUE,FALSE,0,FALSE,0.05768,2026-06-14 05:11:41.842691,-125,-125
RBC Canadian Open,3_balls,bet365,"Kohles, Ben","Kim, Tom / Shipley, Neal","3_balls bet365 16395 24766,32055",3.1,0.3383,0.0488,2026-06-14 05:11:41.842691,3.1,0.3383,2026-06-14 05:11:41.842691,TRUE,FALSE,0,FALSE,0.0487299999999999,2026-06-14 05:11:41.842691,+210,+210
RBC Canadian Open,3_balls,bet365,"Moore, Taylor","Anderson, Matthew / Matthews, Justin","3_balls bet365 21944 26617,32259",2,0.5226,0.0452,2026-06-14 05:11:41.842691,2,0.5226,2026-06-14 05:11:41.842691,TRUE,FALSE,0,FALSE,0.0451999999999999,2026-06-14 05:11:41.842691,+100,+100
RBC Canadian Open,round_matchups,bet365,"Garnett, Brice","Suber, Jackson",round_matchups bet365 11451 29279,2.35,0.4446,0.0449,2026-06-14 05:11:41.842691,2.35,0.4446,2026-06-14 05:11:41.842691,TRUE,FALSE,0,FALSE,0.04481,2026-06-14 05:11:41.842691,+135,+135
RBC Canadian Open,round_matchups,bet365,"Neergaard-Petersen, Rasmus","Van Rooyen, Erik",round_matchups bet365 23841 17550,1.74,0.5999,0.0442,2026-06-14 05:11:41.842691,1.74,0.5999,2026-06-14 05:11:41.842691,TRUE,FALSE,0,FALSE,0.0438259999999999,2026-06-14 05:11:41.842691,-135,-135
RBC Canadian Open,3_balls,betmgm,"Pavon, Matthieu","Koepka, Brooks / Neergaard-Petersen, Rasmus","3_balls betmgm 19960 16243,23841",3.85,0.2686,0.034,2026-06-14 05:11:41.842691,3.85,0.2686,2026-06-14 05:11:41.842691,TRUE,FALSE,0,FALSE,0.0341100000000001,2026-06-14 05:11:41.842691,+285,+285
RBC Canadian Open,3_balls,bet365,"Cauley, Bud","Clark, Wyndham / Suber, Jackson","3_balls bet365 14502 23604,29279",2.8,0.3691,0.0334,2026-06-14 05:11:41.842691,2.8,0.3691,2026-06-14 05:11:41.842691,TRUE,FALSE,0,FALSE,0.03348,2026-06-14 05:11:41.842691,+180,+180
RBC Canadian Open,round_matchups,bet365,"Pendrith, Taylor","Potgieter, Aldrich",round_matchups bet365 17780 27900,1.83,0.5623,0.0308,2026-06-14 05:11:41.842691,1.83,0.5623,2026-06-14 05:11:41.842691,TRUE,FALSE,0,FALSE,0.0290090000000001,2026-06-14 05:11:41.842691,-120,-120
RBC Canadian Open,round_matchups,bet365,"Theegala, Sahith","Yellamaraju, Sudarshan",round_matchups bet365 23014 29925,2,0.5129,0.0257,2026-06-14 05:11:41.842691,2,0.5129,2026-06-14 05:11:41.842691,TRUE,FALSE,0,FALSE,0.0258,2026-06-14 05:11:41.842691,+100,+100
RBC Canadian Open,round_matchups,bet365,"Skinns, David","Svensson, Jesper",round_matchups bet365 10873 26850,2.1,0.4869,0.0225,2026-06-14 05:11:41.842691,2.1,0.4869,2026-06-14 05:11:41.842691,TRUE,FALSE,0,FALSE,0.0224900000000001,2026-06-14 05:11:41.842691,+110,+110
RBC Canadian Open,round_matchups,bet365,"Homa, Max","Horschel, Billy",round_matchups bet365 17538 11276,1.83,0.5576,0.0223,2026-06-14 05:11:41.842691,1.83,0.5576,2026-06-14 05:11:41.842691,TRUE,FALSE,0,FALSE,0.020408,2026-06-14 05:11:41.842691,-120,-120
RBC Canadian Open,round_matchups,bet365,"Clanton, Luke","Stanger, Jimmy",round_matchups bet365 32330 23048,1.91,0.5354,0.0221,2026-06-14 05:11:41.842691,1.91,0.5354,2026-06-14 05:11:41.842691,TRUE,FALSE,0,FALSE,0.0226139999999999,2026-06-14 05:11:41.842691,-110,-110
RBC Canadian Open,3_balls,fanduel,"Moore, Taylor","Anderson, Matthew / Matthews, Justin","3_balls fanduel 21944 26617,32259",1.95,0.5226,0.0204,2026-06-14 05:11:41.842691,1.95,0.5226,2026-06-14 05:11:41.842691,TRUE,FALSE,0,FALSE,0.0190699999999999,2026-06-14 05:11:41.842691,-105,-105
RBC Canadian Open,round_matchups,fanduel,"Hossler, Beau","Grillo, Emiliano",round_matchups fanduel 15470 12808,2,0.5378,0.0755,2026-06-14 11:27:43.743654,2,0.5378,2026-06-14 11:27:43.743654,TRUE,FALSE,0,FALSE,0.0755999999999999,2026-06-14 11:27:43.743654,+100,+100
RBC Canadian Open,3_balls,fanduel,"Cauley, Bud","Clark, Wyndham / Suber, Jackson","3_balls fanduel 14502 23604,29279",2.8,0.3691,0.0334,2026-06-14 11:27:43.743654,2.8,0.3691,2026-06-14 11:27:43.743654,TRUE,FALSE,0,FALSE,0.03348,2026-06-14 11:27:43.743654,+180,+180
U.S. Open,tournament_matchups,caesars,"Kim, Si Woo","Rose, Justin",tournament_matchups caesars 14609 6093,1.74,0.6144,0.0696,2026-06-15 18:14:30.161827,1.56,0.6202,2026-06-18 11:07:53.756948,TRUE,FALSE,0.115384615384615,TRUE,0.079148,2026-06-18 11:07:53.756948,-135,-179
U.S. Open,tournament_matchups,bet365,"Fitzpatrick, Matt","DeChambeau, Bryson",tournament_matchups bet365 17646 19841,1.75,0.6028,0.0526,2026-06-15 18:14:30.161827,1.62,0.6008,2026-06-18 11:07:53.756948,TRUE,FALSE,0.0802469135802468,TRUE,0.0514000000000001,2026-06-18 11:07:53.756948,-133,-161
U.S. Open,tournament_matchups,caesars,"Schauffele, Xander","Young, Cameron",tournament_matchups caesars 19895 26651,1.87,0.5612,0.0493,2026-06-15 18:14:30.161827,1.77,0.5535,2026-06-18 11:07:53.756948,TRUE,FALSE,0.0564971751412431,TRUE,0.035045,2026-06-18 11:07:53.756948,-115,-130
U.S. Open,tournament_matchups,caesars,"Fitzpatrick, Matt","Rahm, Jon",tournament_matchups caesars 17646 19195,2.1,0.4979,0.0456,2026-06-15 18:14:30.161827,1.87,0.4987,2026-06-18 11:07:53.756948,TRUE,FALSE,0.122994652406417,TRUE,0.0472699999999999,2026-06-18 11:07:53.756948,+110,-115
U.S. Open,tournament_matchups,caesars,"Cantlay, Patrick","Matsuyama, Hideki",tournament_matchups caesars 15466 13562,1.8,0.5762,0.0372,2026-06-15 18:14:30.161827,1.65,0.5739,2026-06-18 11:07:53.756948,TRUE,FALSE,0.090909090909091,TRUE,0.0330200000000001,2026-06-18 11:07:53.756948,-125,-154
U.S. Open,tournament_matchups,betmgm,"Burns, Sam","Thomas, Justin",tournament_matchups betmgm 19483 14139,1.9,0.5388,0.0237,2026-06-15 18:14:30.161827,1.8,0.548,2026-06-18 11:07:53.756948,TRUE,FALSE,0.0555555555555556,TRUE,0.0412000000000001,2026-06-18 11:07:53.756948,-111,-125
U.S. Open,tournament_matchups,bet365,"Henley, Russell","Aberg, Ludvig",tournament_matchups bet365 14578 23950,2.2,0.4637,0.0201,2026-06-16 02:12:28.958894,2.1,0.4561,2026-06-18 11:07:53.756948,TRUE,FALSE,0.0476190476190477,TRUE,0.0034200000000002,2026-06-18 11:07:53.756948,+120,+110
U.S. Open,tournament_matchups,betmgm,"Fowler, Rickie","Smith, Cameron",tournament_matchups betmgm 12965 15856,1.95,0.5423,0.0575,2026-06-16 12:50:02.859766,1.95,0.5416,2026-06-18 11:07:53.756948,TRUE,FALSE,0,FALSE,0.05612,2026-06-18 11:07:53.756948,-105,-105
U.S. Open,tournament_matchups,fanduel,"Kim, Si Woo","Rose, Justin",tournament_matchups fanduel 14609 6093,1.67,0.6144,0.024,2026-06-16 12:50:02.859766,1.62,0.6202,2026-06-18 11:07:53.756948,TRUE,FALSE,0.0308641975308641,TRUE,0.0357339999999999,2026-06-18 11:07:53.756948,-149,-161
U.S. Open,3_balls,fanduel,"Kimsey, Nathan","Dossey, Cooper / Herrington, Jackson","3_balls fanduel 18027 29347,35015",2.45,0.4359,0.068,2026-06-16 18:00:32.963898,2.45,0.4359,2026-06-16 18:00:32.963898,TRUE,FALSE,0,FALSE,0.0679550000000002,2026-06-18 11:07:53.756948,+145,+145
U.S. Open,3_balls,fanduel,"Dossey, Cooper","Kimsey, Nathan / Herrington, Jackson","3_balls fanduel 29347 18027,35015",2.45,0.4277,0.0479,2026-06-16 18:00:32.963898,2.45,0.4277,2026-06-16 18:00:32.963898,TRUE,FALSE,0,FALSE,0.0478650000000001,2026-06-18 11:07:53.756948,+145,+145
U.S. Open,3_balls,fanduel,"Mitchell, Keith","McDowell, Graeme / Rodgers, Patrick","3_balls fanduel 17365 16283,7548",2.25,0.465,0.0462,2026-06-16 18:00:32.963898,2.1,0.467,2026-06-18 11:07:53.756948,TRUE,FALSE,0.0714285714285714,TRUE,0.0507500000000001,2026-06-18 11:07:53.756948,+125,+110
U.S. Open,3_balls,fanduel,"Lee, Min Woo","Ortiz, Carlos / Bhatia, Akshay","3_balls fanduel 16841 14735,26096",2.35,0.4427,0.0403,2026-06-16 18:00:32.963898,2.15,0.4456,2026-06-18 11:07:53.756948,TRUE,FALSE,0.0930232558139537,TRUE,0.0471600000000001,2026-06-18 11:07:53.756948,+135,+115
U.S. Open,tournament_matchups,caesars,"Griffin, Ben","Smalley, Alex",tournament_matchups caesars 24968 18474,1.83,0.5637,0.0335,2026-06-16 18:00:32.963898,1.77,0.5614,2026-06-18 11:07:53.756948,TRUE,FALSE,0.0338983050847459,TRUE,0.0273620000000001,2026-06-18 11:07:53.756948,-120,-130
U.S. Open,round_matchups,fanduel,"MacIntyre, Robert","Rose, Justin",round_matchups fanduel 23323 6093,2,0.5138,0.0277,2026-06-16 18:00:32.963898,2,0.516,2026-06-18 11:07:53.756948,TRUE,FALSE,0,FALSE,0.032,2026-06-18 11:07:53.756948,+100,+100
U.S. Open,3_balls,fanduel,"Yellamaraju, Sudarshan","Norgaard, Niklas / Repetto Taylor, Rocco Paolo","3_balls fanduel 29925 15676,31235",2,0.5134,0.0269,2026-06-16 18:00:32.963898,1.95,0.5097,2026-06-18 11:07:53.756948,TRUE,FALSE,0.0256410256410258,TRUE,0.0194000000000001,2026-06-18 11:07:53.756948,+100,-105
U.S. Open,tournament_matchups,draftkings,"Fitzpatrick, Matt","Clark, Wyndham",tournament_matchups draftkings 17646 23604,1.57,0.6548,0.0268,2026-06-16 18:00:32.963898,1.57,0.6559,2026-06-18 11:07:53.756948,TRUE,FALSE,0,FALSE,0.0297630000000002,2026-06-18 11:07:53.756948,-175,-175
U.S. Open,tournament_matchups,draftkings,"Fleetwood, Tommy","Young, Cameron",tournament_matchups draftkings 12294 26651,1.88,0.5469,0.0267,2026-06-16 18:00:32.963898,1.87,0.5463,2026-06-18 11:07:53.756948,TRUE,FALSE,0.0053475935828875,TRUE,0.0270439999999998,2026-06-18 11:07:53.756948,-114,-115
U.S. Open,3_balls,caesars,"Dossey, Cooper","Kimsey, Nathan / Herrington, Jackson","3_balls caesars 29347 18027,35015",2.4,0.4277,0.0265,2026-06-16 18:00:32.963898,2.4,0.4277,2026-06-16 21:13:42.999979,TRUE,FALSE,0,FALSE,0.0264800000000001,2026-06-18 11:07:53.756948,+140,+140
U.S. Open,tournament_matchups,caesars,"Kim, Tom","Im, Sungjae",tournament_matchups caesars 24766 17488,2,0.5121,0.0242,2026-06-16 18:00:32.963898,2,0.5202,2026-06-18 11:07:53.756948,TRUE,FALSE,0,FALSE,0.0404,2026-06-18 11:07:53.756948,+100,+100
U.S. Open,3_balls,caesars,"Coussaud, Ugo","Saddier, Adrien / Van Paris, Jackson","3_balls caesars 20727 14792,31955",2.7,0.3787,0.0226,2026-06-16 18:00:32.963898,2.7,0.3787,2026-06-16 21:13:42.999979,TRUE,FALSE,0,FALSE,0.0224900000000001,2026-06-18 11:07:53.756948,+170,+170
U.S. Open,tournament_matchups,fanduel,"MacIntyre, Robert","Niemann, Joaquin",tournament_matchups fanduel 23323 18079,1.9,0.5382,0.0225,2026-06-16 18:00:32.963898,1.73,0.5423,2026-06-18 11:07:53.756948,TRUE,FALSE,0.0982658959537572,TRUE,0.03037,2026-06-18 11:07:53.756948,-111,-137
U.S. Open,round_matchups,fanduel,"Henley, Russell","DeChambeau, Bryson",round_matchups fanduel 14578 19841,1.9,0.5378,0.0219,2026-06-16 18:00:32.963898,1.8,0.5385,2026-06-18 11:07:53.756948,TRUE,FALSE,0.0555555555555556,TRUE,0.02315,2026-06-18 11:07:53.756948,-111,-125
U.S. Open,tournament_matchups,draftkings,"MacIntyre, Robert","Rose, Justin",tournament_matchups draftkings 23323 6093,1.95,0.5234,0.0218,2026-06-16 18:00:32.963898,1.98,0.5269,2026-06-18 11:07:53.756948,TRUE,FALSE,-0.0151515151515151,FALSE,0.027455,2026-06-18 11:07:53.756948,-105,-102
U.S. Open,3_balls,fanduel,"Spaun, J.J.","Scheffler, Scottie / Howell, Mason","3_balls fanduel 17536 18417,33759",3.1,0.3291,0.0202,2026-06-16 18:00:32.963898,2.9,0.3287,2026-06-18 11:07:53.756948,TRUE,FALSE,0.0689655172413795,TRUE,0.0189699999999999,2026-06-18 11:07:53.756948,+210,+190
U.S. Open,tournament_matchups,fanduel,"DeChambeau, Bryson","Koepka, Brooks",tournament_matchups fanduel 19841 16243,2,0.5188,0.0375,2026-06-16 21:13:42.999979,1.8,0.5226,2026-06-18 11:07:53.756948,TRUE,FALSE,0.111111111111111,TRUE,0.0451999999999999,2026-06-18 11:07:53.756948,+100,-125
U.S. Open,tournament_matchups,caesars,"MacIntyre, Robert","Niemann, Joaquin",tournament_matchups caesars 23323 18079,1.91,0.5382,0.0274,2026-06-16 22:58:28.933547,1.74,0.5423,2026-06-18 11:07:53.756948,TRUE,FALSE,0.0977011494252873,TRUE,0.035793,2026-06-18 11:07:53.756948,-110,-135
U.S. Open,tournament_matchups,draftkings,"Bradley, Keegan","Smith, Cameron",tournament_matchups draftkings 13872 15856,1.83,0.5585,0.0239,2026-06-17 05:21:08.755772,1.87,0.5604,2026-06-18 11:07:53.756948,TRUE,FALSE,-0.0213903743315508,FALSE,0.0255320000000001,2026-06-18 11:07:53.756948,-120,-115
U.S. Open,tournament_matchups,fanduel,"Morikawa, Collin","Hatton, Tyrrell",tournament_matchups fanduel 22085 14796,1.91,0.5356,0.0225,2026-06-17 05:21:08.755772,1.91,0.5437,2026-06-18 11:07:53.756948,TRUE,FALSE,0,FALSE,0.0384669999999998,2026-06-18 11:07:53.756948,-110,-110
U.S. Open,3_balls,bet365,"Schaper, Jayden","Suber, Jackson / Fang, Ethan","3_balls bet365 26991 29279,34025",2.37,0.4483,0.0625,2026-06-17 14:05:50.649022,2.2,0.445,2026-06-18 11:07:53.756948,TRUE,FALSE,0.0772727272727272,TRUE,0.0546500000000001,2026-06-18 11:07:53.756948,+137,+120
U.S. Open,3_balls,bet365,"Dossey, Cooper","Kimsey, Nathan / Herrington, Jackson","3_balls bet365 29347 18027,35015",2.4,0.4277,0.0265,2026-06-17 14:05:50.649022,2.37,0.4284,2026-06-18 11:07:53.756948,TRUE,FALSE,0.0126582278481011,TRUE,0.02816,2026-06-18 11:07:53.756948,+140,+137
U.S. Open,3_balls,bet365,"Puebla, Giuseppe","Kim, T.K. / Fleming, Marek","3_balls bet365 33280 18349,30042928",2.05,0.5311,0.0887,2026-06-17 19:52:29.847415,1.87,0.5311,2026-06-18 11:07:53.756948,TRUE,FALSE,0.0962566844919786,TRUE,0.0887549999999999,2026-06-18 11:07:53.756948,+105,-115
U.S. Open,3_balls,bet365,"Pulcini, Mateo","Hidalgo Portillo, Angel / Tibbits, Spencer","3_balls bet365 35013 24127,26650",3.75,0.2864,0.0741,2026-06-17 19:52:29.847415,3.75,0.2864,2026-06-18 11:07:53.756948,TRUE,FALSE,0,FALSE,0.0739999999999998,2026-06-18 11:07:53.756948,+275,+275
U.S. Open,3_balls,bet365,"Hammer, Cole","Hardy, Nick / Schoenberger, Jack","3_balls bet365 19864 19865,30039809",2.2,0.4844,0.0657,2026-06-17 19:52:29.847415,2,0.4844,2026-06-18 11:07:53.756948,TRUE,FALSE,0.1,TRUE,0.0656800000000002,2026-06-18 11:07:53.756948,+120,+100
U.S. Open,3_balls,bet365,"Shah, Manav","Sollon, Jake / Robles, Matt","3_balls bet365 21901 30039992,30528",3.1,0.3395,0.0524,2026-06-17 19:52:29.847415,3.1,0.3395,2026-06-18 11:07:53.756948,TRUE,FALSE,0,FALSE,0.0524500000000001,2026-06-18 11:07:53.756948,+210,+210
U.S. Open,3_balls,bet365,"Yellamaraju, Sudarshan","Norgaard, Niklas / Repetto Taylor, Rocco Paolo","3_balls bet365 29925 15676,31235",2.05,0.5097,0.0448,2026-06-17 19:52:29.847415,2.05,0.5097,2026-06-18 11:07:53.756948,TRUE,FALSE,0,FALSE,0.0448850000000001,2026-06-18 11:07:53.756948,+105,+105
U.S. Open,3_balls,bet365,"Koivun, Jackson","Kim, Michael / Theegala, Sahith","3_balls bet365 32319 17543,23014",3,0.3473,0.0418,2026-06-17 19:52:29.847415,3,0.3473,2026-06-18 11:07:53.756948,TRUE,FALSE,0,FALSE,0.0419000000000001,2026-06-18 11:07:53.756948,+200,+200
U.S. Open,tournament_matchups,draftkings,"Schauffele, Xander","Rahm, Jon",tournament_matchups draftkings 19895 19195,2.04,0.5034,0.027,2026-06-17 19:52:29.847415,2.08,0.5034,2026-06-18 11:07:53.756948,TRUE,FALSE,-0.0192307692307693,FALSE,0.0269359999999999,2026-06-18 11:07:53.756948,+104,+108
U.S. Open,3_balls,fanduel,"Kim, Si Woo","Hatton, Tyrrell / Burns, Sam","3_balls fanduel 14609 14796,19483",2.75,0.3717,0.0221,2026-06-17 19:52:29.847415,2.7,0.3717,2026-06-18 11:07:53.756948,TRUE,FALSE,0.0185185185185184,TRUE,0.0221749999999998,2026-06-18 11:07:53.756948,+175,+170
U.S. Open,3_balls,bet365,"Hisatsune, Ryo","Fox, Ryan / Conners, Corey","3_balls bet365 22760 11889,17576",3.1,0.3296,0.0219,2026-06-17 19:52:29.847415,3.1,0.3296,2026-06-18 11:07:53.756948,TRUE,FALSE,0,FALSE,0.02176,2026-06-18 11:07:53.756948,+210,+210
U.S. Open,tournament_matchups,caesars,"Hojgaard, Nicolai","Straka, Sepp",tournament_matchups caesars 23602 17511,1.95,0.5228,0.0206,2026-06-17 19:52:29.847415,1.95,0.5228,2026-06-18 11:07:53.756948,TRUE,FALSE,0,FALSE,0.01946,2026-06-18 11:07:53.756948,-105,-105
U.S. Open,tournament_matchups,caesars,"Spaun, J.J.","Reed, Patrick",tournament_matchups caesars 17536 14838,2.05,0.5141,0.0539,2026-06-17 23:07:04.549868,1.95,0.5141,2026-06-18 11:07:53.756948,TRUE,FALSE,0.0512820512820513,TRUE,0.0539049999999999,2026-06-18 11:07:53.756948,+105,-105
U.S. Open,tournament_matchups,caesars,"Johnson, Dustin","Smith, Cameron",tournament_matchups caesars 12422 15856,1.95,0.5234,0.0219,2026-06-17 23:07:04.549868,1.95,0.5234,2026-06-18 11:07:53.756948,TRUE,FALSE,0,FALSE,0.0206299999999999,2026-06-18 11:07:53.756948,-105,-105
U.S. Open,round_matchups,draftkings,"Burns, Sam","McIlroy, Rory",round_matchups draftkings 19483 10091,2.38,0.4327,0.0298,2026-06-18 01:45:21.791405,2.38,0.4327,2026-06-18 11:07:53.756948,TRUE,FALSE,0,FALSE,0.0298259999999999,2026-06-18 11:07:53.756948,+138,+138
U.S. Open,tournament_matchups,caesars,"Thomas, Justin","Clark, Wyndham",tournament_matchups caesars 14139 23604,2.05,0.5177,0.0612,2026-06-18 06:48:30.216406,2.05,0.5177,2026-06-18 11:07:53.756948,TRUE,FALSE,0,FALSE,0.061285,2026-06-18 11:07:53.756948,+105,+105
U.S. Open,3_balls,bet365,"Fleming, Marek","Kim, T.K. / Puebla, Giuseppe","3_balls bet365 30042928 18349,33280",3.3,0.3168,0.0454,2026-06-18 06:48:30.216406,3.3,0.3168,2026-06-18 11:07:53.756948,TRUE,FALSE,0,FALSE,0.0454399999999999,2026-06-18 11:07:53.756948,+230,+230
U.S. Open,tournament_matchups,fanduel,"Hovland, Viktor","Gotterup, Chris",tournament_matchups fanduel 18841 27774,2,0.5279,0.0557,2026-06-18 11:07:53.756948,2,0.5279,2026-06-18 11:07:53.756948,TRUE,FALSE,0,FALSE,0.0558000000000001,2026-06-18 11:07:53.756948,+100,+100
U.S. Open,tournament_matchups,fanduel,"Spaun, J.J.","Reed, Patrick",tournament_matchups fanduel 17536 14838,2,0.5141,0.0282,2026-06-18 11:07:53.756948,2,0.5141,2026-06-18 11:07:53.756948,TRUE,FALSE,0,FALSE,0.0282,2026-06-18 11:07:53.756948,+100,+100
U.S. Open,3_balls,bet365,"Cantlay, Patrick","Horschel, Billy / Poston, J.T.","3_balls bet365 15466 11276,21554",2.37,0.4617,0.0943,2026-06-19 05:28:19.005014,2.37,0.4617,2026-06-19 05:28:19.005014,TRUE,FALSE,0,FALSE,0.0942290000000001,2026-06-19 05:28:19.005014,+137,+137
U.S. Open,3_balls,bet365,"Lee, Min Woo","Ortiz, Carlos / Bhatia, Akshay","3_balls bet365 16841 14735,26096",2.5,0.4317,0.0794,2026-06-19 05:28:19.005014,2.5,0.4317,2026-06-19 05:28:19.005014,TRUE,FALSE,0,FALSE,0.07925,2026-06-19 05:28:19.005014,+150,+150
U.S. Open,3_balls,betmgm,"Schaper, Jayden","Suber, Jackson / Fang, Ethan","3_balls betmgm 26991 29279,34025",2.4,0.4424,0.0618,2026-06-19 05:28:19.005014,2.4,0.4424,2026-06-19 05:28:19.005014,TRUE,FALSE,0,FALSE,0.06176,2026-06-19 05:28:19.005014,+140,+140
U.S. Open,3_balls,bet365,"Coussaud, Ugo","Saddier, Adrien / Van Paris, Jackson","3_balls bet365 20727 14792,31955",3,0.3536,0.0609,2026-06-19 05:28:19.005014,3,0.3536,2026-06-19 05:28:19.005014,TRUE,FALSE,0,FALSE,0.0608,2026-06-19 05:28:19.005014,+200,+200
U.S. Open,3_balls,bet365,"Ormond, Jackson","Holmes, J.B. / Celli, Filippo","3_balls bet365 35389 23549,7959",5.5,0.1905,0.0479,2026-06-19 05:28:19.005014,5.5,0.1905,2026-06-19 05:28:19.005014,TRUE,FALSE,0,FALSE,0.04775,2026-06-19 05:28:19.005014,+450,+450
U.S. Open,3_balls,bet365,"Holtz, Brandon","Oiwa, Ryuichi / Wu, Dylan","3_balls bet365 35014 20761,25002",6,0.1745,0.0468,2026-06-19 05:28:19.005014,6,0.1745,2026-06-19 05:28:19.005014,TRUE,FALSE,0,FALSE,0.0469999999999999,2026-06-19 05:28:19.005014,+500,+500
U.S. Open,3_balls,bet365,"Spieth, Jordan","Rose, Justin / Rahm, Jon","3_balls bet365 14636 19195,6093",3.75,0.2788,0.0456,2026-06-19 05:28:19.005014,3.75,0.2788,2026-06-19 05:28:19.005014,TRUE,FALSE,0,FALSE,0.0454999999999999,2026-06-19 05:28:19.005014,+275,+275
U.S. Open,3_balls,bet365,"Du Plessis, Hennie","Mouw, William / Cowan, Ryder","3_balls bet365 19421 29770,30035557",3.3,0.3164,0.044,2026-06-19 05:28:19.005014,3.3,0.3164,2026-06-19 05:28:19.005014,TRUE,FALSE,0,FALSE,0.0441199999999999,2026-06-19 05:28:19.005014,+230,+230
U.S. Open,3_balls,bet365,"Lee, Eric","Uihlein, Peter / Stevens, Sam","3_balls bet365 30035245 11357,25569",4.75,0.2197,0.0437,2026-06-19 05:28:19.005014,4.75,0.2197,2026-06-19 05:28:19.005014,TRUE,FALSE,0,FALSE,0.0435750000000001,2026-06-19 05:28:19.005014,+375,+375
U.S. Open,3_balls,fanduel,"Cantlay, Patrick","Horschel, Billy / Poston, J.T.","3_balls fanduel 15466 11276,21554",2.25,0.4617,0.0389,2026-06-19 05:28:19.005014,2.25,0.4617,2026-06-19 05:28:19.005014,TRUE,FALSE,0,FALSE,0.0388250000000001,2026-06-19 05:28:19.005014,+125,+125
U.S. Open,3_balls,bet365,"Hovland, Viktor","Fitzpatrick, Matt / DeChambeau, Bryson","3_balls bet365 18841 17646,19841",3.75,0.2765,0.037,2026-06-19 05:28:19.005014,3.75,0.2765,2026-06-19 05:28:19.005014,TRUE,FALSE,0,FALSE,0.036875,2026-06-19 05:28:19.005014,+275,+275
U.S. Open,3_balls,betmgm,"Bradley, Keegan","Fowler, Rickie / Berger, Daniel","3_balls betmgm 13872 12965,17606",2.7,0.3831,0.0343,2026-06-19 05:28:19.005014,2.7,0.3831,2026-06-19 05:28:19.005014,TRUE,FALSE,0,FALSE,0.03437,2026-06-19 05:28:19.005014,+170,+170
U.S. Open,3_balls,bet365,"Hojgaard, Nicolai","Echavarria, Nico / MacIntyre, Robert","3_balls bet365 23602 22833,23323",2.9,0.3565,0.0339,2026-06-19 05:28:19.005014,2.9,0.3565,2026-06-19 05:28:19.005014,TRUE,FALSE,0,FALSE,0.0338499999999999,2026-06-19 05:28:19.005014,+190,+190
U.S. Open,round_matchups,bet365,"Morikawa, Collin","MacIntyre, Robert",round_matchups bet365 22085 23323,1.95,0.5298,0.0331,2026-06-19 05:28:19.005014,1.95,0.5298,2026-06-19 05:28:19.005014,TRUE,FALSE,0,FALSE,0.03311,2026-06-19 05:28:19.005014,-105,-105
U.S. Open,3_balls,bet365,"Russell, Miles","Harrington, Padraig / Smith, Cameron","3_balls bet365 32064 15856,5716",3.2,0.3216,0.029,2026-06-19 05:28:19.005014,3.2,0.3216,2026-06-19 05:28:19.005014,TRUE,FALSE,0,FALSE,0.02912,2026-06-19 05:28:19.005014,+220,+220
U.S. Open,3_balls,fanduel,"Thompson, Davis","Puig, David / Stout, Preston","3_balls fanduel 27364 28984,32089",2.8,0.366,0.0247,2026-06-19 05:28:19.005014,2.8,0.366,2026-06-19 05:28:19.005014,TRUE,FALSE,0,FALSE,0.0247999999999999,2026-06-19 05:28:19.005014,+180,+180
U.S. Open,3_balls,betmgm,"Thompson, Davis","Puig, David / Stout, Preston","3_balls betmgm 27364 28984,32089",2.8,0.366,0.0247,2026-06-19 05:28:19.005014,2.8,0.366,2026-06-19 05:28:19.005014,TRUE,FALSE,0,FALSE,0.0247999999999999,2026-06-19 05:28:19.005014,+180,+180
U.S. Open,3_balls,bet365,"Kitayama, Kurt","Reed, Patrick / Novak, Andrew","3_balls bet365 21891 14838,23475",2.7,0.3792,0.0239,2026-06-19 05:28:19.005014,2.7,0.3792,2026-06-19 05:28:19.005014,TRUE,FALSE,0,FALSE,0.0238400000000001,2026-06-19 05:28:19.005014,+170,+170
U.S. Open,3_balls,betmgm,"Mitchell, Keith","McDowell, Graeme / Rodgers, Patrick","3_balls betmgm 17365 16283,7548",2.1,0.4866,0.0219,2026-06-19 05:28:19.005014,2.1,0.4866,2026-06-19 05:28:19.005014,TRUE,FALSE,0,FALSE,0.02186,2026-06-19 05:28:19.005014,+110,+110
U.S. Open,3_balls,fanduel,"Stanger, Jimmy","Yuan, Carl / Wu, Brandon","3_balls fanduel 23048 17266,25213",2.45,0.4168,0.021,2026-06-19 05:28:19.005014,2.45,0.4168,2026-06-19 05:28:19.005014,TRUE,FALSE,0,FALSE,0.0211600000000001,2026-06-19 05:28:19.005014,+145,+145
U.S. Open,round_matchups,draftkings,"Bridgeman, Jacob","Smith, Cameron",round_matchups draftkings 29433 15856,1.79,0.569,0.0206,2026-06-19 05:28:19.005014,1.79,0.569,2026-06-19 05:28:19.005014,TRUE,FALSE,0,FALSE,0.01851,2026-06-19 05:28:19.005014,-127,-127
U.S. Open,3_balls,draftkings,"Schaper, Jayden","Suber, Jackson / Fang, Ethan","3_balls draftkings 26991 29279,34025",2.42,0.4424,0.0707,2026-06-19 13:52:16.43517,2.42,0.4424,2026-06-19 13:52:16.43517,TRUE,FALSE,0,FALSE,0.070608,2026-06-19 13:52:16.43517,+142,+142
U.S. Open,3_balls,draftkings,"Mitchell, Keith","McDowell, Graeme / Rodgers, Patrick","3_balls draftkings 17365 16283,7548",2.15,0.4866,0.0463,2026-06-19 13:52:16.43517,2.15,0.4866,2026-06-19 13:52:16.43517,TRUE,FALSE,0,FALSE,0.04619,2026-06-19 13:52:16.43517,+115,+115
U.S. Open,3_balls,draftkings,"Kim, Si Woo","Hatton, Tyrrell / Burns, Sam","3_balls draftkings 14609 14796,19483",3.05,0.3399,0.0366,2026-06-19 13:52:16.43517,3.05,0.3399,2026-06-19 13:52:16.43517,TRUE,FALSE,0,FALSE,0.0366949999999999,2026-06-19 13:52:16.43517,+205,+205
U.S. Open,3_balls,draftkings,"Bradley, Keegan","Fowler, Rickie / Berger, Daniel","3_balls draftkings 13872 12965,17606",2.7,0.3831,0.0343,2026-06-19 13:52:16.43517,2.7,0.3831,2026-06-19 13:52:16.43517,TRUE,FALSE,0,FALSE,0.03437,2026-06-19 13:52:16.43517,+170,+170
U.S. Open,round_matchups,bet365,"Dumont De Chassart, Adrien","Tibbits, Spencer",round_matchups bet365 22002 26650,1.76,0.6801,0.197,2026-06-20 02:51:28.359796,1.76,0.6801,2026-06-20 02:51:28.359796,TRUE,FALSE,0,FALSE,0.196976,2026-06-20 02:51:28.359796,-132,-132
U.S. Open,round_matchups,bet365,"MacIntyre, Robert","Fleming, Marek",round_matchups bet365 23323 30042928,1.47,0.7816,0.1489,2026-06-20 02:51:28.359796,1.47,0.7816,2026-06-20 02:51:28.359796,TRUE,FALSE,0,FALSE,0.148952,2026-06-20 02:51:28.359796,-213,-213
U.S. Open,round_matchups,draftkings,"McNealy, Maverick","McIlroy, Rory",round_matchups draftkings 18634 10091,2.64,0.4162,0.0986,2026-06-20 02:51:28.359796,2.64,0.4162,2026-06-20 02:51:28.359796,TRUE,FALSE,0,FALSE,0.0987680000000002,2026-06-20 02:51:28.359796,+164,+164
U.S. Open,round_matchups,draftkings,"Harman, Brian","Scheffler, Scottie",round_matchups draftkings 8825 18417,3.6,0.3014,0.085,2026-06-20 02:51:28.359796,3.6,0.3014,2026-06-20 02:51:28.359796,TRUE,FALSE,0,FALSE,0.08504,2026-06-20 02:51:28.359796,+260,+260
U.S. Open,round_matchups,bet365,"Fitzpatrick, Alex","Norgaard, Niklas",round_matchups bet365 25362 15676,1.7,0.6333,0.0766,2026-06-20 02:51:28.359796,1.7,0.6333,2026-06-20 02:51:28.359796,TRUE,FALSE,0,FALSE,0.0766099999999998,2026-06-20 02:51:28.359796,-143,-143
U.S. Open,round_matchups,bet365,"Kitayama, Kurt","Hatton, Tyrrell",round_matchups bet365 21891 14796,2.25,0.4718,0.0615,2026-06-20 02:51:28.359796,2.25,0.4718,2026-06-20 02:51:28.359796,TRUE,FALSE,0,FALSE,0.06155,2026-06-20 02:51:28.359796,+125,+125
U.S. Open,round_matchups,draftkings,"Greyserman, Max","Coody, Pierceson",round_matchups draftkings 23465 28309,1.98,0.5304,0.0504,2026-06-20 02:51:28.359796,1.98,0.5304,2026-06-20 02:51:28.359796,TRUE,FALSE,0,FALSE,0.050192,2026-06-20 02:51:28.359796,-102,-102
U.S. Open,round_matchups,draftkings,"Higgs, Harry","Thomas, Justin",round_matchups draftkings 14140 14139,3.45,0.3012,0.039,2026-06-20 02:51:28.359796,3.45,0.3012,2026-06-20 02:51:28.359796,TRUE,FALSE,0,FALSE,0.0391400000000002,2026-06-20 02:51:28.359796,+245,+245
U.S. Open,round_matchups,draftkings,"Brennan, Michael","Fox, Ryan",round_matchups draftkings 29197 11889,2.06,0.5027,0.0356,2026-06-20 02:51:28.359796,2.06,0.5027,2026-06-20 02:51:28.359796,TRUE,FALSE,0,FALSE,0.0355620000000001,2026-06-20 02:51:28.359796,+106,+106
U.S. Open,round_matchups,draftkings,"Kitayama, Kurt","Hatton, Tyrrell",round_matchups draftkings 21891 14796,1.98,0.5226,0.035,2026-06-20 02:51:28.359796,1.98,0.5226,2026-06-20 02:51:28.359796,TRUE,FALSE,0,FALSE,0.034748,2026-06-20 02:51:28.359796,-102,-102
U.S. Open,round_matchups,bet365,"Surratt, Caleb","Uihlein, Peter",round_matchups bet365 30463 11357,2,0.5166,0.0332,2026-06-20 02:51:28.359796,2,0.5166,2026-06-20 02:51:28.359796,TRUE,FALSE,0,FALSE,0.0331999999999999,2026-06-20 02:51:28.359796,+100,+100
U.S. Open,round_matchups,bet365,"Schauffele, Xander","Fitzpatrick, Matt",round_matchups bet365 19895 17646,2,0.5142,0.0283,2026-06-20 02:51:28.359796,2,0.5142,2026-06-20 02:51:28.359796,TRUE,FALSE,0,FALSE,0.0284,2026-06-20 02:51:28.359796,+100,+100
U.S. Open,round_matchups,bet365,"James, Ben","Van Paris, Jackson",round_matchups bet365 29827 31955,1.72,0.5949,0.0232,2026-06-20 02:51:28.359796,1.72,0.5949,2026-06-20 02:51:28.359796,TRUE,FALSE,0,FALSE,0.023228,2026-06-20 02:51:28.359796,-139,-139
U.S. Open,round_matchups,draftkings,"Rai, Aaron","Conners, Corey",round_matchups draftkings 18554 17576,1.85,0.5535,0.0225,2026-06-20 02:51:28.359796,1.85,0.5535,2026-06-20 02:51:28.359796,TRUE,FALSE,0,FALSE,0.0239750000000001,2026-06-20 02:51:28.359796,-118,-118
U.S. Open,round_matchups,bet365,"McGreevy, Max","Blair, Zac",round_matchups bet365 23505 17639,2,0.5105,0.021,2026-06-20 02:51:28.359796,2,0.5105,2026-06-20 02:51:28.359796,TRUE,FALSE,0,FALSE,0.0209999999999999,2026-06-20 02:51:28.359796,+100,+100
U.S. Open,round_matchups,betmgm,"Harman, Brian","Scheffler, Scottie",round_matchups betmgm 8825 18417,3.7,0.3014,0.1152,2026-06-20 06:58:45.890183,3.7,0.3014,2026-06-20 06:58:45.890183,TRUE,FALSE,0,FALSE,0.11518,2026-06-20 06:58:45.890183,+270,+270
U.S. Open,round_matchups,betmgm,"Greyserman, Max","Coody, Pierceson",round_matchups betmgm 23465 28309,2,0.5304,0.0608,2026-06-20 06:58:45.890183,2,0.5304,2026-06-20 06:58:45.890183,TRUE,FALSE,0,FALSE,0.0608,2026-06-20 06:58:45.890183,+100,+100
U.S. Open,round_matchups,bet365,"Bradley, Keegan","Poston, J.T.",round_matchups bet365 13872 21554,1.91,0.5465,0.0432,2026-06-20 06:58:45.890183,1.91,0.5465,2026-06-20 06:58:45.890183,TRUE,FALSE,0,FALSE,0.0438149999999999,2026-06-20 06:58:45.890183,-110,-110
U.S. Open,round_matchups,caesars,"MacIntyre, Robert","Fleming, Marek",round_matchups caesars 23323 30042928,1.25,0.8321,0.0401,2026-06-20 06:58:45.890183,1.25,0.8321,2026-06-20 06:58:45.890183,TRUE,FALSE,0,FALSE,0.040125,2026-06-20 06:58:45.890183,-400,-400
U.S. Open,round_matchups,bet365,"Henley, Russell","Young, Cameron",round_matchups bet365 14578 26651,2.05,0.5051,0.0355,2026-06-20 06:58:45.890183,2.05,0.5051,2026-06-20 06:58:45.890183,TRUE,FALSE,0,FALSE,0.0354549999999998,2026-06-20 06:58:45.890183,+105,+105
U.S. Open,round_matchups,betmgm,"Brennan, Michael","Fox, Ryan",round_matchups betmgm 29197 11889,2.05,0.5027,0.0306,2026-06-20 06:58:45.890183,2.05,0.5027,2026-06-20 06:58:45.890183,TRUE,FALSE,0,FALSE,0.030535,2026-06-20 06:58:45.890183,+105,+105
U.S. Open,round_matchups,bet365,"Mouw, William","Higgs, Harry",round_matchups bet365 29770 14140,1.74,0.5914,0.0295,2026-06-20 06:58:45.890183,1.74,0.5914,2026-06-20 06:58:45.890183,TRUE,FALSE,0,FALSE,0.0290360000000001,2026-06-20 06:58:45.890183,-135,-135
U.S. Open,round_matchups,betmgm,"Griffin, Ben","Poston, J.T.",round_matchups betmgm 24968 21554,1.83,0.56,0.0248,2026-06-20 06:58:45.890183,1.83,0.56,2026-06-20 06:58:45.890183,TRUE,FALSE,0,FALSE,0.0248000000000002,2026-06-20 06:58:45.890183,-120,-120
U.S. Open,round_matchups,caesars,"Kitayama, Kurt","Hatton, Tyrrell",round_matchups caesars 21891 14796,1.95,0.5226,0.0204,2026-06-20 06:58:45.890183,1.95,0.5226,2026-06-20 06:58:45.890183,TRUE,FALSE,0,FALSE,0.0190699999999999,2026-06-20 06:58:45.890183,-105,-105
U.S. Open,round_matchups,betmgm,"Kitayama, Kurt","Hatton, Tyrrell",round_matchups betmgm 21891 14796,2.05,0.5226,0.0714,2026-06-20 12:12:02.178973,2.05,0.5226,2026-06-20 12:12:02.178973,TRUE,FALSE,0,FALSE,0.0713299999999999,2026-06-20 12:12:02.178973,+105,+105
U.S. Open,round_matchups,betmgm,"Surratt, Caleb","Uihlein, Peter",round_matchups betmgm 30463 11357,1.8,0.5696,0.0253,2026-06-20 12:12:02.178973,1.8,0.5696,2026-06-20 12:12:02.178973,TRUE,FALSE,0,FALSE,0.02528,2026-06-20 12:12:02.178973,-125,-125
U.S. Open,round_matchups,betmgm,"McGreevy, Max","Blair, Zac",round_matchups betmgm 23505 17639,1.8,0.5684,0.0232,2026-06-20 12:12:02.178973,1.8,0.5684,2026-06-20 12:12:02.178973,TRUE,FALSE,0,FALSE,0.02312,2026-06-20 12:12:02.178973,-125,-125
U.S. Open,round_matchups,betmgm,"Spieth, Jordan","Niemann, Joaquin",round_matchups betmgm 14636 18079,1.95,0.5329,0.0391,2026-06-20 14:34:21.323959,1.95,0.5329,2026-06-20 14:34:21.323959,TRUE,FALSE,0,FALSE,0.0391550000000001,2026-06-20 14:34:21.323959,-105,-105
U.S. Open,round_matchups,caesars,"Higgs, Harry","Thomas, Justin",round_matchups caesars 14140 14139,3.4,0.3012,0.0239,2026-06-20 14:34:21.323959,3.4,0.3012,2026-06-20 14:34:21.323959,TRUE,FALSE,0,FALSE,0.0240800000000001,2026-06-20 14:34:21.323959,+240,+240
U.S. Open,round_matchups,draftkings,"Clark, Wyndham","Fitzpatrick, Matt",round_matchups draftkings 23604 17646,2.22,0.461,0.0234,2026-06-20 14:34:21.323959,2.22,0.461,2026-06-20 14:34:21.323959,TRUE,FALSE,0,FALSE,0.0234200000000002,2026-06-20 14:34:21.323959,+122,+122
U.S. Open,round_matchups,draftkings,"Bhatia, Akshay","McIlroy, Rory",round_matchups draftkings 26096 10091,2.92,0.3836,0.12,2026-06-21 02:03:27.197938,2.92,0.3836,2026-06-21 02:03:27.197938,TRUE,FALSE,0,FALSE,0.120112,2026-06-21 02:03:27.197938,+192,+192
U.S. Open,round_matchups,draftkings,"Clark, Wyndham","Scheffler, Scottie",round_matchups draftkings 23604 18417,3.4,0.3244,0.103,2026-06-21 02:03:27.197938,3.4,0.3244,2026-06-21 02:03:27.197938,TRUE,FALSE,0,FALSE,0.10296,2026-06-21 02:03:27.197938,+240,+240
U.S. Open,round_matchups,draftkings,"Griffin, Ben","Hatton, Tyrrell",round_matchups draftkings 24968 14796,2.02,0.5224,0.0552,2026-06-21 02:03:27.197938,2.02,0.5224,2026-06-21 02:03:27.197938,TRUE,FALSE,0,FALSE,0.055248,2026-06-21 02:03:27.197938,+102,+102
U.S. Open,round_matchups,draftkings,"Bridgeman, Jacob","Fleming, Marek",round_matchups draftkings 29433 30042928,1.3,0.8097,0.055,2026-06-21 02:03:27.197938,1.3,0.8097,2026-06-21 02:03:27.197938,TRUE,FALSE,0,FALSE,0.0526100000000001,2026-06-21 02:03:27.197938,-333,-333
U.S. Open,round_matchups,draftkings,"Bradley, Keegan","Conners, Corey",round_matchups draftkings 13872 17576,1.93,0.5373,0.0348,2026-06-21 02:03:27.197938,1.93,0.5373,2026-06-21 02:03:27.197938,TRUE,FALSE,0,FALSE,0.0369889999999999,2026-06-21 02:03:27.197938,-108,-108
U.S. Open,round_matchups,betmgm,"Henley, Russell","Uihlein, Peter",round_matchups betmgm 14578 11357,1.35,0.7631,0.0301,2026-06-21 02:03:27.197938,1.35,0.7631,2026-06-21 02:03:27.197938,TRUE,FALSE,0,FALSE,0.0301850000000001,2026-06-21 02:03:27.197938,-286,-286
U.S. Open,round_matchups,draftkings,"Henley, Russell","Uihlein, Peter",round_matchups draftkings 14578 11357,1.34,0.7631,0.0217,2026-06-21 02:03:27.197938,1.34,0.7631,2026-06-21 02:03:27.197938,TRUE,FALSE,0,FALSE,0.022554,2026-06-21 02:03:27.197938,-294,-294
U.S. Open,round_matchups,bet365,"Van Paris, Jackson","Tibbits, Spencer",round_matchups bet365 31955 26650,1.83,0.6135,0.1247,2026-06-21 07:12:09.470586,1.83,0.6135,2026-06-21 07:12:09.470586,TRUE,FALSE,0,FALSE,0.122705,2026-06-21 07:12:09.470586,-120,-120
U.S. Open,round_matchups,bet365,"Bridgeman, Jacob","Fleming, Marek",round_matchups bet365 29433 30042928,1.48,0.7574,0.118,2026-06-21 07:12:09.470586,1.48,0.7574,2026-06-21 07:12:09.470586,TRUE,FALSE,0,FALSE,0.120952,2026-06-21 07:12:09.470586,-208,-208
U.S. Open,round_matchups,betmgm,"Bhatia, Akshay","McIlroy, Rory",round_matchups betmgm 26096 10091,2.8,0.3836,0.074,2026-06-21 07:12:09.470586,2.8,0.3836,2026-06-21 07:12:09.470586,TRUE,FALSE,0,FALSE,0.0740799999999999,2026-06-21 07:12:09.470586,+180,+180
U.S. Open,round_matchups,betmgm,"Griffin, Ben","Hatton, Tyrrell",round_matchups betmgm 24968 14796,2.05,0.5224,0.0709,2026-06-21 07:12:09.470586,2.05,0.5224,2026-06-21 07:12:09.470586,TRUE,FALSE,0,FALSE,0.0709199999999999,2026-06-21 07:12:09.470586,+105,+105
U.S. Open,round_matchups,betmgm,"Clark, Wyndham","Scheffler, Scottie",round_matchups betmgm 23604 18417,3.25,0.3244,0.0543,2026-06-21 07:12:09.470586,3.25,0.3244,2026-06-21 07:12:09.470586,TRUE,FALSE,0,FALSE,0.0543,2026-06-21 07:12:09.470586,+225,+225
U.S. Open,round_matchups,bet365,"Fitzpatrick, Alex","Conners, Corey",round_matchups bet365 25362 17576,1.9,0.5528,0.0503,2026-06-21 07:12:09.470586,1.9,0.5528,2026-06-21 07:12:09.470586,TRUE,FALSE,0,FALSE,0.0503199999999999,2026-06-21 07:12:09.470586,-111,-111
U.S. Open,round_matchups,caesars,"Canter, Laurie","Thomas, Justin",round_matchups caesars 14795 14139,3,0.35,0.0501,2026-06-21 07:12:09.470586,3,0.35,2026-06-21 07:12:09.470586,TRUE,FALSE,0,FALSE,0.0499999999999998,2026-06-21 07:12:09.470586,+200,+200
U.S. Open,round_matchups,betmgm,"Bradley, Keegan","Conners, Corey",round_matchups betmgm 13872 17576,1.95,0.5373,0.0477,2026-06-21 07:12:09.470586,1.95,0.5373,2026-06-21 07:12:09.470586,TRUE,FALSE,0,FALSE,0.0477350000000001,2026-06-21 07:12:09.470586,-105,-105
U.S. Open,round_matchups,bet365,"Bradley, Keegan","Mitchell, Keith",round_matchups bet365 13872 17365,1.9,0.5513,0.0474,2026-06-21 07:12:09.470586,1.9,0.5513,2026-06-21 07:12:09.470586,TRUE,FALSE,0,FALSE,0.0474699999999999,2026-06-21 07:12:09.470586,-111,-111
U.S. Open,round_matchups,bet365,"Kim, Michael","Blair, Zac",round_matchups bet365 17543 17639,1.74,0.5962,0.0374,2026-06-21 07:12:09.470586,1.74,0.5962,2026-06-21 07:12:09.470586,TRUE,FALSE,0,FALSE,0.037388,2026-06-21 07:12:09.470586,-135,-135
U.S. Open,round_matchups,bet365,"Henley, Russell","Uihlein, Peter",round_matchups bet365 14578 11357,1.48,0.7018,0.036,2026-06-21 07:12:09.470586,1.48,0.7018,2026-06-21 07:12:09.470586,TRUE,FALSE,0,FALSE,0.038664,2026-06-21 07:12:09.470586,-208,-208
U.S. Open,round_matchups,bet365,"Griffin, Ben","Hatton, Tyrrell",round_matchups bet365 24968 14796,2.2,0.4705,0.0352,2026-06-21 07:12:09.470586,2.2,0.4705,2026-06-21 07:12:09.470586,TRUE,FALSE,0,FALSE,0.0351000000000001,2026-06-21 07:12:09.470586,+120,+120
U.S. Open,round_matchups,bet365,"Fox, Ryan","Hidalgo Portillo, Angel",round_matchups bet365 11889 24127,1.72,0.5993,0.0336,2026-06-21 07:12:09.470586,1.72,0.5993,2026-06-21 07:12:09.470586,TRUE,FALSE,0,FALSE,0.030796,2026-06-21 07:12:09.470586,-139,-139
U.S. Open,round_matchups,bet365,"Mouw, William","Norgaard, Niklas",round_matchups bet365 29770 15676,1.91,0.5406,0.032,2026-06-21 07:12:09.470586,1.91,0.5406,2026-06-21 07:12:09.470586,TRUE,FALSE,0,FALSE,0.032546,2026-06-21 07:12:09.470586,-110,-110
U.S. Open,round_matchups,bet365,"Morikawa, Collin","Clark, Wyndham",round_matchups bet365 22085 23604,1.86,0.5526,0.0278,2026-06-21 07:12:09.470586,1.86,0.5526,2026-06-21 07:12:09.470586,TRUE,FALSE,0,FALSE,0.027836,2026-06-21 07:12:09.470586,-116,-116
U.S. Open,round_matchups,bet365,"Rai, Aaron","Im, Sungjae",round_matchups bet365 18554 17488,1.8,0.5681,0.0226,2026-06-21 07:12:09.470586,1.8,0.5681,2026-06-21 07:12:09.470586,TRUE,FALSE,0,FALSE,0.02258,2026-06-21 07:12:09.470586,-125,-125
U.S. Open,round_matchups,caesars,"Fitzpatrick, Matt","Morikawa, Collin",round_matchups caesars 17646 22085,1.95,0.5339,0.0424,2026-06-21 10:49:36.55496,1.95,0.5339,2026-06-21 10:49:36.55496,TRUE,FALSE,0,FALSE,0.0411049999999999,2026-06-21 10:49:36.55496,-105,-105
U.S. Open,round_matchups,bet365,"Bhatia, Akshay","McIlroy, Rory",round_matchups bet365 26096 10091,3.1,0.3481,0.079,2026-06-21 13:03:56.433877,3.1,0.3481,2026-06-21 13:03:56.433877,TRUE,FALSE,0,FALSE,0.07911,2026-06-21 13:03:56.433877,+210,+210
Travelers Championship,tournament_matchups,fanduel,"Poston, J.T.","Hojgaard, Nicolai",tournament_matchups fanduel 21554 23602,1.73,0.623,0.0761,2026-06-22 22:25:43.688215,1.67,0.6077,2026-06-25 08:53:45.803732,TRUE,FALSE,0.0359281437125749,TRUE,0.051321,2026-06-25 13:39:26.636919,-137,-149
Travelers Championship,tournament_matchups,fanduel,"Henley, Russell","McNealy, Maverick",tournament_matchups fanduel 14578 18634,1.73,0.6067,0.0479,2026-06-22 22:25:43.688215,1.53,0.6078,2026-06-25 08:53:45.803732,TRUE,FALSE,0.130718954248366,TRUE,0.0514939999999999,2026-06-25 13:39:26.636919,-137,-189
Travelers Championship,tournament_matchups,caesars,"Gerard, Ryan","Matsuyama, Hideki",tournament_matchups caesars 29767 13562,1.91,0.5486,0.0474,2026-06-22 22:25:43.688215,1.69,0.5488,2026-06-25 13:39:26.636919,TRUE,FALSE,0.130177514792899,TRUE,0.0482079999999998,2026-06-25 13:39:26.636919,-110,-145
Travelers Championship,tournament_matchups,fanduel,"Aberg, Ludvig","Clark, Wyndham",tournament_matchups fanduel 23950 23604,1.73,0.6057,0.0462,2026-06-22 22:25:43.688215,1.62,0.6213,2026-06-25 08:53:45.803732,TRUE,FALSE,0.0679012345679011,TRUE,0.0748489999999999,2026-06-25 13:39:26.636919,-137,-161
Travelers Championship,tournament_matchups,fanduel,"Gerard, Ryan","Matsuyama, Hideki",tournament_matchups fanduel 29767 13562,1.9,0.5486,0.0424,2026-06-22 22:25:43.688215,1.8,0.5488,2026-06-25 08:53:45.803732,TRUE,FALSE,0.0555555555555556,TRUE,0.0427199999999999,2026-06-25 13:39:26.636919,-111,-125
Travelers Championship,tournament_matchups,caesars,"Kitayama, Kurt","Gotterup, Chris",tournament_matchups caesars 21891 27774,1.95,0.531,0.0368,2026-06-22 22:25:43.688215,1.69,0.5415,2026-06-25 13:39:26.636919,TRUE,FALSE,0.153846153846154,TRUE,0.055925,2026-06-25 13:39:26.636919,-105,-145
Travelers Championship,tournament_matchups,fanduel,"Rai, Aaron","Bhatia, Akshay",tournament_matchups fanduel 18554 26096,1.67,0.6192,0.032,2026-06-22 22:25:43.688215,1.53,0.633,2026-06-25 08:53:45.803732,TRUE,FALSE,0.0915032679738561,TRUE,0.05711,2026-06-25 13:39:26.636919,-149,-189
Travelers Championship,tournament_matchups,bet365,"Cantlay, Patrick","McNealy, Maverick",tournament_matchups bet365 15466 18634,1.8,0.573,0.0315,2026-06-22 22:25:43.688215,1.7,0.5754,2026-06-25 13:39:26.636919,TRUE,FALSE,0.0588235294117647,TRUE,0.03572,2026-06-25 13:39:26.636919,-125,-143
Travelers Championship,tournament_matchups,betmgm,"Lee, Min Woo","Harman, Brian",tournament_matchups betmgm 16841 8825,2,0.5152,0.0305,2026-06-22 22:25:43.688215,2,0.5231,2026-06-25 13:39:26.636919,TRUE,FALSE,0,FALSE,0.0462,2026-06-25 13:39:26.636919,+100,+100
Travelers Championship,tournament_matchups,fanduel,"Lee, Min Woo","Knapp, Jake",tournament_matchups fanduel 16841 19396,1.73,0.593,0.0243,2026-06-22 22:25:43.688215,1.67,0.594,2026-06-25 08:53:45.803732,TRUE,FALSE,0.0359281437125749,TRUE,0.02762,2026-06-25 13:39:26.636919,-137,-149
Travelers Championship,tournament_matchups,draftkings,"Spaun, J.J.","Clark, Wyndham",tournament_matchups draftkings 17536 23604,1.94,0.5354,0.0405,2026-06-23 20:25:50.450596,1.94,0.5354,2026-06-25 13:39:26.636919,TRUE,FALSE,0,FALSE,0.0386759999999999,2026-06-25 13:39:26.636919,-106,-106
Travelers Championship,tournament_matchups,caesars,"Bhatia, Akshay","Rai, Aaron",tournament_matchups caesars 26096 18554,2.8,0.367,0.0276,2026-06-23 20:25:50.450596,2.7,0.367,2026-06-25 13:39:26.636919,TRUE,FALSE,0.037037037037037,TRUE,0.0275999999999998,2026-06-25 13:39:26.636919,+180,+170
Travelers Championship,tournament_matchups,draftkings,"Cauley, Bud","Theegala, Sahith",tournament_matchups draftkings 14502 23014,1.78,0.5765,0.0269,2026-06-23 20:25:50.450596,1.78,0.5765,2026-06-25 13:39:26.636919,TRUE,FALSE,0,FALSE,0.02617,2026-06-25 13:39:26.636919,-128,-128
Travelers Championship,tournament_matchups,draftkings,"Kim, Si Woo","Burns, Sam",tournament_matchups draftkings 14609 19483,1.83,0.5582,0.0233,2026-06-23 20:25:50.450596,1.83,0.5582,2026-06-25 13:39:26.636919,TRUE,FALSE,0,FALSE,0.021506,2026-06-25 13:39:26.636919,-120,-120
Travelers Championship,tournament_matchups,betmgm,"Thomas, Justin","Clark, Wyndham",tournament_matchups betmgm 14139 23604,1.85,0.5514,0.0201,2026-06-23 20:25:50.450596,1.85,0.5514,2026-06-25 13:39:26.636919,TRUE,FALSE,0,FALSE,0.0200899999999999,2026-06-25 13:39:26.636919,-118,-118
Travelers Championship,tournament_matchups,fanduel,"Woodland, Gary","Theegala, Sahith",tournament_matchups fanduel 12577 23014,1.9,0.5561,0.0565,2026-06-23 22:02:37.922929,1.8,0.5561,2026-06-25 08:53:45.803732,TRUE,FALSE,0.0555555555555556,TRUE,0.0565899999999999,2026-06-25 13:39:26.636919,-111,-125
Travelers Championship,tournament_matchups,caesars,"Hojgaard, Nicolai","Poston, J.T.",tournament_matchups caesars 23602 21554,2.65,0.3923,0.0395,2026-06-23 22:02:37.922929,2.3,0.3923,2026-06-25 13:39:26.636919,TRUE,FALSE,0.152173913043478,TRUE,0.0395949999999998,2026-06-25 13:39:26.636919,+165,+130
Travelers Championship,tournament_matchups,fanduel,"Kitayama, Kurt","Gotterup, Chris",tournament_matchups fanduel 21891 27774,1.91,0.5415,0.0337,2026-06-23 22:02:37.922929,1.8,0.5415,2026-06-25 08:53:45.803732,TRUE,FALSE,0.0611111111111111,TRUE,0.034265,2026-06-25 13:39:26.636919,-110,-125
Travelers Championship,round_matchups,betmgm,"McCarty, Matt","Fox, Ryan",round_matchups betmgm 28635 11889,2.15,0.4812,0.0346,2026-06-24 14:17:29.449727,2.15,0.4812,2026-06-25 13:39:26.636919,TRUE,FALSE,0,FALSE,0.0345800000000001,2026-06-25 13:39:26.636919,+115,+115
Travelers Championship,round_matchups,betmgm,"Hisatsune, Ryo","Mitchell, Keith",round_matchups betmgm 22760 17365,2.15,0.4787,0.0291,2026-06-24 14:17:29.449727,2.1,0.4787,2026-06-25 13:39:26.636919,TRUE,FALSE,0.0238095238095237,TRUE,0.0292049999999999,2026-06-25 13:39:26.636919,+115,+110
Travelers Championship,round_matchups,fanduel,"Kim, Si Woo","McCarthy, Denny",round_matchups fanduel 14609 19870,1.5,0.6837,0.0255,2026-06-24 14:17:29.449727,1.5,0.6837,2026-06-25 13:39:26.636919,TRUE,FALSE,0,FALSE,0.02555,2026-06-25 13:39:26.636919,-200,-200
Travelers Championship,tournament_matchups,fanduel,"Schauffele, Xander","Scheffler, Scottie",tournament_matchups fanduel 19895 18417,3.25,0.3352,0.0893,2026-06-24 20:22:10.432918,2.88,0.3352,2026-06-25 08:53:45.803732,TRUE,FALSE,0.128472222222222,TRUE,0.0893999999999999,2026-06-25 13:39:26.636919,+225,+188
Travelers Championship,tournament_matchups,caesars,"Schauffele, Xander","Scheffler, Scottie",tournament_matchups caesars 19895 18417,3.05,0.3352,0.0223,2026-06-24 20:22:10.432918,2.9,0.3352,2026-06-25 13:39:26.636919,TRUE,FALSE,0.0517241379310345,TRUE,0.0223599999999999,2026-06-25 13:39:26.636919,+205,+190
Travelers Championship,round_matchups,caesars,"Kim, Si Woo","McCarthy, Denny",round_matchups caesars 14609 19870,1.5,0.6837,0.0255,2026-06-24 21:58:24.921348,1.5,0.6837,2026-06-25 13:39:26.636919,TRUE,FALSE,0,FALSE,0.02555,2026-06-25 13:39:26.636919,-200,-200
Travelers Championship,tournament_matchups,caesars,"Rose, Justin","Harman, Brian",tournament_matchups caesars 6093 8825,2.05,0.5034,0.0319,2026-06-25 11:37:14.249542,2.05,0.5034,2026-06-25 13:39:26.636919,TRUE,FALSE,0,FALSE,0.0319699999999998,2026-06-25 13:39:26.636919,+105,+105
Travelers Championship,tournament_matchups,caesars,"Kim, Si Woo","Cantlay, Patrick",tournament_matchups caesars 14609 15466,1.95,0.5254,0.0258,2026-06-25 11:37:14.249542,1.95,0.5254,2026-06-25 13:39:26.636919,TRUE,FALSE,0,FALSE,0.0245299999999999,2026-06-25 13:39:26.636919,-105,-105
Travelers Championship,round_matchups,draftkings,"Gerard, Ryan","Knapp, Jake",round_matchups draftkings 29767 19396,1.88,0.5707,0.0713,2026-06-25 23:48:05.582736,1.88,0.5707,2026-06-25 23:48:05.582736,TRUE,FALSE,0,FALSE,0.072916,2026-06-25 23:48:05.582736,-114,-114
Travelers Championship,round_matchups,bet365,"Scott, Adam","Bhatia, Akshay",round_matchups bet365 6430 26096,2.3,0.4558,0.0483,2026-06-25 23:48:05.582736,2.3,0.4558,2026-06-25 23:48:05.582736,TRUE,FALSE,0,FALSE,0.0483399999999998,2026-06-25 23:48:05.582736,+130,+130
Travelers Championship,round_matchups,betmgm,"Spaun, J.J.","Gotterup, Chris",round_matchups betmgm 17536 27774,1.85,0.5649,0.0451,2026-06-25 23:48:05.582736,1.85,0.5649,2026-06-25 23:48:05.582736,TRUE,FALSE,0,FALSE,0.0450649999999999,2026-06-25 23:48:05.582736,-118,-118
Travelers Championship,round_matchups,betmgm,"Gerard, Ryan","Knapp, Jake",round_matchups betmgm 29767 19396,1.83,0.5707,0.0443,2026-06-25 23:48:05.582736,1.83,0.5707,2026-06-25 23:48:05.582736,TRUE,FALSE,0,FALSE,0.044381,2026-06-25 23:48:05.582736,-120,-120
Travelers Championship,round_matchups,draftkings,"Spaun, J.J.","Gotterup, Chris",round_matchups draftkings 17536 27774,1.85,0.5649,0.0436,2026-06-25 23:48:05.582736,1.85,0.5649,2026-06-25 23:48:05.582736,TRUE,FALSE,0,FALSE,0.0450649999999999,2026-06-25 23:48:05.582736,-118,-118
Travelers Championship,round_matchups,betmgm,"Im, Sungjae","Bridgeman, Jacob",round_matchups betmgm 17488 29433,2.1,0.4957,0.0409,2026-06-25 23:48:05.582736,2.1,0.4957,2026-06-25 23:48:05.582736,TRUE,FALSE,0,FALSE,0.04097,2026-06-25 23:48:05.582736,+110,+110
Travelers Championship,round_matchups,betmgm,"Echavarria, Nico","Matsuyama, Hideki",round_matchups betmgm 22833 13562,2.3,0.4499,0.0348,2026-06-25 23:48:05.582736,2.3,0.4499,2026-06-25 23:48:05.582736,TRUE,FALSE,0,FALSE,0.03477,2026-06-25 23:48:05.582736,+130,+130
Travelers Championship,round_matchups,bet365,"Kim, Si Woo","McCarthy, Denny",round_matchups bet365 14609 19870,1.7,0.6086,0.0346,2026-06-25 23:48:05.582736,1.7,0.6086,2026-06-25 23:48:05.582736,TRUE,FALSE,0,FALSE,0.0346200000000001,2026-06-25 23:48:05.582736,-143,-143
Travelers Championship,round_matchups,fanduel,"English, Harris","Straka, Sepp",round_matchups fanduel 14577 17511,1.8,0.5729,0.0312,2026-06-25 23:48:05.582736,1.8,0.5729,2026-06-25 23:48:05.582736,TRUE,FALSE,0,FALSE,0.03122,2026-06-25 23:48:05.582736,-125,-125
Travelers Championship,round_matchups,betmgm,"Cauley, Bud","Hovland, Viktor",round_matchups betmgm 14502 18841,2.1,0.489,0.0268,2026-06-25 23:48:05.582736,2.1,0.489,2026-06-25 23:48:05.582736,TRUE,FALSE,0,FALSE,0.0268999999999999,2026-06-25 23:48:05.582736,+110,+110
Travelers Championship,round_matchups,draftkings,"Henley, Russell","Young, Cameron",round_matchups draftkings 14578 26651,1.98,0.5184,0.0266,2026-06-25 23:48:05.582736,1.98,0.5184,2026-06-25 23:48:05.582736,TRUE,FALSE,0,FALSE,0.026432,2026-06-25 23:48:05.582736,-102,-102
Travelers Championship,round_matchups,betmgm,"Lee, Min Woo","Hojgaard, Nicolai",round_matchups betmgm 16841 23602,1.75,0.586,0.0255,2026-06-25 23:48:05.582736,1.75,0.586,2026-06-25 23:48:05.582736,TRUE,FALSE,0,FALSE,0.0254999999999999,2026-06-25 23:48:05.582736,-133,-133
Travelers Championship,round_matchups,draftkings,"McCarty, Matt","Fox, Ryan",round_matchups draftkings 28635 11889,2,0.5106,0.0211,2026-06-25 23:48:05.582736,2,0.5106,2026-06-25 23:48:05.582736,TRUE,FALSE,0,FALSE,0.0212000000000001,2026-06-25 23:48:05.582736,+100,+100
Travelers Championship,round_matchups,draftkings,"English, Harris","Straka, Sepp",round_matchups draftkings 14577 17511,1.78,0.5729,0.0204,2026-06-25 23:48:05.582736,1.78,0.5729,2026-06-25 23:48:05.582736,TRUE,FALSE,0,FALSE,0.0197620000000001,2026-06-25 23:48:05.582736,-128,-128
Travelers Championship,round_matchups,betmgm,"Snedeker, Brandt","Hall, Harry",round_matchups betmgm 8820 27194,2.15,0.4745,0.0201,2026-06-25 23:48:05.582736,2.15,0.4745,2026-06-25 23:48:05.582736,TRUE,FALSE,0,FALSE,0.0201749999999998,2026-06-25 23:48:05.582736,+115,+115
Travelers Championship,round_matchups,bet365,"Kitayama, Kurt","Mitchell, Keith",round_matchups bet365 21891 17365,1.95,0.5468,0.0663,2026-06-26 02:50:56.939461,1.95,0.5468,2026-06-26 02:50:56.939461,TRUE,FALSE,0,FALSE,0.06626,2026-06-26 02:50:56.939461,-105,-105
Travelers Championship,round_matchups,bet365,"Fleetwood, Tommy","Scheffler, Scottie",round_matchups bet365 12294 18417,2.6,0.4017,0.0445,2026-06-26 02:50:56.939461,2.6,0.4017,2026-06-26 02:50:56.939461,TRUE,FALSE,0,FALSE,0.0444200000000001,2026-06-26 02:50:56.939461,+160,+160
Travelers Championship,round_matchups,bet365,"Rai, Aaron","Griffin, Ben",round_matchups bet365 18554 24968,1.9,0.5428,0.0313,2026-06-26 02:50:56.939461,1.9,0.5428,2026-06-26 02:50:56.939461,TRUE,FALSE,0,FALSE,0.0313199999999998,2026-06-26 02:50:56.939461,-111,-111
Travelers Championship,round_matchups,bet365,"Morikawa, Collin","Thomas, Justin",round_matchups bet365 22085 14139,2,0.5103,0.0206,2026-06-26 02:50:56.939461,2,0.5103,2026-06-26 02:50:56.939461,TRUE,FALSE,0,FALSE,0.0206,2026-06-26 02:50:56.939461,+100,+100
Travelers Championship,round_matchups,bet365,"Pendrith, Taylor","Bhatia, Akshay",round_matchups bet365 17780 26096,2.4,0.4446,0.0671,2026-06-26 06:51:35.579504,2.4,0.4446,2026-06-26 06:51:35.579504,TRUE,FALSE,0,FALSE,0.06704,2026-06-26 06:51:35.579504,+140,+140
Travelers Championship,round_matchups,bet365,"Matsuyama, Hideki","Reitan, Kristoffer",round_matchups bet365 13562 21407,2.15,0.4878,0.0488,2026-06-26 06:51:35.579504,2.15,0.4878,2026-06-26 06:51:35.579504,TRUE,FALSE,0,FALSE,0.04877,2026-06-26 06:51:35.579504,+115,+115
Travelers Championship,round_matchups,bet365,"Woodland, Gary","Harman, Brian",round_matchups bet365 12577 8825,2.2,0.4746,0.044,2026-06-26 06:51:35.579504,2.2,0.4746,2026-06-26 06:51:35.579504,TRUE,FALSE,0,FALSE,0.0441200000000002,2026-06-26 06:51:35.579504,+120,+120
Travelers Championship,round_matchups,bet365,"Henley, Russell","Cantlay, Patrick",round_matchups bet365 14578 15466,2.1,0.4941,0.0375,2026-06-26 06:51:35.579504,2.1,0.4941,2026-06-26 06:51:35.579504,TRUE,FALSE,0,FALSE,0.0376099999999999,2026-06-26 06:51:35.579504,+110,+110
Travelers Championship,round_matchups,bet365,"Lee, Min Woo","Theegala, Sahith",round_matchups bet365 16841 23014,2.15,0.5024,0.0801,2026-06-27 01:31:54.922173,2.15,0.5024,2026-06-27 01:31:54.922173,TRUE,FALSE,0,FALSE,0.0801599999999998,2026-06-27 01:31:54.922173,+115,+115
Travelers Championship,round_matchups,fanduel,"Harman, Brian","Schauffele, Xander",round_matchups fanduel 8825 19895,2.5,0.4302,0.0756,2026-06-27 01:31:54.922173,2.5,0.4302,2026-06-27 01:31:54.922173,TRUE,FALSE,0,FALSE,0.0755000000000001,2026-06-27 01:31:54.922173,+150,+150
Travelers Championship,round_matchups,draftkings,"Glover, Lucas","Straka, Sepp",round_matchups draftkings 7399 17511,2.4,0.4419,0.0606,2026-06-27 01:31:54.922173,2.4,0.4419,2026-06-27 01:31:54.922173,TRUE,FALSE,0,FALSE,0.06056,2026-06-27 01:31:54.922173,+140,+140
Travelers Championship,round_matchups,draftkings,"Morikawa, Collin","Gotterup, Chris",round_matchups draftkings 22085 27774,1.78,0.5794,0.0321,2026-06-27 01:31:54.922173,1.78,0.5794,2026-06-27 01:31:54.922173,TRUE,FALSE,0,FALSE,0.0313320000000001,2026-06-27 01:31:54.922173,-128,-128
Travelers Championship,round_matchups,fanduel,"Snedeker, Brandt","Poston, J.T.",round_matchups fanduel 8820 21554,2.62,0.3926,0.0306,2026-06-27 01:31:54.922173,2.62,0.3926,2026-06-27 01:31:54.922173,TRUE,FALSE,0,FALSE,0.0286120000000001,2026-06-27 01:31:54.922173,+162,+162
Travelers Championship,round_matchups,draftkings,"Fitzpatrick, Alex","Suber, Jackson",round_matchups draftkings 25362 29279,1.66,0.6196,0.0273,2026-06-27 01:31:54.922173,1.66,0.6196,2026-06-27 01:31:54.922173,TRUE,FALSE,0,FALSE,0.0285360000000001,2026-06-27 01:31:54.922173,-152,-152
Travelers Championship,round_matchups,draftkings,"McNealy, Maverick","Rose, Justin",round_matchups draftkings 18634 6093,1.93,0.5323,0.0252,2026-06-27 01:31:54.922173,1.93,0.5323,2026-06-27 01:31:54.922173,TRUE,FALSE,0,FALSE,0.027339,2026-06-27 01:31:54.922173,-108,-108
Travelers Championship,round_matchups,betmgm,"Hovland, Viktor","Scheffler, Scottie",round_matchups betmgm 18841 18417,2.9,0.3532,0.0243,2026-06-27 01:31:54.922173,2.9,0.3532,2026-06-27 01:31:54.922173,TRUE,FALSE,0,FALSE,0.0242800000000001,2026-06-27 01:31:54.922173,+190,+190
Travelers Championship,round_matchups,draftkings,"Harman, Brian","Schauffele, Xander",round_matchups draftkings 8825 19895,2.38,0.4302,0.024,2026-06-27 01:31:54.922173,2.38,0.4302,2026-06-27 01:31:54.922173,TRUE,FALSE,0,FALSE,0.023876,2026-06-27 01:31:54.922173,+138,+138
Travelers Championship,round_matchups,bet365,"Henley, Russell","Finau, Tony",round_matchups bet365 14578 11676,1.75,0.5829,0.02,2026-06-27 01:31:54.922173,1.75,0.5829,2026-06-27 01:31:54.922173,TRUE,FALSE,0,FALSE,0.0200749999999998,2026-06-27 01:31:54.922173,-133,-133
Travelers Championship,round_matchups,betmgm,"Scott, Adam","Knapp, Jake",round_matchups betmgm 6430 19396,1.95,0.5373,0.0478,2026-06-27 05:35:47.402478,1.95,0.5373,2026-06-27 05:35:47.402478,TRUE,FALSE,0,FALSE,0.0477350000000001,2026-06-27 05:35:47.402478,-105,-105
Travelers Championship,round_matchups,betmgm,"Henley, Russell","Finau, Tony",round_matchups betmgm 14578 11676,1.61,0.6486,0.0442,2026-06-27 05:35:47.402478,1.61,0.6486,2026-06-27 05:35:47.402478,TRUE,FALSE,0,FALSE,0.044246,2026-06-27 05:35:47.402478,-164,-164
Travelers Championship,round_matchups,bet365,"Cantlay, Patrick","Clark, Wyndham",round_matchups bet365 15466 23604,1.9,0.5421,0.03,2026-06-27 05:35:47.402478,1.9,0.5421,2026-06-27 05:35:47.402478,TRUE,FALSE,0,FALSE,0.02999,2026-06-27 05:35:47.402478,-111,-111
Travelers Championship,round_matchups,bet365,"Rai, Aaron","Matsuyama, Hideki",round_matchups bet365 18554 13562,1.8,0.5709,0.0276,2026-06-27 05:35:47.402478,1.8,0.5709,2026-06-27 05:35:47.402478,TRUE,FALSE,0,FALSE,0.02762,2026-06-27 05:35:47.402478,-125,-125
Travelers Championship,round_matchups,betmgm,"Morikawa, Collin","Gotterup, Chris",round_matchups betmgm 22085 27774,1.77,0.5794,0.0256,2026-06-27 05:35:47.402478,1.77,0.5794,2026-06-27 05:35:47.402478,TRUE,FALSE,0,FALSE,0.0255380000000001,2026-06-27 05:35:47.402478,-130,-130
Travelers Championship,round_matchups,bet365,"Fitzpatrick, Alex","MacIntyre, Robert",round_matchups bet365 25362 23323,1.83,0.5598,0.0245,2026-06-27 05:35:47.402478,1.83,0.5598,2026-06-27 05:35:47.402478,TRUE,FALSE,0,FALSE,0.0244340000000001,2026-06-27 05:35:47.402478,-120,-120
Travelers Championship,round_matchups,bet365,"Cauley, Bud","Cole, Eric",round_matchups bet365 14502 21756,1.83,0.5579,0.021,2026-06-27 05:35:47.402478,1.83,0.5579,2026-06-27 05:35:47.402478,TRUE,FALSE,0,FALSE,0.0209569999999999,2026-06-27 05:35:47.402478,-120,-120
Travelers Championship,round_matchups,betmgm,"Im, Sungjae","Pendrith, Taylor",round_matchups betmgm 17488 17780,1.9,0.5464,0.0382,2026-06-27 08:13:08.824874,1.9,0.5464,2026-06-27 08:13:08.824874,TRUE,FALSE,0,FALSE,0.03816,2026-06-27 08:13:08.824874,-111,-111
Travelers Championship,round_matchups,betmgm,"Cantlay, Patrick","Fleetwood, Tommy",round_matchups betmgm 15466 12294,2.15,0.4787,0.0291,2026-06-27 08:13:08.824874,2.15,0.4787,2026-06-27 08:13:08.824874,TRUE,FALSE,0,FALSE,0.0292049999999999,2026-06-27 08:13:08.824874,+115,+115
Travelers Championship,round_matchups,draftkings,"Harman, Brian","Rose, Justin",round_matchups draftkings 8825 6093,1.98,0.5438,0.0769,2026-06-28 00:06:33.969389,1.98,0.5438,2026-06-28 00:06:33.969389,TRUE,FALSE,0,FALSE,0.0767239999999998,2026-06-28 00:06:33.969389,-102,-102
Travelers Championship,round_matchups,draftkings,"Lowry, Shane","Clark, Wyndham",round_matchups draftkings 13900 23604,2.1,0.5092,0.0694,2026-06-28 00:06:33.969389,2.1,0.5092,2026-06-28 00:06:33.969389,TRUE,FALSE,0,FALSE,0.0693200000000001,2026-06-28 00:06:33.969389,+110,+110
Travelers Championship,round_matchups,fanduel,"Lowry, Shane","Clark, Wyndham",round_matchups fanduel 13900 23604,2.1,0.5092,0.0694,2026-06-28 00:06:33.969389,2.1,0.5092,2026-06-28 00:06:33.969389,TRUE,FALSE,0,FALSE,0.0693200000000001,2026-06-28 00:06:33.969389,+110,+110
Travelers Championship,round_matchups,caesars,"Hovland, Viktor","Scheffler, Scottie",round_matchups caesars 18841 18417,3,0.3518,0.0555,2026-06-28 00:06:33.969389,3,0.3518,2026-06-28 00:06:33.969389,TRUE,FALSE,0,FALSE,0.0554000000000001,2026-06-28 00:06:33.969389,+200,+200
Travelers Championship,round_matchups,caesars,"Lowry, Shane","Clark, Wyndham",round_matchups caesars 13900 23604,2.05,0.5092,0.0439,2026-06-28 00:06:33.969389,2.05,0.5092,2026-06-28 00:06:33.969389,TRUE,FALSE,0,FALSE,0.0438599999999998,2026-06-28 00:06:33.969389,+105,+105
Travelers Championship,round_matchups,draftkings,"Glover, Lucas","Hubbard, Mark",round_matchups draftkings 7399 16333,1.94,0.534,0.0377,2026-06-28 00:06:33.969389,1.94,0.534,2026-06-28 00:06:33.969389,TRUE,FALSE,0,FALSE,0.03596,2026-06-28 00:06:33.969389,-106,-106
Travelers Championship,round_matchups,draftkings,"Gerard, Ryan","Vegas, Jhonattan",round_matchups draftkings 29767 13508,1.57,0.6614,0.0373,2026-06-28 00:06:33.969389,1.57,0.6614,2026-06-28 00:06:33.969389,TRUE,FALSE,0,FALSE,0.0383979999999999,2026-06-28 00:06:33.969389,-175,-175
Travelers Championship,round_matchups,caesars,"Finau, Tony","Schauffele, Xander",round_matchups caesars 11676 19895,3,0.3457,0.0372,2026-06-28 00:06:33.969389,3,0.3457,2026-06-28 00:06:33.969389,TRUE,FALSE,0,FALSE,0.0371000000000001,2026-06-28 00:06:33.969389,+200,+200
Travelers Championship,round_matchups,fanduel,"Rai, Aaron","Im, Sungjae",round_matchups fanduel 18554 17488,1.73,0.5999,0.0362,2026-06-28 00:06:33.969389,1.73,0.5999,2026-06-28 00:06:33.969389,TRUE,FALSE,0,FALSE,0.0378270000000001,2026-06-28 00:06:33.969389,-137,-137
Travelers Championship,round_matchups,draftkings,"Rai, Aaron","Im, Sungjae",round_matchups draftkings 18554 17488,1.72,0.5999,0.0346,2026-06-28 00:06:33.969389,1.72,0.5999,2026-06-28 00:06:33.969389,TRUE,FALSE,0,FALSE,0.031828,2026-06-28 00:06:33.969389,-139,-139
Travelers Championship,round_matchups,fanduel,"Hojgaard, Nicolai","Campbell, Brian",round_matchups fanduel 23602 18628,1.62,0.6405,0.0346,2026-06-28 00:06:33.969389,1.62,0.6405,2026-06-28 00:06:33.969389,TRUE,FALSE,0,FALSE,0.0376099999999999,2026-06-28 00:06:33.969389,-161,-161
Travelers Championship,round_matchups,draftkings,"Hovland, Viktor","Scheffler, Scottie",round_matchups draftkings 18841 18417,2.94,0.3518,0.0344,2026-06-28 00:06:33.969389,2.94,0.3518,2026-06-28 00:06:33.969389,TRUE,FALSE,0,FALSE,0.034292,2026-06-28 00:06:33.969389,+194,+194
Travelers Championship,round_matchups,caesars,"Taylor, Nick","McNealy, Maverick",round_matchups caesars 13126 18634,2.3,0.4497,0.0343,2026-06-28 00:06:33.969389,2.3,0.4497,2026-06-28 00:06:33.969389,TRUE,FALSE,0,FALSE,0.0343099999999998,2026-06-28 00:06:33.969389,+130,+130
Travelers Championship,round_matchups,caesars,"Rai, Aaron","Im, Sungjae",round_matchups caesars 18554 17488,1.71,0.5999,0.0284,2026-06-28 00:06:33.969389,1.71,0.5999,2026-06-28 00:06:33.969389,TRUE,FALSE,0,FALSE,0.0258289999999999,2026-06-28 00:06:33.969389,-141,-141
Travelers Championship,round_matchups,fanduel,"Kim, Si Woo","Burns, Sam",round_matchups fanduel 14609 19483,2,0.5137,0.0274,2026-06-28 00:06:33.969389,2,0.5137,2026-06-28 00:06:33.969389,TRUE,FALSE,0,FALSE,0.0274000000000001,2026-06-28 00:06:33.969389,+100,+100
Travelers Championship,round_matchups,caesars,"Lee, Min Woo","Young, Cameron",round_matchups caesars 16841 26651,2.27,0.4509,0.0236,2026-06-28 00:06:33.969389,2.27,0.4509,2026-06-28 00:06:33.969389,TRUE,FALSE,0,FALSE,0.0235430000000001,2026-06-28 00:06:33.969389,+127,+127
Travelers Championship,round_matchups,bet365,"Fowler, Rickie","Hojgaard, Nicolai",round_matchups bet365 12965 23602,2,0.5258,0.0515,2026-06-28 04:54:53.331126,2,0.5258,2026-06-28 04:54:53.331126,TRUE,FALSE,0,FALSE,0.0516000000000001,2026-06-28 04:54:53.331126,+100,+100
Travelers Championship,round_matchups,bet365,"Kim, Si Woo","Clark, Wyndham",round_matchups bet365 14609 23604,1.83,0.5699,0.043,2026-06-28 04:54:53.331126,1.83,0.5699,2026-06-28 04:54:53.331126,TRUE,FALSE,0,FALSE,0.0429169999999999,2026-06-28 04:54:53.331126,-120,-120
Travelers Championship,round_matchups,betmgm,"Glover, Lucas","Hubbard, Mark",round_matchups betmgm 7399 16333,1.95,0.534,0.0413,2026-06-28 04:54:53.331126,1.95,0.534,2026-06-28 04:54:53.331126,TRUE,FALSE,0,FALSE,0.0413000000000001,2026-06-28 04:54:53.331126,-105,-105
Travelers Championship,round_matchups,bet365,"Snedeker, Brandt","Knapp, Jake",round_matchups bet365 8820 19396,2.6,0.3989,0.0372,2026-06-28 04:54:53.331126,2.6,0.3989,2026-06-28 04:54:53.331126,TRUE,FALSE,0,FALSE,0.03714,2026-06-28 04:54:53.331126,+160,+160
Travelers Championship,round_matchups,bet365,"Morikawa, Collin","Gotterup, Chris",round_matchups bet365 22085 27774,2,0.5185,0.0371,2026-06-28 04:54:53.331126,2,0.5185,2026-06-28 04:54:53.331126,TRUE,FALSE,0,FALSE,0.0369999999999999,2026-06-28 04:54:53.331126,+100,+100
Travelers Championship,round_matchups,bet365,"Thomas, Justin","Gotterup, Chris",round_matchups bet365 14139 27774,1.83,0.5656,0.0351,2026-06-28 04:54:53.331126,1.83,0.5656,2026-06-28 04:54:53.331126,TRUE,FALSE,0,FALSE,0.035048,2026-06-28 04:54:53.331126,-120,-120
Travelers Championship,round_matchups,bet365,"Cantlay, Patrick","Hovland, Viktor",round_matchups bet365 15466 18841,1.95,0.5304,0.0343,2026-06-28 04:54:53.331126,1.95,0.5304,2026-06-28 04:54:53.331126,TRUE,FALSE,0,FALSE,0.0342799999999999,2026-06-28 04:54:53.331126,-105,-105
Travelers Championship,round_matchups,betmgm,"Harman, Brian","Rose, Justin",round_matchups betmgm 8825 6093,1.9,0.5438,0.0332,2026-06-28 04:54:53.331126,1.9,0.5438,2026-06-28 04:54:53.331126,TRUE,FALSE,0,FALSE,0.0332199999999998,2026-06-28 04:54:53.331126,-111,-111
Travelers Championship,round_matchups,bet365,"Cauley, Bud","Hisatsune, Ryo",round_matchups bet365 14502 22760,1.9,0.5435,0.0326,2026-06-28 04:54:53.331126,1.9,0.5435,2026-06-28 04:54:53.331126,TRUE,FALSE,0,FALSE,0.0326499999999998,2026-06-28 04:54:53.331126,-111,-111
Travelers Championship,round_matchups,bet365,"McCarty, Matt","Hoge, Tom",round_matchups bet365 28635 15575,1.83,0.5636,0.0315,2026-06-28 04:54:53.331126,1.83,0.5636,2026-06-28 04:54:53.331126,TRUE,FALSE,0,FALSE,0.031388,2026-06-28 04:54:53.331126,-120,-120
Travelers Championship,round_matchups,betmgm,"Fitzpatrick, Alex","Suber, Jackson",round_matchups betmgm 25362 29279,1.67,0.6117,0.0215,2026-06-28 04:54:53.331126,1.67,0.6117,2026-06-28 04:54:53.331126,TRUE,FALSE,0,FALSE,0.021539,2026-06-28 04:54:53.331126,-149,-149
John Deere Classic,tournament_matchups,betmgm,"Bridgeman, Jacob","Kim, Tom",tournament_matchups betmgm 29433 24766,1.95,0.532,0.0374,2026-06-29 22:39:49.937936,1.95,0.5308,2026-07-02 12:06:46.82719,TRUE,FALSE,0,FALSE,0.0350600000000001,2026-07-02 12:06:46.82719,-105,-105
John Deere Classic,tournament_matchups,bet365,"Brown, Blades","Potgieter, Aldrich",tournament_matchups bet365 32152 27900,2.1,0.4924,0.0341,2026-06-29 22:39:49.937936,1.9,0.4884,2026-07-02 09:46:34.207439,TRUE,FALSE,0.105263157894737,TRUE,0.0256400000000001,2026-07-02 12:06:46.82719,+110,-111
John Deere Classic,tournament_matchups,betmgm,"Kim, Michael","Hoey, Rico",tournament_matchups betmgm 17543 23504,1.9,0.5382,0.0226,2026-06-29 22:39:49.937936,1.9,0.5462,2026-07-02 12:06:46.82719,TRUE,FALSE,0,FALSE,0.0377799999999999,2026-07-02 12:06:46.82719,-111,-111
John Deere Classic,3_balls,draftkings,"Bauchou, Zach","Lindheim, Nicholas / Goodwin, Noah","3_balls draftkings 19846 16713,24837",2.22,0.4732,0.0505,2026-06-30 22:42:44.462807,2.22,0.4748,2026-07-02 12:06:46.82719,TRUE,FALSE,0,FALSE,0.0540560000000001,2026-07-02 12:06:46.82719,+122,+122
John Deere Classic,3_balls,draftkings,"Laird, Martin","Frittelli, Dylan / Champ, Cameron","3_balls draftkings 9586 11955,23542",3.3,0.3166,0.0447,2026-06-30 22:42:44.462807,3.3,0.3134,2026-07-02 12:06:46.82719,TRUE,FALSE,0,FALSE,0.0342199999999999,2026-07-02 12:06:46.82719,+230,+230
John Deere Classic,3_balls,draftkings,"Meissner, Mac","Hadwin, Adam / Malnati, Peter","3_balls draftkings 28159 13965,14926",2.05,0.5,0.025,2026-06-30 22:42:44.462807,2.05,0.4971,2026-07-02 12:06:46.82719,TRUE,FALSE,0,FALSE,0.0190549999999998,2026-07-02 12:06:46.82719,+105,+105
John Deere Classic,3_balls,draftkings,"Kim, Chan","Ewart, A.J. / Fishburn, Patrick","3_balls draftkings 15004 21883,25094",2.86,0.3582,0.0244,2026-06-30 22:42:44.462807,2.86,0.3586,2026-07-02 12:06:46.82719,TRUE,FALSE,0,FALSE,0.025596,2026-07-02 12:06:46.82719,+186,+186
John Deere Classic,tournament_matchups,draftkings,"Bradley, Keegan","Thorbjornsen, Michael",tournament_matchups draftkings 13872 26649,1.8,0.5684,0.0232,2026-06-30 22:42:44.462807,1.8,0.5708,2026-07-02 12:06:46.82719,TRUE,FALSE,0,FALSE,0.0274399999999999,2026-07-02 12:06:46.82719,-125,-125
John Deere Classic,tournament_matchups,draftkings,"Hisatsune, Ryo","Hoey, Rico",tournament_matchups draftkings 22760 23504,1.82,0.5613,0.0214,2026-06-30 22:42:44.462807,1.82,0.5641,2026-07-02 12:06:46.82719,TRUE,FALSE,0,FALSE,0.0266620000000002,2026-07-02 12:06:46.82719,-122,-122
John Deere Classic,3_balls,draftkings,"Frittelli, Dylan","Laird, Martin / Champ, Cameron","3_balls draftkings 11955 23542,9586",2.74,0.3727,0.0211,2026-06-30 22:42:44.462807,2.74,0.3741,2026-07-02 12:06:46.82719,TRUE,FALSE,0,FALSE,0.025034,2026-07-02 12:06:46.82719,+174,+174
John Deere Classic,3_balls,fanduel,"Ghim, Doug","Van Rooyen, Erik / Whaley, Vince","3_balls fanduel 24550 17550,25908",2.25,0.4673,0.0515,2026-07-01 11:56:48.372195,2.15,0.4688,2026-07-02 12:06:46.82719,TRUE,FALSE,0.0465116279069768,TRUE,0.0548,2026-07-02 12:06:46.82719,+125,+115
John Deere Classic,3_balls,fanduel,"Laird, Martin","Frittelli, Dylan / Champ, Cameron","3_balls fanduel 9586 11955,23542",3.3,0.3166,0.0447,2026-07-01 11:56:48.372195,3.3,0.3134,2026-07-02 12:06:46.82719,TRUE,FALSE,0,FALSE,0.0342199999999999,2026-07-02 12:06:46.82719,+230,+230
John Deere Classic,3_balls,fanduel,"Kim, Chan","Ewart, A.J. / Fishburn, Patrick","3_balls fanduel 15004 21883,25094",2.9,0.3582,0.0387,2026-07-01 11:56:48.372195,3,0.3586,2026-07-02 12:06:46.82719,TRUE,FALSE,-0.0333333333333333,FALSE,0.0399399999999999,2026-07-02 12:06:46.82719,+190,+200
John Deere Classic,3_balls,fanduel,"Smotherman, Austin","Noh, S.Y. / Lipsky, David","3_balls fanduel 22985 11117,15980",2.55,0.4025,0.0265,2026-07-01 11:56:48.372195,2.55,0.4053,2026-07-02 12:06:46.82719,TRUE,FALSE,0,FALSE,0.033515,2026-07-02 12:06:46.82719,+155,+155
John Deere Classic,3_balls,fanduel,"Frittelli, Dylan","Laird, Martin / Champ, Cameron","3_balls fanduel 11955 23542,9586",2.75,0.3727,0.0249,2026-07-01 11:56:48.372195,2.75,0.3741,2026-07-02 12:06:46.82719,TRUE,FALSE,0,FALSE,0.028775,2026-07-02 12:06:46.82719,+175,+175
John Deere Classic,3_balls,draftkings,"Young, Carson","Higgs, Harry / Moore, Taylor","3_balls draftkings 23656 14140,21944",2.88,0.3546,0.0213,2026-07-01 17:01:42.819622,2.88,0.3546,2026-07-02 12:06:46.82719,TRUE,FALSE,0,FALSE,0.0212479999999999,2026-07-02 12:06:46.82719,+188,+188
John Deere Classic,tournament_matchups,caesars,"Coody, Pierceson","Kim, Tom",tournament_matchups caesars 28309 24766,2.1,0.4912,0.0315,2026-07-01 19:13:35.711615,2.1,0.4912,2026-07-02 12:06:46.82719,TRUE,FALSE,0,FALSE,0.03152,2026-07-02 12:06:46.82719,+110,+110
John Deere Classic,tournament_matchups,fanduel,"Coody, Pierceson","Kim, Tom",tournament_matchups fanduel 28309 24766,2.1,0.4912,0.0315,2026-07-02 02:45:53.607966,2.1,0.4912,2026-07-02 12:06:46.82719,TRUE,FALSE,0,FALSE,0.03152,2026-07-02 12:06:46.82719,+110,+110
John Deere Classic,3_balls,betmgm,"Kim, Chan","Ewart, A.J. / Fishburn, Patrick","3_balls betmgm 15004 21883,25094",2.88,0.3586,0.0327,2026-07-02 12:06:46.82719,2.88,0.3586,2026-07-02 12:06:46.82719,TRUE,FALSE,0,FALSE,0.0327679999999999,2026-07-02 12:06:46.82719,+188,+188
John Deere Classic,3_balls,bet365,"Martin, Ben","Grillo, Emiliano / Thorbjornsen, Michael","3_balls bet365 14007 12808,26649",7,0.1781,0.247,2026-07-03 02:29:20.703037,7,0.1781,2026-07-03 02:29:20.703037,TRUE,FALSE,0,FALSE,0.2467,2026-07-03 02:29:20.703037,+600,+600
John Deere Classic,3_balls,bet365,"Kim, Michael","Kizzire, Patton / Eckroat, Austin","3_balls bet365 17543 13470,26653",2.25,0.4799,0.0798,2026-07-03 02:29:20.703037,2.25,0.4799,2026-07-03 02:29:20.703037,TRUE,FALSE,0,FALSE,0.0797749999999999,2026-07-03 02:29:20.703037,+125,+125
John Deere Classic,3_balls,draftkings,"Glover, Lucas","Simpson, Webb / Pendrith, Taylor","3_balls draftkings 7399 11049,17780",3.05,0.3536,0.0785,2026-07-03 02:29:20.703037,3.05,0.3536,2026-07-03 02:29:20.703037,TRUE,FALSE,0,FALSE,0.0784800000000001,2026-07-03 02:29:20.703037,+205,+205
John Deere Classic,3_balls,draftkings,"Kohles, Ben","Hoge, Tom / Hardy, Nick","3_balls draftkings 16395 15575,19865",2.16,0.4984,0.0766,2026-07-03 02:29:20.703037,2.16,0.4984,2026-07-03 02:29:20.703037,TRUE,FALSE,0,FALSE,0.0765440000000002,2026-07-03 02:29:20.703037,+116,+116
John Deere Classic,3_balls,draftkings,"Johnson, Zach","Fowler, Rickie / Mitchell, Keith","3_balls draftkings 6986 12965,17365",3.95,0.2723,0.0756,2026-07-03 02:29:20.703037,3.95,0.2723,2026-07-03 02:29:20.703037,TRUE,FALSE,0,FALSE,0.075585,2026-07-03 02:29:20.703037,+295,+295
John Deere Classic,3_balls,bet365,"Howell, Mason","Suber, Jackson / Clanton, Luke","3_balls bet365 33759 29279,32330",5.5,0.1941,0.0673,2026-07-03 02:29:20.703037,5.5,0.1941,2026-07-03 02:29:20.703037,TRUE,FALSE,0,FALSE,0.06755,2026-07-03 02:29:20.703037,+450,+450
John Deere Classic,3_balls,draftkings,"Hirata, Kensei","VanDerLaan, John / Nyholm, Pontus","3_balls draftkings 20954 25319,25475",2.76,0.3823,0.0552,2026-07-03 02:29:20.703037,2.76,0.3823,2026-07-03 02:29:20.703037,TRUE,FALSE,0,FALSE,0.0551479999999998,2026-07-03 02:29:20.703037,+176,+176
John Deere Classic,3_balls,bet365,"Streb, Robert","Putnam, Andrew / Dunlap, Nick","3_balls bet365 14852 14704,28270",6.5,0.1622,0.0541,2026-07-03 02:29:20.703037,6.5,0.1622,2026-07-03 02:29:20.703037,TRUE,FALSE,0,FALSE,0.0543,2026-07-03 02:29:20.703037,+550,+550
John Deere Classic,3_balls,fanduel,"Wu, Dylan","Cook, Austin / Kanaya, Takumi","3_balls fanduel 25002 18579,19729",2.9,0.3634,0.054,2026-07-03 02:29:20.703037,2.9,0.3634,2026-07-03 02:29:20.703037,TRUE,FALSE,0,FALSE,0.05386,2026-07-03 02:29:20.703037,+190,+190
John Deere Classic,3_balls,fanduel,"Martin, Ben","Grillo, Emiliano / Thorbjornsen, Michael","3_balls fanduel 14007 12808,26649",5.9,0.1781,0.0511,2026-07-03 02:29:20.703037,5.9,0.1781,2026-07-03 02:29:20.703037,TRUE,FALSE,0,FALSE,0.0507900000000001,2026-07-03 02:29:20.703037,+490,+490
John Deere Classic,3_balls,draftkings,"Bezuidenhout, Christiaan","Olesen, Thorbjorn / Ramey, Chad","3_balls draftkings 18103 13412,19840",2.42,0.4328,0.0475,2026-07-03 02:29:20.703037,2.42,0.4328,2026-07-03 02:29:20.703037,TRUE,FALSE,0,FALSE,0.0473760000000001,2026-07-03 02:29:20.703037,+142,+142
John Deere Classic,3_balls,fanduel,"Griffin, Ben","Spieth, Jordan / Koivun, Jackson","3_balls fanduel 24968 14636,32319",2.55,0.4096,0.0446,2026-07-03 02:29:20.703037,2.55,0.4096,2026-07-03 02:29:20.703037,TRUE,FALSE,0,FALSE,0.0444800000000001,2026-07-03 02:29:20.703037,+155,+155
John Deere Classic,3_balls,draftkings,"Brennan, Michael","Jaeger, Stephan / Wise, Aaron","3_balls draftkings 29197 16394,22051",2.2,0.4746,0.0442,2026-07-03 02:29:20.703037,2.2,0.4746,2026-07-03 02:29:20.703037,TRUE,FALSE,0,FALSE,0.0441200000000002,2026-07-03 02:29:20.703037,+120,+120
John Deere Classic,3_balls,bet365,"Hossler, Beau","Brehm, Ryan / Campos, Rafael","3_balls bet365 15470 10423,12909",2.05,0.5093,0.0441,2026-07-03 02:29:20.703037,2.05,0.5093,2026-07-03 02:29:20.703037,TRUE,FALSE,0,FALSE,0.0440649999999998,2026-07-03 02:29:20.703037,+105,+105
John Deere Classic,3_balls,bet365,"Stout, Preston","Lamprecht, Christo / Brown, Blades","3_balls bet365 32089 24343,32152",2.6,0.4014,0.0437,2026-07-03 02:29:20.703037,2.6,0.4014,2026-07-03 02:29:20.703037,TRUE,FALSE,0,FALSE,0.0436399999999999,2026-07-03 02:29:20.703037,+160,+160
John Deere Classic,3_balls,fanduel,"Byrd, Jonathan","Lebioda, Hank / Yellamaraju, Sudarshan","3_balls fanduel 6931 21943,29925",4.6,0.2266,0.0425,2026-07-03 02:29:20.703037,4.6,0.2266,2026-07-03 02:29:20.703037,TRUE,FALSE,0,FALSE,0.04236,2026-07-03 02:29:20.703037,+360,+360
John Deere Classic,3_balls,fanduel,"Putnam, Andrew","Streb, Robert / Dunlap, Nick","3_balls fanduel 14704 14852,28270",2,0.5207,0.0415,2026-07-03 02:29:20.703037,2,0.5207,2026-07-03 02:29:20.703037,TRUE,FALSE,0,FALSE,0.0414000000000001,2026-07-03 02:29:20.703037,+100,+100
John Deere Classic,3_balls,bet365,"Berger, Daniel","Riley, Davis / Mouw, William","3_balls bet365 17606 19872,29770",2.37,0.4366,0.0348,2026-07-03 02:29:20.703037,2.37,0.4366,2026-07-03 02:29:20.703037,TRUE,FALSE,0,FALSE,0.0347420000000001,2026-07-03 02:29:20.703037,+137,+137
John Deere Classic,3_balls,draftkings,"Phillips, Chandler","Lower, Justin / Walker, Danny","3_balls draftkings 27164 17723,25003",2.54,0.4073,0.0346,2026-07-03 02:29:20.703037,2.54,0.4073,2026-07-03 02:29:20.703037,TRUE,FALSE,0,FALSE,0.0345420000000001,2026-07-03 02:29:20.703037,+154,+154
John Deere Classic,3_balls,draftkings,"Duncan, Tyler","List, Luke / Coody, Pierceson","3_balls draftkings 18187 28309,7960",3.45,0.2994,0.0331,2026-07-03 02:29:20.703037,3.45,0.2994,2026-07-03 02:29:20.703037,TRUE,FALSE,0,FALSE,0.0329300000000001,2026-07-03 02:29:20.703037,+245,+245
John Deere Classic,3_balls,draftkings,"Ghim, Doug","Van Rooyen, Erik / Whaley, Vince","3_balls draftkings 24550 17550,25908",2.12,0.4863,0.0309,2026-07-03 02:29:20.703037,2.12,0.4863,2026-07-03 02:29:20.703037,TRUE,FALSE,0,FALSE,0.030956,2026-07-03 02:29:20.703037,+112,+112
John Deere Classic,3_balls,draftkings,"Lipsky, David","Noh, S.Y. / Smotherman, Austin","3_balls draftkings 15980 11117,22985",3.1,0.3319,0.0287,2026-07-03 02:29:20.703037,3.1,0.3319,2026-07-03 02:29:20.703037,TRUE,FALSE,0,FALSE,0.0288899999999999,2026-07-03 02:29:20.703037,+210,+210
John Deere Classic,3_balls,fanduel,"Lipsky, David","Noh, S.Y. / Smotherman, Austin","3_balls fanduel 15980 11117,22985",3.1,0.3319,0.0287,2026-07-03 02:29:20.703037,3.1,0.3319,2026-07-03 02:29:20.703037,TRUE,FALSE,0,FALSE,0.0288899999999999,2026-07-03 02:29:20.703037,+210,+210
John Deere Classic,3_balls,draftkings,"Kanaya, Takumi","Cook, Austin / Wu, Dylan","3_balls draftkings 19729 18579,25002",2.25,0.4565,0.0272,2026-07-03 02:29:20.703037,2.25,0.4565,2026-07-03 02:29:20.703037,TRUE,FALSE,0,FALSE,0.0271250000000001,2026-07-03 02:29:20.703037,+125,+125
John Deere Classic,3_balls,fanduel,"Peterson, Paul","Skinns, David / Paul, Jeremy","3_balls fanduel 16341 10873,22087",2.7,0.3801,0.0264,2026-07-03 02:29:20.703037,2.7,0.3801,2026-07-03 02:29:20.703037,TRUE,FALSE,0,FALSE,0.02627,2026-07-03 02:29:20.703037,+170,+170
John Deere Classic,3_balls,bet365,"Gomez, Fabian","Todd, Brendon / Hubbard, Mark","3_balls bet365 8571 12425,16333",2.7,0.3801,0.0263,2026-07-03 02:29:20.703037,2.7,0.3801,2026-07-03 02:29:20.703037,TRUE,FALSE,0,FALSE,0.02627,2026-07-03 02:29:20.703037,+170,+170
John Deere Classic,3_balls,fanduel,"Berger, Daniel","Riley, Davis / Mouw, William","3_balls fanduel 17606 19872,29770",2.35,0.4366,0.0261,2026-07-03 02:29:20.703037,2.35,0.4366,2026-07-03 02:29:20.703037,TRUE,FALSE,0,FALSE,0.0260100000000001,2026-07-03 02:29:20.703037,+135,+135
John Deere Classic,3_balls,caesars,"Frittelli, Dylan","Laird, Martin / Champ, Cameron","3_balls caesars 11955 23542,9586",2.65,0.3863,0.0237,2026-07-03 02:29:20.703037,2.65,0.3863,2026-07-03 02:29:20.703037,TRUE,FALSE,0,FALSE,0.0236949999999998,2026-07-03 02:29:20.703037,+165,+165
John Deere Classic,3_balls,draftkings,"Gordon, Will","Kuchar, Matt / Vilips, Karl","3_balls draftkings 26660 24304,6169",3.55,0.2884,0.0237,2026-07-03 02:29:20.703037,3.55,0.2884,2026-07-03 02:29:20.703037,TRUE,FALSE,0,FALSE,0.02382,2026-07-03 02:29:20.703037,+255,+255
John Deere Classic,3_balls,draftkings,"Thompson, Davis","Homa, Max / Campbell, Brian","3_balls draftkings 27364 17538,18628",2.48,0.4121,0.022,2026-07-03 02:29:20.703037,2.48,0.4121,2026-07-03 02:29:20.703037,TRUE,FALSE,0,FALSE,0.022008,2026-07-03 02:29:20.703037,+148,+148
John Deere Classic,3_balls,bet365,"Dou, Zecheng","Stanger, Jimmy / Adler, Patrick","3_balls bet365 16757 23048,30033853",2,0.511,0.0219,2026-07-03 02:29:20.703037,2,0.511,2026-07-03 02:29:20.703037,TRUE,FALSE,0,FALSE,0.022,2026-07-03 02:29:20.703037,+100,+100
John Deere Classic,3_balls,draftkings,"Smotherman, Austin","Noh, S.Y. / Lipsky, David","3_balls draftkings 22985 11117,15980",2.46,0.4153,0.0216,2026-07-03 02:29:20.703037,2.46,0.4153,2026-07-03 02:29:20.703037,TRUE,FALSE,0,FALSE,0.021638,2026-07-03 02:29:20.703037,+146,+146
John Deere Classic,3_balls,bet365,"Bauchou, Zach","Lindheim, Nicholas / Goodwin, Noah","3_balls bet365 19846 16713,24837",2.2,0.4643,0.0214,2026-07-03 02:29:20.703037,2.2,0.4643,2026-07-03 02:29:20.703037,TRUE,FALSE,0,FALSE,0.02146,2026-07-03 02:29:20.703037,+120,+120
John Deere Classic,3_balls,betmgm,"Glover, Lucas","Simpson, Webb / Pendrith, Taylor","3_balls betmgm 7399 11049,17780",3,0.3536,0.0608,2026-07-03 06:17:24.39219,3,0.3536,2026-07-03 06:17:24.39219,TRUE,FALSE,0,FALSE,0.0608,2026-07-03 06:17:24.39219,+200,+200
John Deere Classic,3_balls,betmgm,"Kohles, Ben","Hoge, Tom / Hardy, Nick","3_balls betmgm 16395 15575,19865",2.1,0.4984,0.0467,2026-07-03 06:17:24.39219,2.1,0.4984,2026-07-03 06:17:24.39219,TRUE,FALSE,0,FALSE,0.04664,2026-07-03 06:17:24.39219,+110,+110
John Deere Classic,3_balls,betmgm,"Frittelli, Dylan","Laird, Martin / Champ, Cameron","3_balls betmgm 11955 23542,9586",2.7,0.3863,0.043,2026-07-03 06:17:24.39219,2.7,0.3863,2026-07-03 06:17:24.39219,TRUE,FALSE,0,FALSE,0.04301,2026-07-03 06:17:24.39219,+170,+170
John Deere Classic,3_balls,betmgm,"Bezuidenhout, Christiaan","Olesen, Thorbjorn / Ramey, Chad","3_balls betmgm 18103 13412,19840",2.4,0.4328,0.0388,2026-07-03 06:17:24.39219,2.4,0.4328,2026-07-03 06:17:24.39219,TRUE,FALSE,0,FALSE,0.0387200000000001,2026-07-03 06:17:24.39219,+140,+140
John Deere Classic,3_balls,betmgm,"Thompson, Davis","Homa, Max / Campbell, Brian","3_balls betmgm 27364 17538,18628",2.5,0.4121,0.0302,2026-07-03 06:17:24.39219,2.5,0.4121,2026-07-03 06:17:24.39219,TRUE,FALSE,0,FALSE,0.0302500000000001,2026-07-03 06:17:24.39219,+150,+150
John Deere Classic,3_balls,betmgm,"Meissner, Mac","Hadwin, Adam / Malnati, Peter","3_balls betmgm 28159 13965,14926",1.95,0.5266,0.0268,2026-07-03 06:17:24.39219,1.95,0.5266,2026-07-03 06:17:24.39219,TRUE,FALSE,0,FALSE,0.02687,2026-07-03 06:17:24.39219,-105,-105
John Deere Classic,round_matchups,bet365,"Wallace, Matt","Jaeger, Stephan",round_matchups bet365 20706 16394,1.76,0.5828,0.0258,2026-07-03 06:17:24.39219,1.76,0.5828,2026-07-03 06:17:24.39219,TRUE,FALSE,0,FALSE,0.025728,2026-07-03 06:17:24.39219,-132,-132
John Deere Classic,3_balls,betmgm,"Laird, Martin","Frittelli, Dylan / Champ, Cameron","3_balls betmgm 9586 11955,23542",3.25,0.3146,0.0226,2026-07-03 06:17:24.39219,3.25,0.3146,2026-07-03 06:17:24.39219,TRUE,FALSE,0,FALSE,0.0224500000000001,2026-07-03 06:17:24.39219,+225,+225
John Deere Classic,round_matchups,bet365,"Mitchell, Keith","Fowler, Rickie",round_matchups bet365 17365 12965,1.95,0.5242,0.0223,2026-07-03 06:17:24.39219,1.95,0.5242,2026-07-03 06:17:24.39219,TRUE,FALSE,0,FALSE,0.0221899999999999,2026-07-03 06:17:24.39219,-105,-105
John Deere Classic,3_balls,betmgm,"Ghim, Doug","Van Rooyen, Erik / Whaley, Vince","3_balls betmgm 24550 17550,25908",2.1,0.4863,0.0212,2026-07-03 06:17:24.39219,2.1,0.4863,2026-07-03 06:17:24.39219,TRUE,FALSE,0,FALSE,0.0212300000000001,2026-07-03 06:17:24.39219,+110,+110
John Deere Classic,3_balls,fanduel,"Hirata, Kensei","VanDerLaan, John / Nyholm, Pontus","3_balls fanduel 20954 25319,25475",2.7,0.3823,0.0323,2026-07-03 09:38:23.533552,2.7,0.3823,2026-07-03 09:38:23.533552,TRUE,FALSE,0,FALSE,0.0322100000000001,2026-07-03 09:38:23.533552,+170,+170
John Deere Classic,round_matchups,bet365,"Meissner, Mac","Grillo, Emiliano",round_matchups bet365 28159 12808,1.95,0.5758,0.1228,2026-07-04 06:00:56.806252,1.95,0.5758,2026-07-04 06:00:56.806252,TRUE,FALSE,0,FALSE,0.12281,2026-07-04 06:00:56.806252,-105,-105
John Deere Classic,3_balls,betmgm,"Brehm, Ryan","Hossler, Beau / Coody, Pierceson","3_balls betmgm 10423 15470,28309",6.25,0.1683,0.0518,2026-07-04 06:00:56.806252,6.25,0.1683,2026-07-04 06:00:56.806252,TRUE,FALSE,0,FALSE,0.0518750000000001,2026-07-04 06:00:56.806252,+525,+525
John Deere Classic,3_balls,bet365,"Bauchou, Zach","Gomez, Fabian / Nakajima, Keita","3_balls bet365 19846 21074,8571",2.6,0.4003,0.0407,2026-07-04 06:00:56.806252,2.6,0.4003,2026-07-04 06:00:56.806252,TRUE,FALSE,0,FALSE,0.04078,2026-07-04 06:00:56.806252,+160,+160
John Deere Classic,3_balls,betmgm,"Chatfield, Davis","Higgs, Harry / Kim, Tom","3_balls betmgm 30620 14140,24766",4,0.2599,0.0397,2026-07-04 06:00:56.806252,4,0.2599,2026-07-04 06:00:56.806252,TRUE,FALSE,0,FALSE,0.0396000000000001,2026-07-04 06:00:56.806252,+300,+300
John Deere Classic,3_balls,fanduel,"Campos, Rafael","Lindheim, Nicholas / Meissner, Mac","3_balls fanduel 12909 16713,28159",4.6,0.2253,0.0362,2026-07-04 06:00:56.806252,4.6,0.2253,2026-07-04 06:00:56.806252,TRUE,FALSE,0,FALSE,0.0363799999999999,2026-07-04 06:00:56.806252,+360,+360
John Deere Classic,3_balls,draftkings,"Brehm, Ryan","Hossler, Beau / Coody, Pierceson","3_balls draftkings 10423 15470,28309",6.1,0.1683,0.0266,2026-07-04 06:00:56.806252,6.1,0.1683,2026-07-04 06:00:56.806252,TRUE,FALSE,0,FALSE,0.0266299999999999,2026-07-04 06:00:56.806252,+510,+510
John Deere Classic,3_balls,betmgm,"Phillips, Chandler","Grillo, Emiliano / Dou, Zecheng","3_balls betmgm 27164 12808,16757",3.6,0.2848,0.0252,2026-07-04 06:00:56.806252,3.6,0.2848,2026-07-04 06:00:56.806252,TRUE,FALSE,0,FALSE,0.02528,2026-07-04 06:00:56.806252,+260,+260
John Deere Classic,3_balls,draftkings,"Dahmen, Joel","Hoge, Tom / Eckroat, Austin","3_balls draftkings 14509 15575,26653",3.05,0.3356,0.0235,2026-07-04 06:00:56.806252,3.05,0.3356,2026-07-04 06:00:56.806252,TRUE,FALSE,0,FALSE,0.0235799999999999,2026-07-04 06:00:56.806252,+205,+205
John Deere Classic,3_balls,bet365,"Dou, Zecheng","Grillo, Emiliano / Phillips, Chandler","3_balls bet365 16757 12808,27164",2.87,0.3564,0.0229,2026-07-04 06:00:56.806252,2.87,0.3564,2026-07-04 06:00:56.806252,TRUE,FALSE,0,FALSE,0.0228680000000001,2026-07-04 06:00:56.806252,+187,+187
John Deere Classic,3_balls,bet365,"Spieth, Jordan","Hughes, Mackenzie / Van Rooyen, Erik","3_balls bet365 14636 15556,17550",2.25,0.4539,0.0212,2026-07-04 06:00:56.806252,2.25,0.4539,2026-07-04 06:00:56.806252,TRUE,FALSE,0,FALSE,0.0212750000000002,2026-07-04 06:00:56.806252,+125,+125
John Deere Classic,round_matchups,bet365,"Merritt, Troy","Wise, Aaron",round_matchups bet365 13367 22051,1.9,0.5763,0.0949,2026-07-05 03:25:13.805979,1.9,0.5763,2026-07-05 03:25:13.805979,TRUE,FALSE,0,FALSE,0.09497,2026-07-05 03:25:13.805979,-111,-111
John Deere Classic,3_balls,bet365,"Kim, Chan","Dunlap, Nick / Brennan, Michael","3_balls bet365 15004 28270,29197",3.1,0.3444,0.0675,2026-07-05 03:25:13.805979,3.1,0.3444,2026-07-05 03:25:13.805979,TRUE,FALSE,0,FALSE,0.0676399999999999,2026-07-05 03:25:13.805979,+210,+210
John Deere Classic,3_balls,draftkings,"Merritt, Troy","Gotterup, Chris / Mouw, William","3_balls draftkings 13367 27774,29770",5.35,0.1974,0.056,2026-07-05 03:25:13.805979,5.35,0.1974,2026-07-05 03:25:13.805979,TRUE,FALSE,0,FALSE,0.05609,2026-07-05 03:25:13.805979,+435,+435
John Deere Classic,3_balls,draftkings,"Griffin, Lanto","Mitchell, Keith / Wallace, Matt","3_balls draftkings 15330 17365,20706",4.3,0.2441,0.0498,2026-07-05 03:25:13.805979,4.3,0.2441,2026-07-05 03:25:13.805979,TRUE,FALSE,0,FALSE,0.0496300000000001,2026-07-05 03:25:13.805979,+330,+330
John Deere Classic,round_matchups,bet365,"Kohles, Ben","Glover, Lucas",round_matchups bet365 16395 7399,1.74,0.601,0.0457,2026-07-05 03:25:13.805979,1.74,0.601,2026-07-05 03:25:13.805979,TRUE,FALSE,0,FALSE,0.0457399999999999,2026-07-05 03:25:13.805979,-135,-135
John Deere Classic,3_balls,fanduel,"Dahmen, Joel","Riley, Davis / Poston, J.T.","3_balls fanduel 14509 19872,21554",3.5,0.2979,0.0425,2026-07-05 03:25:13.805979,3.5,0.2979,2026-07-05 03:25:13.805979,TRUE,FALSE,0,FALSE,0.0426500000000001,2026-07-05 03:25:13.805979,+250,+250
John Deere Classic,3_balls,bet365,"Malnati, Peter","Finau, Tony / Springer, Hayden","3_balls bet365 14926 11676,21995",4,0.2602,0.0407,2026-07-05 03:25:13.805979,4,0.2602,2026-07-05 03:25:13.805979,TRUE,FALSE,0,FALSE,0.0407999999999999,2026-07-05 03:25:13.805979,+300,+300
John Deere Classic,3_balls,betmgm,"Malnati, Peter","Finau, Tony / Springer, Hayden","3_balls betmgm 14926 11676,21995",4,0.2602,0.0407,2026-07-05 03:25:13.805979,4,0.2602,2026-07-05 03:25:13.805979,TRUE,FALSE,0,FALSE,0.0407999999999999,2026-07-05 03:25:13.805979,+300,+300
John Deere Classic,3_balls,draftkings,"Malnati, Peter","Finau, Tony / Springer, Hayden","3_balls draftkings 14926 11676,21995",4,0.2602,0.0407,2026-07-05 03:25:13.805979,4,0.2602,2026-07-05 03:25:13.805979,TRUE,FALSE,0,FALSE,0.0407999999999999,2026-07-05 03:25:13.805979,+300,+300
John Deere Classic,3_balls,bet365,"Kohles, Ben","Glover, Lucas / Hodges, Lee","3_balls bet365 16395 25157,7399",2.4,0.4301,0.0322,2026-07-05 03:25:13.805979,2.4,0.4301,2026-07-05 03:25:13.805979,TRUE,FALSE,0,FALSE,0.0322399999999998,2026-07-05 03:25:13.805979,+140,+140
John Deere Classic,3_balls,betmgm,"Ewart, A.J.","Hughes, Mackenzie / Sargent, Gordon","3_balls betmgm 21883 15556,30814",2.5,0.4129,0.0322,2026-07-05 03:25:13.805979,2.5,0.4129,2026-07-05 03:25:13.805979,TRUE,FALSE,0,FALSE,0.0322499999999999,2026-07-05 03:25:13.805979,+150,+150
John Deere Classic,3_balls,draftkings,"Ewart, A.J.","Hughes, Mackenzie / Sargent, Gordon","3_balls draftkings 21883 15556,30814",2.5,0.4129,0.0322,2026-07-05 03:25:13.805979,2.5,0.4129,2026-07-05 03:25:13.805979,TRUE,FALSE,0,FALSE,0.0322499999999999,2026-07-05 03:25:13.805979,+150,+150
John Deere Classic,3_balls,draftkings,"Thompson, Davis","Yu, Kevin / Bezuidenhout, Christiaan","3_balls draftkings 27364 17881,18103",2.72,0.3777,0.0272,2026-07-05 03:25:13.805979,2.72,0.3777,2026-07-05 03:25:13.805979,TRUE,FALSE,0,FALSE,0.027344,2026-07-05 03:25:13.805979,+172,+172
John Deere Classic,3_balls,betmgm,"Merritt, Troy","Gotterup, Chris / Mouw, William","3_balls betmgm 13367 27774,29770",5.2,0.1974,0.0264,2026-07-05 03:25:13.805979,5.2,0.1974,2026-07-05 03:25:13.805979,TRUE,FALSE,0,FALSE,0.0264800000000001,2026-07-05 03:25:13.805979,+420,+420
John Deere Classic,round_matchups,bet365,"Suber, Jackson","Hodges, Lee",round_matchups bet365 29279 25157,1.74,0.5893,0.0254,2026-07-05 03:25:13.805979,1.74,0.5893,2026-07-05 03:25:13.805979,TRUE,FALSE,0,FALSE,0.025382,2026-07-05 03:25:13.805979,-135,-135
John Deere Classic,3_balls,betmgm,"Griffin, Lanto","Mitchell, Keith / Wallace, Matt","3_balls betmgm 15330 17365,20706",4.2,0.2441,0.0254,2026-07-05 03:25:13.805979,4.2,0.2441,2026-07-05 03:25:13.805979,TRUE,FALSE,0,FALSE,0.02522,2026-07-05 03:25:13.805979,+320,+320
John Deere Classic,round_matchups,bet365,"Jaeger, Stephan","Van Rooyen, Erik",round_matchups bet365 16394 17550,1.86,0.551,0.0248,2026-07-05 03:25:13.805979,1.86,0.551,2026-07-05 03:25:13.805979,TRUE,FALSE,0,FALSE,0.0248600000000001,2026-07-05 03:25:13.805979,-116,-116
John Deere Classic,3_balls,fanduel,"Higgs, Harry","Kim, Tom / Griffin, Ben","3_balls fanduel 14140 24766,24968",5.5,0.1856,0.021,2026-07-05 03:25:13.805979,5.5,0.1856,2026-07-05 03:25:13.805979,TRUE,FALSE,0,FALSE,0.0207999999999999,2026-07-05 03:25:13.805979,+450,+450
Genesis Scottish Open,tournament_matchups,caesars,"Cauley, Bud","Reed, Patrick",tournament_matchups caesars 14502 14838,1.95,0.5449,0.0638,2026-07-06 22:01:52.956729,1.74,0.5371,2026-07-09 06:28:25.243555,TRUE,FALSE,,,0.120689655172414,TRUE,0.047345,2026-07-09 06:28:25.243555,-105,-135
Genesis Scottish Open,tournament_matchups,caesars,"Fleetwood, Tommy","Schauffele, Xander",tournament_matchups caesars 12294 19895,2.1,0.5029,0.056,2026-07-06 22:01:52.956729,1.69,0.5202,2026-07-09 06:28:25.243555,TRUE,FALSE,,,0.242603550295858,TRUE,0.0924199999999999,2026-07-09 06:28:25.243555,+110,-145
Genesis Scottish Open,tournament_matchups,caesars,"McIlroy, Rory","Scheffler, Scottie",tournament_matchups caesars 10091 18417,2.4,0.4295,0.0308,2026-07-06 22:01:52.956729,2.1,0.4142,2026-07-09 06:28:25.243555,TRUE,FALSE,,,0.142857142857143,TRUE,-0.00592000000000004,2026-07-09 06:28:25.243555,+140,+110
Genesis Scottish Open,tournament_matchups,bet365,"Lee, Min Woo","Rai, Aaron",tournament_matchups bet365 16841 18554,1.9,0.5406,0.0272,2026-07-06 22:01:52.956729,1.83,0.5479,2026-07-09 06:28:25.243555,TRUE,FALSE,,,0.0382513661202184,TRUE,0.04101,2026-07-09 06:28:25.243555,-111,-120
Genesis Scottish Open,3_balls,fanduel,"Von Dellingshausen, Nicolai","Yu, Kevin / Cole, Eric","3_balls fanduel 22231 17881,21756",4.6,0.2334,0.0736,2026-07-07 15:18:52.438625,4,0.23,2026-07-09 06:28:25.243555,TRUE,FALSE,,,0.15,TRUE,0.0580000000000001,2026-07-09 06:28:25.243555,+360,+300
Genesis Scottish Open,3_balls,fanduel,"Wu, Ashun","Armitage, Marcus / Moore, Taylor","3_balls fanduel 11763 17813,21944",4.6,0.233,0.0717,2026-07-07 15:18:52.438625,4.2,0.2309,2026-07-09 06:28:25.243555,TRUE,FALSE,,,0.0952380952380951,TRUE,0.0621399999999999,2026-07-09 06:28:25.243555,+360,+320
Genesis Scottish Open,3_balls,fanduel,"Parry, John","Sterne, Richard / Puig, David","3_balls fanduel 13764 28984,7049",3,0.3492,0.0475,2026-07-07 15:18:52.438625,2.9,0.3476,2026-07-09 06:28:25.243555,TRUE,FALSE,,,0.0344827586206897,TRUE,0.0428000000000002,2026-07-09 06:28:25.243555,+200,+190
Genesis Scottish Open,3_balls,fanduel,"Couvra, Martin","Luiten, Joost / McGreevy, Max","3_balls fanduel 27811 10158,23505",2.9,0.359,0.0411,2026-07-07 15:18:52.438625,2.8,0.3573,2026-07-09 06:28:25.243555,TRUE,FALSE,,,0.0357142857142858,TRUE,0.03617,2026-07-09 06:28:25.243555,+190,+180
Genesis Scottish Open,3_balls,fanduel,"Kim, Michael","Campbell, Brian / Hidalgo Portillo, Angel","3_balls fanduel 17543 18628,24127",2.05,0.5068,0.0389,2026-07-07 15:18:52.438625,2.05,0.5042,2026-07-09 06:28:25.243555,TRUE,FALSE,,,0,FALSE,0.0336099999999999,2026-07-09 06:28:25.243555,+105,+105
Genesis Scottish Open,3_balls,fanduel,"Ayora, Angel","Molinari, Francesco / Snedeker, Brandt","3_balls fanduel 30445 7655,8820",2.15,0.4832,0.0389,2026-07-07 15:18:52.438625,2.1,0.4808,2026-07-09 06:28:25.243555,TRUE,FALSE,,,0.0238095238095237,TRUE,0.03372,2026-07-09 06:28:25.243555,+115,+110
Genesis Scottish Open,3_balls,fanduel,"Hillier, Daniel","Hoffman, Charley / Lawrence, Thriston","3_balls fanduel 21362 18105,5768",2.05,0.5066,0.0386,2026-07-07 15:18:52.438625,2.1,0.5059,2026-07-09 06:28:25.243555,TRUE,FALSE,,,-0.0238095238095239,FALSE,0.0370949999999999,2026-07-09 06:28:25.243555,+105,+110
Genesis Scottish Open,3_balls,fanduel,"Lee, Min Woo","Koepka, Brooks / Forrest, Grant","3_balls fanduel 16841 16243,16475",2.35,0.4417,0.0379,2026-07-07 15:18:52.438625,2.25,0.4449,2026-07-09 06:28:25.243555,TRUE,FALSE,,,0.0444444444444445,TRUE,0.045515,2026-07-09 06:28:25.243555,+135,+125
Genesis Scottish Open,3_balls,fanduel,"Kim, Si Woo","Straka, Sepp / Schaper, Jayden","3_balls fanduel 14609 17511,26991",2.35,0.4407,0.0357,2026-07-07 15:18:52.438625,2.35,0.443,2026-07-09 06:28:25.243555,TRUE,FALSE,,,0,FALSE,0.04105,2026-07-09 06:28:25.243555,+135,+135
Genesis Scottish Open,3_balls,fanduel,"Hill, Calum","Harman, Brian / Gerard, Ryan","3_balls fanduel 25131 29767,8825",3.2,0.3217,0.0294,2026-07-07 15:18:52.438625,3,0.3197,2026-07-09 06:28:25.243555,TRUE,FALSE,,,0.0666666666666667,TRUE,0.02304,2026-07-09 06:28:25.243555,+220,+200
Genesis Scottish Open,round_matchups,draftkings,"Fitzpatrick, Alex","Reed, Patrick",round_matchups draftkings 25362 14838,1.76,0.5845,0.0273,2026-07-07 15:18:52.438625,1.76,0.5868,2026-07-09 06:28:25.243555,TRUE,FALSE,,,0,FALSE,0.0327679999999999,2026-07-09 06:28:25.243555,-132,-132
Genesis Scottish Open,tournament_matchups,draftkings,"Penge, Marco","Koepka, Brooks",tournament_matchups draftkings 22465 16243,1.85,0.5552,0.0257,2026-07-07 15:18:52.438625,1.86,0.5556,2026-07-09 06:28:25.243555,TRUE,FALSE,,,-0.0053763440860215,FALSE,0.02786,2026-07-09 06:28:25.243555,-118,-116
Genesis Scottish Open,3_balls,fanduel,"Ghim, Doug","Davis, Cam / Veerman, Johannes","3_balls fanduel 24550 17786,20522",1.91,0.5373,0.0257,2026-07-07 15:18:52.438625,1.91,0.5333,2026-07-09 06:28:25.243555,TRUE,FALSE,,,0,FALSE,0.0186029999999999,2026-07-09 06:28:25.243555,-110,-110
Genesis Scottish Open,tournament_matchups,betmgm,"Fitzpatrick, Alex","Lowry, Shane",tournament_matchups betmgm 25362 13900,1.9,0.5394,0.0249,2026-07-07 15:18:52.438625,1.85,0.5548,2026-07-09 06:28:25.243555,TRUE,FALSE,,,0.027027027027027,TRUE,0.05412,2026-07-09 06:28:25.243555,-111,-118
Genesis Scottish Open,tournament_matchups,draftkings,"Puig, David","Reed, Patrick",tournament_matchups draftkings 28984 14838,1.89,0.5405,0.023,2026-07-07 15:18:52.438625,1.89,0.5415,2026-07-09 06:28:25.243555,TRUE,FALSE,,,0,FALSE,0.0234349999999999,2026-07-09 06:28:25.243555,-112,-112
Genesis Scottish Open,3_balls,fanduel,"Fleetwood, Tommy","Fitzpatrick, Matt / Scheffler, Scottie","3_balls fanduel 12294 17646,18417",3.4,0.3002,0.0207,2026-07-07 15:18:52.438625,3.2,0.2972,2026-07-09 06:28:25.243555,TRUE,FALSE,,,0.0625,TRUE,0.01048,2026-07-09 06:28:25.243555,+240,+220
Genesis Scottish Open,3_balls,fanduel,"Aberg, Ludvig","Thomas, Justin / Reed, Patrick","3_balls fanduel 23950 14139,14838",2.45,0.4258,0.0433,2026-07-07 19:24:54.456679,2.35,0.4258,2026-07-09 06:28:25.243555,TRUE,FALSE,,,0.0425531914893618,TRUE,0.0432100000000002,2026-07-09 06:28:25.243555,+145,+135
Genesis Scottish Open,3_balls,fanduel,"Fitzpatrick, Alex","Rahm, Jon / Hojgaard, Rasmus","3_balls fanduel 25362 19195,23838",3,0.3415,0.0245,2026-07-07 19:24:54.456679,2.9,0.3415,2026-07-09 06:28:25.243555,TRUE,FALSE,,,0.0344827586206897,TRUE,0.0245000000000002,2026-07-09 06:28:25.243555,+200,+190
Genesis Scottish Open,3_balls,draftkings,"Fitzpatrick, Alex","Rahm, Jon / Hojgaard, Rasmus","3_balls draftkings 25362 19195,23838",3,0.3415,0.0245,2026-07-07 19:24:54.456679,3,0.3415,2026-07-09 06:28:25.243555,TRUE,FALSE,,,0,FALSE,0.0245000000000002,2026-07-09 06:28:25.243555,+200,+200
Genesis Scottish Open,tournament_matchups,caesars,"Kim, Tom","Penge, Marco",tournament_matchups caesars 24766 22465,1.95,0.5229,0.0209,2026-07-07 19:24:54.456679,1.91,0.5229,2026-07-09 06:28:25.243555,TRUE,FALSE,,,0.0209424083769634,TRUE,0.019655,2026-07-09 06:28:25.243555,-105,-110
Genesis Scottish Open,tournament_matchups,caesars,"Schauffele, Xander","Fleetwood, Tommy",tournament_matchups caesars 19895 12294,2.15,0.4798,0.0315,2026-07-07 22:33:10.401652,2.15,0.4798,2026-07-09 06:28:25.243555,TRUE,FALSE,,,0,FALSE,0.0315699999999999,2026-07-09 06:28:25.243555,+115,+115
Genesis Scottish Open,tournament_matchups,fanduel,"Cauley, Bud","Reed, Patrick",tournament_matchups fanduel 14502 14838,2,0.5371,0.0742,2026-07-08 09:39:32.83247,1.9,0.5371,2026-07-09 06:28:25.243555,TRUE,FALSE,,,0.0526315789473684,TRUE,0.0742,2026-07-09 06:28:25.243555,+100,-111
Genesis Scottish Open,tournament_matchups,fanduel,"Scott, Adam","Koepka, Brooks",tournament_matchups fanduel 6430 16243,1.83,0.5853,0.073,2026-07-08 09:39:32.83247,1.73,0.5853,2026-07-09 06:28:25.243555,TRUE,FALSE,,,0.0578034682080926,TRUE,0.071099,2026-07-09 06:28:25.243555,-120,-137
Genesis Scottish Open,tournament_matchups,fanduel,"Kim, Tom","Penge, Marco",tournament_matchups fanduel 24766 22465,2,0.5229,0.0458,2026-07-08 09:39:32.83247,1.9,0.5229,2026-07-09 06:28:25.243555,TRUE,FALSE,,,0.0526315789473684,TRUE,0.0458000000000001,2026-07-09 06:28:25.243555,+100,-111
Genesis Scottish Open,3_balls,caesars,"Hillier, Daniel","Hoffman, Charley / Lawrence, Thriston","3_balls caesars 21362 18105,5768",2.05,0.5059,0.0371,2026-07-08 09:39:32.83247,2.05,0.5059,2026-07-09 06:28:25.243555,TRUE,FALSE,,,0,FALSE,0.0370949999999999,2026-07-09 06:28:25.243555,+105,+105
Genesis Scottish Open,tournament_matchups,fanduel,"Ghim, Doug","Cole, Eric",tournament_matchups fanduel 24550 21756,2,0.511,0.022,2026-07-08 09:39:32.83247,1.91,0.511,2026-07-09 06:28:25.243555,TRUE,FALSE,,,0.0471204188481675,TRUE,0.022,2026-07-09 06:28:25.243555,+100,-110
Genesis Scottish Open,round_matchups,fanduel,"Wallace, Matt","Wiesberger, Bernd",round_matchups fanduel 20706 9531,1.73,0.5911,0.021,2026-07-08 09:39:32.83247,1.73,0.5911,2026-07-09 06:28:25.243555,TRUE,FALSE,,,0,FALSE,0.0226029999999999,2026-07-09 06:28:25.243555,-137,-137
Genesis Scottish Open,tournament_matchups,fanduel,"Chacarra, Eugenio","Thorbjornsen, Michael",tournament_matchups fanduel 26745 26649,1.83,0.5567,0.0207,2026-07-08 09:39:32.83247,1.83,0.5567,2026-07-09 06:28:25.243555,TRUE,FALSE,,,0,FALSE,0.018761,2026-07-09 06:28:25.243555,-120,-120
Genesis Scottish Open,3_balls,draftkings,"Hillier, Daniel","Hoffman, Charley / Lawrence, Thriston","3_balls draftkings 21362 18105,5768",2.02,0.5059,0.022,2026-07-08 18:49:59.271464,2.02,0.5059,2026-07-09 06:28:25.243555,TRUE,FALSE,-1,FALSE,0,FALSE,0.0219180000000001,2026-07-09 06:28:25.243555,+102,+102
Genesis Scottish Open,3_balls,draftkings,"Aberg, Ludvig","Thomas, Justin / Reed, Patrick","3_balls draftkings 23950 14139,14838",2.4,0.4437,0.065,2026-07-09 19:37:02.541176,2.4,0.4437,2026-07-09 19:37:02.541176,TRUE,FALSE,1,TRUE,0,FALSE,0.0648799999999998,2026-07-09 19:37:02.541176,+140,+140
Genesis Scottish Open,3_balls,fanduel,"Stevens, Sam","McKibbin, Tom / Schott, Freddy","3_balls fanduel 25569 22322,27588",2.65,0.4015,0.064,2026-07-09 19:37:02.541176,2.65,0.4015,2026-07-09 19:37:02.541176,TRUE,FALSE,3,TRUE,0,FALSE,0.0639750000000001,2026-07-09 19:37:02.541176,+165,+165
Genesis Scottish Open,3_balls,fanduel,"Brennan, Michael","Kirk, Chris / Otaegui, Adrian","3_balls fanduel 29197 12423,14975",2.1,0.5055,0.0615,2026-07-09 19:37:02.541176,2.1,0.5055,2026-07-09 19:37:02.541176,TRUE,FALSE,1,TRUE,0,FALSE,0.06155,2026-07-09 19:37:02.541176,+110,+110
Genesis Scottish Open,3_balls,fanduel,"Im, Sungjae","Horschel, Billy / Syme, Connor","3_balls fanduel 17488 11276,22089",2.25,0.4708,0.0593,2026-07-09 19:37:02.541176,2.25,0.4708,2026-07-09 19:37:02.541176,TRUE,FALSE,1,TRUE,0,FALSE,0.0592999999999999,2026-07-09 19:37:02.541176,+125,+125
Genesis Scottish Open,3_balls,fanduel,"Meissner, Mac","LaCroix, Frederic / Johnston, Ryggs","3_balls fanduel 28159 23733,32449",2.05,0.5159,0.0576,2026-07-09 19:37:02.541176,2.05,0.5159,2026-07-09 19:37:02.541176,TRUE,FALSE,4,TRUE,0,FALSE,0.0575950000000001,2026-07-09 19:37:02.541176,+105,+105
Genesis Scottish Open,round_matchups,bet365,"English, Harris","Reed, Patrick",round_matchups bet365 14577 14838,1.9,0.5557,0.0559,2026-07-09 19:37:02.541176,1.9,0.5557,2026-07-09 19:37:02.541176,TRUE,FALSE,2,TRUE,0,FALSE,0.0558299999999998,2026-07-09 19:37:02.541176,-111,-111
Genesis Scottish Open,3_balls,fanduel,"Echavarria, Nico","Manassero, Matteo / Kim, Baekjun","3_balls fanduel 22833 11460,27759",2.1,0.4992,0.0484,2026-07-09 19:37:02.541176,2.1,0.4992,2026-07-09 19:37:02.541176,TRUE,FALSE,3,TRUE,0,FALSE,0.0483199999999999,2026-07-09 19:37:02.541176,+110,+110
Genesis Scottish Open,3_balls,draftkings,"Echavarria, Nico","Manassero, Matteo / Kim, Baekjun","3_balls draftkings 22833 11460,27759",2.1,0.4992,0.0484,2026-07-09 19:37:02.541176,2.1,0.4992,2026-07-09 19:37:02.541176,TRUE,FALSE,3,TRUE,0,FALSE,0.0483199999999999,2026-07-09 19:37:02.541176,+110,+110
Genesis Scottish Open,3_balls,caesars,"Stevens, Sam","McKibbin, Tom / Schott, Freddy","3_balls caesars 25569 22322,27588",2.6,0.4015,0.044,2026-07-09 19:37:02.541176,2.6,0.4015,2026-07-09 19:37:02.541176,TRUE,FALSE,3,TRUE,0,FALSE,0.0439000000000001,2026-07-09 19:37:02.541176,+160,+160
Genesis Scottish Open,3_balls,betmgm,"Aberg, Ludvig","Thomas, Justin / Reed, Patrick","3_balls betmgm 23950 14139,14838",2.35,0.4437,0.0428,2026-07-09 19:37:02.541176,2.35,0.4437,2026-07-09 19:37:02.541176,TRUE,FALSE,1,TRUE,0,FALSE,0.0426949999999999,2026-07-09 19:37:02.541176,+135,+135
Genesis Scottish Open,3_balls,draftkings,"Lee, Min Woo","Koepka, Brooks / Forrest, Grant","3_balls draftkings 16841 16243,16475",2.32,0.4477,0.0387,2026-07-09 19:37:02.541176,2.32,0.4477,2026-07-09 19:37:02.541176,TRUE,FALSE,1,TRUE,0,FALSE,0.0386639999999998,2026-07-09 19:37:02.541176,+132,+132
Genesis Scottish Open,3_balls,caesars,"Brennan, Michael","Kirk, Chris / Otaegui, Adrian","3_balls caesars 29197 12423,14975",2.05,0.5055,0.0363,2026-07-09 19:37:02.541176,2.05,0.5055,2026-07-09 19:37:02.541176,TRUE,FALSE,1,TRUE,0,FALSE,0.0362749999999998,2026-07-09 19:37:02.541176,+105,+105
Genesis Scottish Open,3_balls,caesars,"Im, Sungjae","Horschel, Billy / Syme, Connor","3_balls caesars 17488 11276,22089",2.2,0.4708,0.0358,2026-07-09 19:37:02.541176,2.2,0.4708,2026-07-09 19:37:02.541176,TRUE,FALSE,1,TRUE,0,FALSE,0.03576,2026-07-09 19:37:02.541176,+120,+120
Genesis Scottish Open,3_balls,caesars,"Meissner, Mac","LaCroix, Frederic / Johnston, Ryggs","3_balls caesars 28159 23733,32449",2,0.5159,0.0318,2026-07-09 19:37:02.541176,2,0.5159,2026-07-09 19:37:02.541176,TRUE,FALSE,4,TRUE,0,FALSE,0.0318000000000001,2026-07-09 19:37:02.541176,+100,+100
Genesis Scottish Open,3_balls,betmgm,"Wallace, Matt","Jamieson, Scott / Penge, Marco","3_balls betmgm 20706 11397,22465",2.5,0.4127,0.0316,2026-07-09 19:37:02.541176,2.5,0.4127,2026-07-09 19:37:02.541176,TRUE,FALSE,2,TRUE,0,FALSE,0.0317499999999999,2026-07-09 19:37:02.541176,+150,+150
Genesis Scottish Open,3_balls,draftkings,"Brennan, Michael","Kirk, Chris / Otaegui, Adrian","3_balls draftkings 29197 12423,14975",2.04,0.5055,0.0312,2026-07-09 19:37:02.541176,2.04,0.5055,2026-07-09 19:37:02.541176,TRUE,FALSE,1,TRUE,0,FALSE,0.03122,2026-07-09 19:37:02.541176,+104,+104
Genesis Scottish Open,3_balls,bet365,"Echavarria, Nico","Manassero, Matteo / Kim, Baekjun","3_balls bet365 22833 11460,27759",2.05,0.4992,0.0235,2026-07-09 19:37:02.541176,2.05,0.4992,2026-07-09 19:37:02.541176,TRUE,FALSE,3,TRUE,0,FALSE,0.0233599999999998,2026-07-09 19:37:02.541176,+105,+105
Genesis Scottish Open,3_balls,caesars,"Kim, Michael","Campbell, Brian / Hidalgo Portillo, Angel","3_balls caesars 17543 18628,24127",2.05,0.4986,0.0221,2026-07-09 19:37:02.541176,2.05,0.4986,2026-07-09 19:37:02.541176,TRUE,FALSE,1.5,TRUE,0,FALSE,0.02213,2026-07-09 19:37:02.541176,+105,+105
Genesis Scottish Open,3_balls,fanduel,"Choi, Seungbin","Meronk, Adrian / Keefer, Johnny","3_balls fanduel 26580 14196,32457",4.6,0.2659,0.2234,2026-07-09 19:37:02.541176,4.6,0.2659,2026-07-09 19:37:02.541176,TRUE,FALSE,-3,FALSE,0,FALSE,0.22314,2026-07-09 19:37:02.541176,+360,+360
Genesis Scottish Open,3_balls,fanduel,"Lawrence, Thriston","Hoffman, Charley / Hillier, Daniel","3_balls fanduel 18105 21362,5768",3.1,0.3477,0.0779,2026-07-09 19:37:02.541176,3.1,0.3477,2026-07-09 19:37:02.541176,TRUE,FALSE,-1,FALSE,0,FALSE,0.0778700000000001,2026-07-09 19:37:02.541176,+210,+210
Genesis Scottish Open,3_balls,fanduel,"Manassero, Matteo","Echavarria, Nico / Kim, Baekjun","3_balls fanduel 11460 22833,27759",3.2,0.3338,0.0681,2026-07-09 19:37:02.541176,3.2,0.3338,2026-07-09 19:37:02.541176,TRUE,FALSE,-3,FALSE,0,FALSE,0.06816,2026-07-09 19:37:02.541176,+220,+220
Genesis Scottish Open,3_balls,bet365,"Choi, Seungbin","Meronk, Adrian / Keefer, Johnny","3_balls bet365 26580 14196,32457",4,0.2659,0.0638,2026-07-09 19:37:02.541176,4,0.2659,2026-07-09 19:37:02.541176,TRUE,FALSE,-3,FALSE,0,FALSE,0.0636000000000001,2026-07-09 19:37:02.541176,+300,+300
Genesis Scottish Open,3_balls,bet365,"Riley, Davis","Hoshino, Rikuya / Smotherman, Austin","3_balls bet365 19872 19190,22985",3.1,0.337,0.0446,2026-07-09 19:37:02.541176,3.1,0.337,2026-07-09 19:37:02.541176,TRUE,FALSE,0,FALSE,0,FALSE,0.0447000000000002,2026-07-09 19:37:02.541176,+210,+210
Genesis Scottish Open,3_balls,fanduel,"Riley, Davis","Hoshino, Rikuya / Smotherman, Austin","3_balls fanduel 19872 19190,22985",3.1,0.337,0.0446,2026-07-09 19:37:02.541176,3.1,0.337,2026-07-09 19:37:02.541176,TRUE,FALSE,0,FALSE,0,FALSE,0.0447000000000002,2026-07-09 19:37:02.541176,+210,+210
Genesis Scottish Open,3_balls,fanduel,"Elvira Mijares, Ignacio","Knapp, Jake / Bradbury, Dan","3_balls fanduel 12988 19396,29971",3.7,0.282,0.0435,2026-07-09 19:37:02.541176,3.7,0.282,2026-07-09 19:37:02.541176,TRUE,FALSE,-2,FALSE,0,FALSE,0.0433999999999999,2026-07-09 19:37:02.541176,+270,+270
Genesis Scottish Open,3_balls,fanduel,"Olesen, Thorbjorn","Premlall, Yurav / Potgieter, Aldrich","3_balls fanduel 13412 25890,27900",2.65,0.3923,0.0396,2026-07-09 19:37:02.541176,2.65,0.3923,2026-07-09 19:37:02.541176,TRUE,FALSE,0,FALSE,0,FALSE,0.0395949999999998,2026-07-09 19:37:02.541176,+165,+165
Genesis Scottish Open,3_balls,fanduel,"McKibbin, Tom","Stevens, Sam / Schott, Freddy","3_balls fanduel 22322 25569,27588",2.45,0.4239,0.0387,2026-07-09 19:37:02.541176,2.45,0.4239,2026-07-09 19:37:02.541176,TRUE,FALSE,-3,FALSE,0,FALSE,0.0385550000000001,2026-07-09 19:37:02.541176,+145,+145
Genesis Scottish Open,3_balls,betmgm,"Gerard, Ryan","Harman, Brian / Hill, Calum","3_balls betmgm 29767 25131,8825",2.75,0.3773,0.0376,2026-07-09 19:37:02.541176,2.75,0.3773,2026-07-09 19:37:02.541176,TRUE,FALSE,0,FALSE,0,FALSE,0.0375750000000001,2026-07-09 19:37:02.541176,+175,+175
Genesis Scottish Open,3_balls,betmgm,"Forrest, Grant","Koepka, Brooks / Lee, Min Woo","3_balls betmgm 16475 16243,16841",4,0.2594,0.0374,2026-07-09 19:37:02.541176,4,0.2594,2026-07-09 19:37:02.541176,TRUE,FALSE,-2.5,FALSE,0,FALSE,0.0376000000000001,2026-07-09 19:37:02.541176,+300,+300
Genesis Scottish Open,round_matchups,bet365,"Aberg, Ludvig","Fitzpatrick, Matt",round_matchups bet365 23950 17646,2,0.5181,0.0361,2026-07-09 19:37:02.541176,2,0.5181,2026-07-09 19:37:02.541176,TRUE,FALSE,-1,FALSE,0,FALSE,0.0362,2026-07-09 19:37:02.541176,+100,+100
Genesis Scottish Open,3_balls,bet365,"Pavon, Matthieu","Migliozzi, Guido / Hall, Harry","3_balls bet365 19960 17357,27194",3.1,0.3325,0.0309,2026-07-09 19:37:02.541176,3.1,0.3325,2026-07-09 19:37:02.541176,TRUE,FALSE,-2,FALSE,0,FALSE,0.0307500000000001,2026-07-09 19:37:02.541176,+210,+210
Genesis Scottish Open,3_balls,draftkings,"Kruyswijk, Jacques","Putnam, Andrew / Lagergren, Joakim","3_balls draftkings 16896 14704,14780",3.7,0.2784,0.03,2026-07-09 19:37:02.541176,3.7,0.2784,2026-07-09 19:37:02.541176,TRUE,FALSE,-3,FALSE,0,FALSE,0.0300799999999999,2026-07-09 19:37:02.541176,+270,+270
Genesis Scottish Open,3_balls,caesars,"Lawrence, Thriston","Hoffman, Charley / Hillier, Daniel","3_balls caesars 18105 21362,5768",2.95,0.3477,0.0258,2026-07-09 19:37:02.541176,2.95,0.3477,2026-07-09 19:37:02.541176,TRUE,FALSE,-1,FALSE,0,FALSE,0.0257150000000002,2026-07-09 19:37:02.541176,+195,+195
Genesis Scottish Open,3_balls,bet365,"Frittelli, Dylan","Katsuragawa, Yuto / Eckroat, Austin","3_balls bet365 11955 20448,26653",2.8,0.366,0.0248,2026-07-09 19:37:02.541176,2.8,0.366,2026-07-09 19:37:02.541176,TRUE,FALSE,-1,FALSE,0,FALSE,0.0247999999999999,2026-07-09 19:37:02.541176,+180,+180
Genesis Scottish Open,3_balls,draftkings,"Frittelli, Dylan","Katsuragawa, Yuto / Eckroat, Austin","3_balls draftkings 11955 20448,26653",2.8,0.366,0.0248,2026-07-09 19:37:02.541176,2.8,0.366,2026-07-09 19:37:02.541176,TRUE,FALSE,-1,FALSE,0,FALSE,0.0247999999999999,2026-07-09 19:37:02.541176,+180,+180
Genesis Scottish Open,3_balls,betmgm,"Lindberg, Mikael","Fox, Ryan / Kim, Tom","3_balls betmgm 20084 11889,24766",3.5,0.2928,0.0248,2026-07-09 19:37:02.541176,3.5,0.2928,2026-07-09 19:37:02.541176,TRUE,FALSE,-3.5,FALSE,0,FALSE,0.0247999999999999,2026-07-09 19:37:02.541176,+250,+250
Genesis Scottish Open,3_balls,bet365,"Da Costa Rodrigues, Daniel","Bauchou, Zach / Vilips, Karl","3_balls bet365 27149 19846,24304",4,0.2556,0.0223,2026-07-09 19:37:02.541176,4,0.2556,2026-07-09 19:37:02.541176,TRUE,FALSE,-2,FALSE,0,FALSE,0.0224,2026-07-09 19:37:02.541176,+300,+300
Genesis Scottish Open,3_balls,fanduel,"Schmid, Matti","Ravetto, David / Coody, Pierceson","3_balls fanduel 20722 23416,28309",2.9,0.3519,0.0206,2026-07-09 19:37:02.541176,2.9,0.3519,2026-07-09 19:37:02.541176,TRUE,FALSE,-1,FALSE,0,FALSE,0.02051,2026-07-09 19:37:02.541176,+190,+190
Genesis Scottish Open,3_balls,fanduel,"Wallace, Matt","Jamieson, Scott / Penge, Marco","3_balls fanduel 20706 11397,22465",2.55,0.4127,0.0523,2026-07-09 21:06:39.633936,2.55,0.4127,2026-07-09 21:06:39.633936,TRUE,FALSE,2,TRUE,0,FALSE,0.0523849999999999,2026-07-09 21:06:39.633936,+155,+155
Genesis Scottish Open,round_matchups,fanduel,"Fleetwood, Tommy","Rahm, Jon",round_matchups fanduel 12294 19195,1.9,0.547,0.0393,2026-07-09 22:45:24.529511,1.9,0.547,2026-07-09 22:45:24.529511,TRUE,FALSE,3,TRUE,0,FALSE,0.0393000000000001,2026-07-09 22:45:24.529511,-111,-111
Genesis Scottish Open,round_matchups,fanduel,"Schauffele, Xander","Clark, Wyndham",round_matchups fanduel 19895 23604,1.9,0.5414,0.0286,2026-07-09 22:45:24.529511,1.9,0.5414,2026-07-09 22:45:24.529511,TRUE,FALSE,-1,FALSE,0,FALSE,0.0286599999999999,2026-07-09 22:45:24.529511,-111,-111
Genesis Scottish Open,round_matchups,draftkings,"Kim, Tom","Koepka, Brooks",round_matchups draftkings 24766 16243,1.88,0.5815,0.0916,2026-07-10 00:01:07.002115,1.88,0.5815,2026-07-10 00:01:07.002115,TRUE,FALSE,1,TRUE,0,FALSE,0.0932200000000001,2026-07-10 00:01:07.002115,-114,-114
Genesis Scottish Open,3_balls,fanduel,"Neergaard-Petersen, Rasmus","Larrazabal, Pablo / Kitayama, Kurt","3_balls fanduel 23841 21891,9133",2.8,0.3654,0.0231,2026-07-10 08:07:43.747621,2.8,0.3654,2026-07-10 08:07:43.747621,TRUE,FALSE,-2,FALSE,0,FALSE,0.02312,2026-07-10 08:07:43.747621,+180,+180
Genesis Scottish Open,round_matchups,draftkings,"Vilips, Karl","Willett, Danny",round_matchups draftkings 24304 12920,1.82,0.6055,0.1019,2026-07-10 21:56:57.55226,1.82,0.6055,2026-07-10 21:56:57.55226,TRUE,FALSE,1,TRUE,0,FALSE,0.10201,2026-07-10 21:56:57.55226,-122,-122
Genesis Scottish Open,round_matchups,caesars,"Greyserman, Max","Rahm, Jon",round_matchups caesars 23465 19195,2.8,0.3774,0.0566,2026-07-10 21:56:57.55226,2.8,0.3774,2026-07-10 21:56:57.55226,TRUE,FALSE,2,TRUE,0,FALSE,0.0567199999999999,2026-07-10 21:56:57.55226,+180,+180
Genesis Scottish Open,round_matchups,fanduel,"Roy, Kevin","Reed, Patrick",round_matchups fanduel 18424 14838,2.62,0.4008,0.0522,2026-07-10 21:56:57.55226,2.62,0.4008,2026-07-10 21:56:57.55226,TRUE,FALSE,2,TRUE,0,FALSE,0.0500959999999999,2026-07-10 21:56:57.55226,+162,+162
Genesis Scottish Open,round_matchups,caesars,"Roy, Kevin","Reed, Patrick",round_matchups caesars 18424 14838,2.6,0.4008,0.0422,2026-07-10 21:56:57.55226,2.6,0.4008,2026-07-10 21:56:57.55226,TRUE,FALSE,2,TRUE,0,FALSE,0.0420800000000001,2026-07-10 21:56:57.55226,+160,+160
Genesis Scottish Open,round_matchups,draftkings,"Greyserman, Max","Rahm, Jon",round_matchups draftkings 23465 19195,2.72,0.3774,0.0264,2026-07-10 21:56:57.55226,2.72,0.3774,2026-07-10 21:56:57.55226,TRUE,FALSE,2,TRUE,0,FALSE,0.0265280000000001,2026-07-10 21:56:57.55226,+172,+172
Genesis Scottish Open,round_matchups,draftkings,"Fox, Ryan","Putnam, Andrew",round_matchups draftkings 11889 14704,1.71,0.5985,0.026,2026-07-10 21:56:57.55226,1.71,0.5985,2026-07-10 21:56:57.55226,TRUE,FALSE,1,TRUE,0,FALSE,0.0234350000000001,2026-07-10 21:56:57.55226,-141,-141
Genesis Scottish Open,round_matchups,draftkings,"Del Rey, Alejandro","Brennan, Michael",round_matchups draftkings 22259 29197,2.15,0.4773,0.0262,2026-07-10 21:56:57.55226,2.15,0.4773,2026-07-10 21:56:57.55226,TRUE,FALSE,-3,FALSE,0,FALSE,0.026195,2026-07-10 21:56:57.55226,+115,+115
Genesis Scottish Open,round_matchups,caesars,"Neergaard-Petersen, Rasmus","Hatton, Tyrrell",round_matchups caesars 23841 14796,2.5,0.4098,0.0244,2026-07-10 21:56:57.55226,2.5,0.4098,2026-07-10 21:56:57.55226,TRUE,FALSE,0,FALSE,0,FALSE,0.0245,2026-07-10 21:56:57.55226,+150,+150
Genesis Scottish Open,round_matchups,fanduel,"Neergaard-Petersen, Rasmus","Hatton, Tyrrell",round_matchups fanduel 23841 14796,2.5,0.4098,0.0244,2026-07-10 21:56:57.55226,2.5,0.4098,2026-07-10 21:56:57.55226,TRUE,FALSE,0,FALSE,0,FALSE,0.0245,2026-07-10 21:56:57.55226,+150,+150
Genesis Scottish Open,round_matchups,fanduel,"Migliozzi, Guido","Gerard, Ryan",round_matchups fanduel 17357 29767,2.62,0.39,0.0238,2026-07-10 21:56:57.55226,2.62,0.39,2026-07-10 21:56:57.55226,TRUE,FALSE,-3,FALSE,0,FALSE,0.0218,2026-07-10 21:56:57.55226,+162,+162
Genesis Scottish Open,round_matchups,draftkings,"Hill, Calum","Thomas, Justin",round_matchups draftkings 25131 14139,2.54,0.4018,0.0205,2026-07-10 21:56:57.55226,2.54,0.4018,2026-07-10 21:56:57.55226,TRUE,FALSE,-3,FALSE,0,FALSE,0.020572,2026-07-10 21:56:57.55226,+154,+154
Genesis Scottish Open,round_matchups,draftkings,"Fox, Ryan","Reed, Patrick",round_matchups draftkings 11889 14838,2.08,0.53,0.1024,2026-07-10 22:58:33.74794,2.08,0.53,2026-07-10 22:58:33.74794,TRUE,FALSE,3,TRUE,0,FALSE,0.1024,2026-07-10 22:58:33.74794,+108,+108
Genesis Scottish Open,round_matchups,betmgm,"Greyserman, Max","Rahm, Jon",round_matchups betmgm 23465 19195,2.75,0.3774,0.0377,2026-07-10 22:58:33.74794,2.75,0.3774,2026-07-10 22:58:33.74794,TRUE,FALSE,2,TRUE,0,FALSE,0.0378499999999999,2026-07-10 22:58:33.74794,+175,+175
Genesis Scottish Open,round_matchups,betmgm,"Del Rey, Alejandro","Brennan, Michael",round_matchups betmgm 22259 29197,2.15,0.4773,0.0262,2026-07-10 22:58:33.74794,2.15,0.4773,2026-07-10 22:58:33.74794,TRUE,FALSE,-3,FALSE,0,FALSE,0.026195,2026-07-10 22:58:33.74794,+115,+115
Genesis Scottish Open,round_matchups,betmgm,"Vilips, Karl","Willett, Danny",round_matchups betmgm 24304 12920,1.83,0.6055,0.1081,2026-07-11 00:00:24.228011,1.83,0.6055,2026-07-11 00:00:24.228011,TRUE,FALSE,1,TRUE,0,FALSE,0.108065,2026-07-11 00:00:24.228011,-120,-120
Genesis Scottish Open,round_matchups,betmgm,"Fox, Ryan","Putnam, Andrew",round_matchups betmgm 11889 14704,1.72,0.5985,0.0294,2026-07-11 00:00:24.228011,1.72,0.5985,2026-07-11 00:00:24.228011,TRUE,FALSE,1,TRUE,0,FALSE,0.02942,2026-07-11 00:00:24.228011,-139,-139
Genesis Scottish Open,round_matchups,draftkings,"MacIntyre, Robert","Luiten, Joost",round_matchups draftkings 23323 10158,1.4,0.7322,0.025,2026-07-11 00:00:24.228011,1.4,0.7322,2026-07-11 00:00:24.228011,TRUE,FALSE,4,TRUE,0,FALSE,0.02508,2026-07-11 00:00:24.228011,-250,-250
Genesis Scottish Open,round_matchups,betmgm,"Hojgaard, Nicolai","Thorbjornsen, Michael",round_matchups betmgm 23602 26649,1.72,0.5943,0.0221,2026-07-11 00:00:24.228011,1.72,0.5943,2026-07-11 00:00:24.228011,TRUE,FALSE,2,TRUE,0,FALSE,0.0221960000000001,2026-07-11 00:00:24.228011,-139,-139
Genesis Scottish Open,round_matchups,betmgm,"Cole, Eric","Harman, Brian",round_matchups betmgm 21756 8825,1.9,0.5501,0.0453,2026-07-11 08:05:01.497748,1.9,0.5501,2026-07-11 08:05:01.497748,TRUE,FALSE,1,TRUE,0,FALSE,0.0451900000000001,2026-07-11 08:05:01.497748,-111,-111
Genesis Scottish Open,round_matchups,betmgm,"Roy, Kevin","Reed, Patrick",round_matchups betmgm 18424 14838,2.55,0.4008,0.0222,2026-07-11 08:05:01.497748,2.55,0.4008,2026-07-11 08:05:01.497748,TRUE,FALSE,2,TRUE,0,FALSE,0.0220399999999998,2026-07-11 08:05:01.497748,+155,+155
Genesis Scottish Open,round_matchups,betmgm,"Saddier, Adrien","Norris, Shaun",round_matchups betmgm 14792 7677,1.8,0.5675,0.0214,2026-07-11 08:05:01.497748,1.8,0.5675,2026-07-11 08:05:01.497748,TRUE,FALSE,1,TRUE,0,FALSE,0.0215000000000001,2026-07-11 08:05:01.497748,-125,-125
Genesis Scottish Open,round_matchups,betmgm,"Neergaard-Petersen, Rasmus","Hatton, Tyrrell",round_matchups betmgm 23841 14796,2.5,0.4098,0.0244,2026-07-11 08:05:01.497748,2.5,0.4098,2026-07-11 08:05:01.497748,TRUE,FALSE,0,FALSE,0,FALSE,0.0245,2026-07-11 08:05:01.497748,+150,+150
The Open Championship,3_balls,fanduel,"Harrington, Padraig","Hollick, Michael / Penge, Marco","3_balls fanduel 5716 15993,22465",3.3,0.3269,0.0788,2026-07-13 18:11:33.272483,3.3,0.3269,2026-07-13 18:11:33.272483,TRUE,FALSE,2,TRUE,0,FALSE,0.07877,2026-07-13 18:11:33.272483,+230,+230
The Open Championship,3_balls,fanduel,"Kim, Tom","Horschel, Billy / Howell, Mason","3_balls fanduel 24766 11276,33759",1.91,0.5644,0.0774,2026-07-13 18:11:33.272483,1.91,0.5644,2026-07-13 18:11:33.272483,TRUE,FALSE,1,TRUE,0,FALSE,0.078004,2026-07-13 18:11:33.272483,-110,-110
The Open Championship,3_balls,bet365,"Cauley, Bud","Herbert, Lucas / Schaper, Jayden","3_balls bet365 14502 17064,26991",2.75,0.3885,0.0684,2026-07-13 18:11:33.272483,2.75,0.3885,2026-07-13 18:11:33.272483,TRUE,FALSE,2,TRUE,0,FALSE,0.0683750000000001,2026-07-13 18:11:33.272483,+175,+175
The Open Championship,3_balls,bet365,"Mitchell, Keith","Smith, Cameron / Grehan, Stuart","3_balls bet365 17365 15856,22633",2.4,0.4396,0.0549,2026-07-13 18:11:33.272483,2.4,0.4396,2026-07-13 18:11:33.272483,TRUE,FALSE,3,TRUE,0,FALSE,0.05504,2026-07-13 18:11:33.272483,+140,+140
The Open Championship,3_balls,fanduel,"Bridgeman, Jacob","Neergaard-Petersen, Rasmus / Wiedemeyer, Tim","3_balls fanduel 29433 23841,29973",2.45,0.4242,0.0393,2026-07-13 18:11:33.272483,2.45,0.4242,2026-07-13 18:11:33.272483,TRUE,FALSE,3,TRUE,0,FALSE,0.03929,2026-07-13 18:11:33.272483,+145,+145
The Open Championship,tournament_matchups,betmgm,"Scheffler, Scottie","McIlroy, Rory",tournament_matchups betmgm 18417 10091,1.8,0.5758,0.0364,2026-07-13 18:11:33.272483,1.8,0.5758,2026-07-13 18:11:33.272483,TRUE,FALSE,1,TRUE,0,FALSE,0.03644,2026-07-13 18:11:33.272483,-125,-125
The Open Championship,3_balls,fanduel,"Cole, Eric","Parry, John / Christensen, Tiger","3_balls fanduel 21756 13764,31123",2.35,0.4398,0.0336,2026-07-13 18:11:33.272483,2.35,0.4398,2026-07-13 18:11:33.272483,TRUE,FALSE,1,TRUE,0,FALSE,0.0335300000000001,2026-07-13 18:11:33.272483,+135,+135
The Open Championship,tournament_matchups,betmgm,"Hovland, Viktor","Hatton, Tyrrell",tournament_matchups betmgm 18841 14796,1.85,0.5562,0.029,2026-07-13 18:11:33.272483,1.85,0.5562,2026-07-13 18:11:33.272483,TRUE,FALSE,2,TRUE,0,FALSE,0.0289700000000002,2026-07-13 18:11:33.272483,-118,-118
The Open Championship,3_balls,bet365,"Pulcini, Mateo","Perez, Victor / Ayora, Angel","3_balls bet365 35013 20730,30445",9.5,0.1081,0.0274,2026-07-13 18:11:33.272483,9.5,0.1081,2026-07-13 18:11:33.272483,TRUE,FALSE,1,TRUE,0,FALSE,0.02695,2026-07-13 18:11:33.272483,+850,+850
The Open Championship,tournament_matchups,fanduel,"Reitan, Kristoffer","Smith, Cameron",tournament_matchups fanduel 21407 15856,1.83,0.5566,0.0204,2026-07-13 18:11:33.272483,1.83,0.5566,2026-07-13 18:11:33.272483,TRUE,FALSE,2,TRUE,0,FALSE,0.018578,2026-07-13 18:11:33.272483,-120,-120
The Open Championship,3_balls,bet365,"Duval, David","Southgate, Matthew / Couvra, Martin","3_balls bet365 4761 15191,27811",8.5,0.1699,0.4443,2026-07-13 18:11:33.272483,8.5,0.1699,2026-07-13 18:11:33.272483,TRUE,FALSE,0,FALSE,0,FALSE,0.44415,2026-07-13 18:11:33.272483,+750,+750
The Open Championship,3_balls,bet365,"Wiedemeyer, Tim","Neergaard-Petersen, Rasmus / Bridgeman, Jacob","3_balls bet365 29973 23841,29433",6,0.2041,0.2249,2026-07-13 18:11:33.272483,6,0.2041,2026-07-13 18:11:33.272483,TRUE,FALSE,-2.5,FALSE,0,FALSE,0.2246,2026-07-13 18:11:33.272483,+500,+500
The Open Championship,3_balls,bet365,"Clarke, Darren","Wiesberger, Bernd / Saddier, Adrien","3_balls bet365 3523 14792,9531",5,0.232,0.1602,2026-07-13 18:11:33.272483,5,0.232,2026-07-13 18:11:33.272483,TRUE,FALSE,-1,FALSE,0,FALSE,0.16,2026-07-13 18:11:33.272483,+400,+400
The Open Championship,3_balls,fanduel,"Bairstow, Sam","Truslow, Austen / John, Cameron","3_balls fanduel 28615 18239,19390",2.75,0.4111,0.1306,2026-07-13 18:11:33.272483,2.75,0.4111,2026-07-13 18:11:33.272483,TRUE,FALSE,0,FALSE,0,FALSE,0.130525,2026-07-13 18:11:33.272483,+175,+175
The Open Championship,3_balls,bet365,"Ruiter, Nevill","Yang, Jiho / Higa, Kazuki","3_balls bet365 33707 14419,15756",4.33,0.2608,0.1291,2026-07-13 18:11:33.272483,4.33,0.2608,2026-07-13 18:11:33.272483,TRUE,FALSE,0,FALSE,0,FALSE,0.129264,2026-07-13 18:11:33.272483,+333,+333
The Open Championship,3_balls,bet365,"Yonezawa, Ren","Rozner, Antoine / Surratt, Caleb","3_balls bet365 25739 18770,30463",3.6,0.3122,0.1238,2026-07-13 18:11:33.272483,3.6,0.3122,2026-07-13 18:11:33.272483,TRUE,FALSE,-1,FALSE,0,FALSE,0.12392,2026-07-13 18:11:33.272483,+260,+260
The Open Championship,3_balls,bet365,"Detry, Thomas","Baldwin, Matthew / Nicholas, James","3_balls bet365 14181 13344,27598",2.25,0.4919,0.1067,2026-07-13 18:11:33.272483,2.25,0.4919,2026-07-13 18:11:33.272483,TRUE,FALSE,-1,FALSE,0,FALSE,0.106775,2026-07-13 18:11:33.272483,+125,+125
The Open Championship,3_balls,fanduel,"Detry, Thomas","Baldwin, Matthew / Nicholas, James","3_balls fanduel 14181 13344,27598",2.25,0.4919,0.1067,2026-07-13 18:11:33.272483,2.25,0.4919,2026-07-13 18:11:33.272483,TRUE,FALSE,-1,FALSE,0,FALSE,0.106775,2026-07-13 18:11:33.272483,+125,+125
The Open Championship,3_balls,bet365,"English, Harris","Hojgaard, Rasmus / Bhatia, Akshay","3_balls bet365 14577 23838,26096",2.7,0.405,0.0934,2026-07-13 18:11:33.272483,2.7,0.405,2026-07-13 18:11:33.272483,TRUE,FALSE,0,FALSE,0,FALSE,0.0935000000000001,2026-07-13 18:11:33.272483,+170,+170
The Open Championship,tournament_matchups,fanduel,"Reed, Patrick","DeChambeau, Bryson",tournament_matchups fanduel 14838 19841,1.9,0.5669,0.0771,2026-07-13 18:11:33.272483,1.9,0.5669,2026-07-13 18:11:33.272483,TRUE,FALSE,0,FALSE,0,FALSE,0.0771099999999998,2026-07-13 18:11:33.272483,-111,-111
The Open Championship,tournament_matchups,bet365,"Lee, Min Woo","Spieth, Jordan",tournament_matchups bet365 16841 14636,1.9,0.5645,0.0726,2026-07-13 18:11:33.272483,1.9,0.5645,2026-07-13 18:11:33.272483,TRUE,FALSE,-1,FALSE,0,FALSE,0.0725499999999999,2026-07-13 18:11:33.272483,-111,-111
The Open Championship,3_balls,fanduel,"Docherty, Alistair","Uihlein, Peter / Laporta, Francesco","3_balls fanduel 24962 11357,14987",3.2,0.3349,0.0717,2026-07-13 18:11:33.272483,3.2,0.3349,2026-07-13 18:11:33.272483,TRUE,FALSE,-1,FALSE,0,FALSE,0.07168,2026-07-13 18:11:33.272483,+220,+220
The Open Championship,tournament_matchups,betmgm,"MacIntyre, Robert","Rose, Justin",tournament_matchups betmgm 23323 6093,1.9,0.5635,0.0707,2026-07-13 18:11:33.272483,1.9,0.5635,2026-07-13 18:11:33.272483,TRUE,FALSE,0,FALSE,0,FALSE,0.0706499999999999,2026-07-13 18:11:33.272483,-111,-111
The Open Championship,3_balls,bet365,"John, Cameron","Truslow, Austen / Bairstow, Sam","3_balls bet365 19390 18239,28615",4.33,0.246,0.0651,2026-07-13 18:11:33.272483,4.33,0.246,2026-07-13 18:11:33.272483,TRUE,FALSE,0,FALSE,0,FALSE,0.06518,2026-07-13 18:11:33.272483,+333,+333
The Open Championship,3_balls,bet365,"Stenson, Henrik","Dean, Joe / Homa, Max","3_balls bet365 5994 16497,17538",3.8,0.2775,0.0546,2026-07-13 18:11:33.272483,3.8,0.2775,2026-07-13 18:11:33.272483,TRUE,FALSE,-2,FALSE,0,FALSE,0.0545,2026-07-13 18:11:33.272483,+280,+280
The Open Championship,3_balls,fanduel,"English, Harris","Hojgaard, Rasmus / Bhatia, Akshay","3_balls fanduel 14577 23838,26096",2.6,0.405,0.0529,2026-07-13 18:11:33.272483,2.6,0.405,2026-07-13 18:11:33.272483,TRUE,FALSE,0,FALSE,0,FALSE,0.0530000000000002,2026-07-13 18:11:33.272483,+160,+160
The Open Championship,3_balls,bet365,"Scott, Adam","Burns, Sam / Gotterup, Chris","3_balls bet365 6430 19483,27774",3.5,0.3,0.0501,2026-07-13 18:11:33.272483,3.5,0.3,2026-07-13 18:11:33.272483,TRUE,FALSE,-1,FALSE,0,FALSE,0.05,2026-07-13 18:11:33.272483,+250,+250
The Open Championship,3_balls,bet365,"Cink, Stewart","Vincent, Scott / Lagergren, Joakim","3_balls bet365 5665 14559,14780",2.7,0.3886,0.0491,2026-07-13 18:11:33.272483,2.7,0.3886,2026-07-13 18:11:33.272483,TRUE,FALSE,0,FALSE,0,FALSE,0.04922,2026-07-13 18:11:33.272483,+170,+170
The Open Championship,3_balls,fanduel,"Rai, Aaron","Lowry, Shane / Koepka, Brooks","3_balls fanduel 18554 13900,16243",2.9,0.3597,0.0432,2026-07-13 18:11:33.272483,2.9,0.3597,2026-07-13 18:11:33.272483,TRUE,FALSE,0.5,FALSE,0,FALSE,0.0431300000000001,2026-07-13 18:11:33.272483,+190,+190
The Open Championship,tournament_matchups,fanduel,"McNealy, Maverick","Koepka, Brooks",tournament_matchups fanduel 18634 16243,1.9,0.5479,0.041,2026-07-13 18:11:33.272483,1.9,0.5479,2026-07-13 18:11:33.272483,TRUE,FALSE,0,FALSE,0,FALSE,0.04101,2026-07-13 18:11:33.272483,-111,-111
The Open Championship,3_balls,bet365,"Gerard, Ryan","McNealy, Maverick / Puig, David","3_balls bet365 29767 18634,28984",2.87,0.3626,0.0406,2026-07-13 18:11:33.272483,2.87,0.3626,2026-07-13 18:11:33.272483,TRUE,FALSE,0.5,FALSE,0,FALSE,0.040662,2026-07-13 18:11:33.272483,+187,+187
The Open Championship,3_balls,bet365,"Smyth, Trav","Thorbjornsen, Michael / Kaneko, Kota","3_balls bet365 19232 26649,28268",4.5,0.2311,0.0398,2026-07-13 18:11:33.272483,4.5,0.2311,2026-07-13 18:11:33.272483,TRUE,FALSE,-2,FALSE,0,FALSE,0.0399499999999999,2026-07-13 18:11:33.272483,+350,+350
The Open Championship,3_balls,fanduel,"McKibbin, Tom","Molinari, Francesco / Grinberg, Lev","3_balls fanduel 22322 29461,7655",2.25,0.4616,0.0387,2026-07-13 18:11:33.272483,2.25,0.4616,2026-07-13 18:11:33.272483,TRUE,FALSE,0,FALSE,0,FALSE,0.0386,2026-07-13 18:11:33.272483,+125,+125
The Open Championship,3_balls,fanduel,"Rozner, Antoine","Yonezawa, Ren / Surratt, Caleb","3_balls fanduel 18770 25739,30463",2.6,0.3967,0.0314,2026-07-13 18:11:33.272483,2.6,0.3967,2026-07-13 18:11:33.272483,TRUE,FALSE,-1,FALSE,0,FALSE,0.03142,2026-07-13 18:11:33.272483,+160,+160
The Open Championship,tournament_matchups,bet365,"Rahm, Jon","Gotterup, Chris",tournament_matchups bet365 19195 27774,1.83,0.563,0.0304,2026-07-13 18:11:33.272483,1.83,0.563,2026-07-13 18:11:33.272483,TRUE,FALSE,-2,FALSE,0,FALSE,0.0302899999999999,2026-07-13 18:11:33.272483,-120,-120
The Open Championship,3_balls,fanduel,"Cink, Stewart","Vincent, Scott / Lagergren, Joakim","3_balls fanduel 5665 14559,14780",2.65,0.3886,0.0297,2026-07-13 18:11:33.272483,2.65,0.3886,2026-07-13 18:11:33.272483,TRUE,FALSE,0,FALSE,0,FALSE,0.02979,2026-07-13 18:11:33.272483,+165,+165
The Open Championship,3_balls,bet365,"Hovland, Viktor","Rose, Justin / Henley, Russell","3_balls bet365 18841 14578,6093",2.75,0.3737,0.0276,2026-07-13 18:11:33.272483,2.75,0.3737,2026-07-13 18:11:33.272483,TRUE,FALSE,0.5,FALSE,0,FALSE,0.0276749999999999,2026-07-13 18:11:33.272483,+175,+175
The Open Championship,3_balls,bet365,"Bradley, Keegan","Conners, Corey / Jarvis, Casey","3_balls bet365 13872 17576,26947",2.87,0.358,0.0275,2026-07-13 18:11:33.272483,2.87,0.358,2026-07-13 18:11:33.272483,TRUE,FALSE,0,FALSE,0,FALSE,0.02746,2026-07-13 18:11:33.272483,+187,+187
The Open Championship,3_balls,bet365,"Lowry, Shane","Koepka, Brooks / Rai, Aaron","3_balls bet365 13900 16243,18554",2.7,0.3795,0.0247,2026-07-13 18:11:33.272483,2.7,0.3795,2026-07-13 18:11:33.272483,TRUE,FALSE,0.5,FALSE,0,FALSE,0.0246500000000001,2026-07-13 18:11:33.272483,+170,+170
The Open Championship,tournament_matchups,caesars,"Hovland, Viktor","Rose, Justin",tournament_matchups caesars 18841 6093,1.8,0.5678,0.0221,2026-07-13 18:11:33.272483,1.8,0.5678,2026-07-13 18:11:33.272483,TRUE,FALSE,0,FALSE,0,FALSE,0.0220400000000001,2026-07-13 18:11:33.272483,-125,-125
The Open Championship,tournament_matchups,fanduel,"Hovland, Viktor","Rose, Justin",tournament_matchups fanduel 18841 6093,1.8,0.5678,0.0221,2026-07-13 18:11:33.272483,1.8,0.5678,2026-07-13 18:11:33.272483,TRUE,FALSE,0,FALSE,0,FALSE,0.0220400000000001,2026-07-13 18:11:33.272483,-125,-125
The Open Championship,3_balls,bet365,"Howell, Mason","Horschel, Billy / Kim, Tom","3_balls bet365 33759 11276,24766",8.5,0.1202,0.0216,2026-07-13 18:11:33.272483,8.5,0.1202,2026-07-13 18:11:33.272483,TRUE,FALSE,-0.5,FALSE,0,FALSE,0.0217000000000001,2026-07-13 18:11:33.272483,+750,+750
The Open Championship,3_balls,fanduel,"Scott, Adam","Burns, Sam / Gotterup, Chris","3_balls fanduel 6430 19483,27774",3.4,0.3,0.0201,2026-07-13 18:11:33.272483,3.4,0.3,2026-07-13 18:11:33.272483,TRUE,FALSE,-1,FALSE,0,FALSE,0.02,2026-07-13 18:11:33.272483,+240,+240
The Open Championship,round_matchups,bet365,"Scheffler, Scottie","McIlroy, Rory",round_matchups bet365 18417 10091,1.9,0.5861,0.1137,2026-07-13 20:53:41.74828,1.9,0.5861,2026-07-13 20:53:41.74828,TRUE,FALSE,1,TRUE,0,FALSE,0.11359,2026-07-13 20:53:41.74828,-111,-111
The Open Championship,round_matchups,bet365,"Harman, Brian","Smith, Cameron",round_matchups bet365 8825 15856,1.9,0.5796,0.1013,2026-07-13 20:53:41.74828,1.9,0.5796,2026-07-13 20:53:41.74828,TRUE,FALSE,1,TRUE,0,FALSE,0.10124,2026-07-13 20:53:41.74828,-111,-111
The Open Championship,tournament_matchups,bet365,"Scheffler, Scottie","McIlroy, Rory",tournament_matchups bet365 18417 10091,1.95,0.5519,0.0762,2026-07-13 20:53:41.74828,1.95,0.5519,2026-07-13 20:53:41.74828,TRUE,FALSE,1,TRUE,0,FALSE,0.0762049999999999,2026-07-13 20:53:41.74828,-105,-105
The Open Championship,tournament_matchups,fanduel,"MacIntyre, Robert","Young, Cameron",tournament_matchups fanduel 23323 26651,1.9,0.5613,0.0664,2026-07-13 20:53:41.74828,1.9,0.5613,2026-07-13 20:53:41.74828,TRUE,FALSE,1,TRUE,0,FALSE,0.06647,2026-07-13 20:53:41.74828,-111,-111
The Open Championship,round_matchups,bet365,"Fitzpatrick, Matt","McIlroy, Rory",round_matchups bet365 17646 10091,2.1,0.505,0.0606,2026-07-13 20:53:41.74828,2.1,0.505,2026-07-13 20:53:41.74828,TRUE,FALSE,2,TRUE,0,FALSE,0.0605,2026-07-13 20:53:41.74828,+110,+110
The Open Championship,tournament_matchups,draftkings,"Fitzpatrick, Matt","McIlroy, Rory",tournament_matchups draftkings 17646 10091,2.04,0.5118,0.0442,2026-07-13 20:53:41.74828,2.04,0.5118,2026-07-13 20:53:41.74828,TRUE,FALSE,2,TRUE,0,FALSE,0.0440720000000001,2026-07-13 20:53:41.74828,+104,+104
The Open Championship,tournament_matchups,draftkings,"Fleetwood, Tommy","Scheffler, Scottie",tournament_matchups draftkings 12294 18417,2.38,0.437,0.0401,2026-07-13 20:53:41.74828,2.38,0.437,2026-07-13 20:53:41.74828,TRUE,FALSE,1,TRUE,0,FALSE,0.04006,2026-07-13 20:53:41.74828,+138,+138
The Open Championship,tournament_matchups,caesars,"MacIntyre, Robert","Young, Cameron",tournament_matchups caesars 23323 26651,1.83,0.5613,0.029,2026-07-13 20:53:41.74828,1.83,0.5613,2026-07-13 20:53:41.74828,TRUE,FALSE,1,TRUE,0,FALSE,0.0271790000000001,2026-07-13 20:53:41.74828,-120,-120
The Open Championship,tournament_matchups,draftkings,"Hovland, Viktor","Rahm, Jon",tournament_matchups draftkings 18841 19195,2.1,0.4862,0.0211,2026-07-13 20:53:41.74828,2.1,0.4862,2026-07-13 20:53:41.74828,TRUE,FALSE,2,TRUE,0,FALSE,0.02102,2026-07-13 20:53:41.74828,+110,+110
The Open Championship,3_balls,bet365,"Buchanan, Jack","Svensson, Jesper / Potgieter, Aldrich","3_balls bet365 31844 26850,27900",6,0.1912,0.1471,2026-07-13 20:53:41.74828,6,0.1912,2026-07-13 20:53:41.74828,TRUE,FALSE,-1.5,FALSE,0,FALSE,0.1472,2026-07-13 20:53:41.74828,+500,+500
The Open Championship,round_matchups,bet365,"Fitzpatrick, Alex","Spieth, Jordan",round_matchups bet365 25362 14636,1.9,0.5681,0.0794,2026-07-13 20:53:41.74828,1.9,0.5681,2026-07-13 20:53:41.74828,TRUE,FALSE,0,FALSE,0,FALSE,0.0793900000000001,2026-07-13 20:53:41.74828,-111,-111
The Open Championship,tournament_matchups,caesars,"Aberg, Ludvig","Clark, Wyndham",tournament_matchups caesars 23950 23604,1.95,0.5298,0.0343,2026-07-13 20:53:41.74828,1.95,0.5298,2026-07-13 20:53:41.74828,TRUE,FALSE,-1,FALSE,0,FALSE,0.03311,2026-07-13 20:53:41.74828,-105,-105
The Open Championship,tournament_matchups,draftkings,"Reed, Patrick","Koepka, Brooks",tournament_matchups draftkings 14838 16243,1.7,0.6059,0.0326,2026-07-13 20:53:41.74828,1.7,0.6059,2026-07-13 20:53:41.74828,TRUE,FALSE,-1,FALSE,0,FALSE,0.03003,2026-07-13 20:53:41.74828,-143,-143
The Open Championship,tournament_matchups,fanduel,"Thomas, Justin","Spieth, Jordan",tournament_matchups fanduel 14139 14636,1.8,0.5815,0.0466,2026-07-14 01:59:35.113716,1.8,0.5815,2026-07-14 01:59:35.113716,TRUE,FALSE,0,FALSE,0,FALSE,0.0467,2026-07-14 01:59:35.113716,-125,-125
The Open Championship,round_matchups,bet365,"Perez, Victor","Ayora, Angel",round_matchups bet365 20730 30445,1.9,0.5613,0.0665,2026-07-14 07:08:47.558665,1.9,0.5613,2026-07-14 07:08:47.558665,TRUE,FALSE,0,FALSE,0,FALSE,0.06647,2026-07-14 07:08:47.558665,-111,-111
The Open Championship,tournament_matchups,fanduel,"Rai, Aaron","Hojgaard, Nicolai",tournament_matchups fanduel 18554 23602,1.8,0.5714,0.0286,2026-07-14 07:08:47.558665,1.8,0.5714,2026-07-14 07:08:47.558665,TRUE,FALSE,0,FALSE,0,FALSE,0.0285200000000001,2026-07-14 07:08:47.558665,-125,-125
The Open Championship,tournament_matchups,bet365,"English, Harris","Reitan, Kristoffer",tournament_matchups bet365 14577 21407,1.9,0.5406,0.0271,2026-07-14 07:08:47.558665,1.9,0.5406,2026-07-14 07:08:47.558665,TRUE,FALSE,-1,FALSE,0,FALSE,0.0271399999999999,2026-07-14 07:08:47.558665,-111,-111
The Open Championship,round_matchups,bet365,"Smith, Jordan","Knapp, Jake",round_matchups bet365 18586 19396,1.9,0.5369,0.0202,2026-07-14 07:08:47.558665,1.9,0.5369,2026-07-14 07:08:47.558665,TRUE,FALSE,-1,FALSE,0,FALSE,0.0201100000000001,2026-07-14 07:08:47.558665,-111,-111
The Open Championship,round_matchups,bet365,"MacIntyre, Robert","Rose, Justin",round_matchups bet365 23323 6093,1.9,0.5408,0.0275,2026-07-14 14:16:48.194814,1.9,0.5408,2026-07-14 14:16:48.194814,TRUE,FALSE,1,TRUE,0,FALSE,0.0275199999999998,2026-07-14 14:16:48.194814,-111,-111
The Open Championship,tournament_matchups,caesars,"Burns, Sam","Hatton, Tyrrell",tournament_matchups caesars 19483 14796,2.15,0.4751,0.0215,2026-07-14 14:16:48.194814,2.15,0.4751,2026-07-14 14:16:48.194814,TRUE,FALSE,1,TRUE,0,FALSE,0.0214650000000001,2026-07-14 14:16:48.194814,+115,+115
The Open Championship,3_balls,draftkings,"English, Harris","Hojgaard, Rasmus / Bhatia, Akshay","3_balls draftkings 14577 23838,26096",2.5,0.4085,0.0211,2026-07-14 14:16:48.194814,2.5,0.4085,2026-07-14 14:16:48.194814,TRUE,FALSE,1.5,TRUE,0,FALSE,0.02125,2026-07-14 14:16:48.194814,+150,+150
The Open Championship,3_balls,bet365,"Couvra, Martin","Duval, David / Southgate, Matthew","3_balls bet365 27811 15191,4761",2.15,0.4747,0.0205,2026-07-14 14:16:48.194814,2.15,0.4747,2026-07-14 14:16:48.194814,TRUE,FALSE,1,TRUE,0,FALSE,0.020605,2026-07-14 14:16:48.194814,+115,+115
The Open Championship,3_balls,fanduel,"Molinari, Francesco","McKibbin, Tom / Grinberg, Lev","3_balls fanduel 7655 22322,29461",2.8,0.3687,0.0323,2026-07-14 14:16:48.194814,2.8,0.3687,2026-07-14 14:16:48.194814,TRUE,FALSE,0,FALSE,0,FALSE,0.0323599999999999,2026-07-14 14:16:48.194814,+180,+180
The Open Championship,3_balls,bet365,"Grinberg, Lev","Molinari, Francesco / McKibbin, Tom","3_balls bet365 29461 22322,7655",6,0.1715,0.0291,2026-07-14 14:16:48.194814,6,0.1715,2026-07-14 14:16:48.194814,TRUE,FALSE,-1,FALSE,0,FALSE,0.0290000000000001,2026-07-14 14:16:48.194814,+500,+500
The Open Championship,round_matchups,fanduel,"Spaun, J.J.","Koepka, Brooks",round_matchups fanduel 17536 16243,1.83,0.5603,0.0271,2026-07-14 14:16:48.194814,1.83,0.5603,2026-07-14 14:16:48.194814,TRUE,FALSE,0,FALSE,0,FALSE,0.0253490000000001,2026-07-14 14:16:48.194814,-120,-120
The Open Championship,3_balls,draftkings,"Cink, Stewart","Vincent, Scott / Lagergren, Joakim","3_balls draftkings 5665 14559,14780",2.62,0.3916,0.0261,2026-07-14 14:16:48.194814,2.62,0.3916,2026-07-14 14:16:48.194814,TRUE,FALSE,-1,FALSE,0,FALSE,0.025992,2026-07-14 14:16:48.194814,+162,+162
The Open Championship,tournament_matchups,fanduel,"Cantlay, Patrick","Lowry, Shane",tournament_matchups fanduel 15466 13900,2.1,0.4871,0.023,2026-07-14 14:16:48.194814,2.1,0.4871,2026-07-14 14:16:48.194814,TRUE,FALSE,-1,FALSE,0,FALSE,0.02291,2026-07-14 14:16:48.194814,+110,+110
The Open Championship,3_balls,bet365,"Laporta, Francesco","Uihlein, Peter / Docherty, Alistair","3_balls bet365 14987 11357,24962",2.62,0.3901,0.0221,2026-07-14 14:16:48.194814,2.62,0.3901,2026-07-14 14:16:48.194814,TRUE,FALSE,-1,FALSE,0,FALSE,0.022062,2026-07-14 14:16:48.194814,+162,+162
The Open Championship,tournament_matchups,bet365,"Hovland, Viktor","Hatton, Tyrrell",tournament_matchups bet365 18841 14796,2,0.5342,0.0684,2026-07-14 19:48:08.358371,2,0.5342,2026-07-14 19:48:08.358371,TRUE,FALSE,2,TRUE,0,FALSE,0.0684,2026-07-14 19:48:08.358371,+100,+100
The Open Championship,tournament_matchups,caesars,"Koepka, Brooks","McNealy, Maverick",tournament_matchups caesars 16243 18634,2.25,0.4574,0.0292,2026-07-14 19:48:08.358371,2.25,0.4574,2026-07-14 19:48:08.358371,TRUE,FALSE,1,TRUE,0,FALSE,0.02915,2026-07-14 19:48:08.358371,+125,+125
The Open Championship,3_balls,betmgm,"Cink, Stewart","Vincent, Scott / Lagergren, Joakim","3_balls betmgm 5665 14559,14780",2.7,0.3916,0.0574,2026-07-14 21:54:10.955013,2.7,0.3916,2026-07-14 21:54:10.955013,TRUE,FALSE,-1,FALSE,0,FALSE,0.05732,2026-07-14 21:54:10.955013,+170,+170
The Open Championship,3_balls,betmgm,"Docherty, Alistair","Uihlein, Peter / Laporta, Francesco","3_balls betmgm 24962 11357,14987",3.1,0.3345,0.0371,2026-07-14 21:54:10.955013,3.1,0.3345,2026-07-14 21:54:10.955013,TRUE,FALSE,-1,FALSE,0,FALSE,0.03695,2026-07-14 21:54:10.955013,+210,+210
The Open Championship,tournament_matchups,caesars,"Schaper, Jayden","Potgieter, Aldrich",tournament_matchups caesars 26991 27900,1.77,0.5941,0.0511,2026-07-15 01:55:41.259082,1.77,0.5941,2026-07-15 01:55:41.259082,TRUE,FALSE,-1,FALSE,0,FALSE,0.0515569999999999,2026-07-15 01:55:41.259082,-130,-130
The Open Championship,round_matchups,bet365,"Hovland, Viktor","Hatton, Tyrrell",round_matchups bet365 18841 14796,1.9,0.5417,0.0292,2026-07-15 04:48:19.778881,1.9,0.5417,2026-07-15 04:48:19.778881,TRUE,FALSE,2,TRUE,0,FALSE,0.0292299999999999,2026-07-15 04:48:19.778881,-111,-111
The Open Championship,round_matchups,bet365,"Fowler, Rickie","Kitayama, Kurt",round_matchups bet365 12965 21891,1.9,0.5433,0.0323,2026-07-15 04:48:19.778881,1.9,0.5433,2026-07-15 04:48:19.778881,TRUE,FALSE,0,FALSE,0,FALSE,0.03227,2026-07-15 04:48:19.778881,-111,-111
The Open Championship,tournament_matchups,caesars,"McKibbin, Tom","Puig, David",tournament_matchups caesars 22322 28984,1.8,0.5717,0.029,2026-07-15 04:48:19.778881,1.8,0.5717,2026-07-15 04:48:19.778881,TRUE,FALSE,-1,FALSE,0,FALSE,0.0290600000000001,2026-07-15 04:48:19.778881,-125,-125
The Open Championship,3_balls,betmgm,"Duval, David","Southgate, Matthew / Couvra, Martin","3_balls betmgm 4761 15191,27811",7.5,0.1672,0.2542,2026-07-15 12:45:00.064649,7.5,0.1672,2026-07-15 12:45:00.064649,TRUE,FALSE,-1,FALSE,0,FALSE,0.254,2026-07-15 12:45:00.064649,+650,+650
The Open Championship,round_matchups,bet365,"Schauffele, Xander","Gotterup, Chris",round_matchups bet365 19895 27774,1.9,0.5388,0.0237,2026-07-15 16:16:48.513106,1.9,0.5388,2026-07-15 16:16:48.513106,TRUE,FALSE,-1,FALSE,0,FALSE,0.0237199999999997,2026-07-15 16:16:48.513106,-111,-111
The Open Championship,3_balls,fanduel,"Parry, John","Cole, Eric / Christensen, Tiger","3_balls fanduel 13764 21756,31123",2.45,0.4174,0.0225,2026-07-15 22:35:47.31258,2.45,0.4174,2026-07-15 22:35:47.31258,TRUE,FALSE,-1,FALSE,0,FALSE,0.0226300000000002,2026-07-15 22:35:47.31258,+145,+145
The Open Championship,tournament_matchups,caesars,"Thorbjornsen, Michael","Bhatia, Akshay",tournament_matchups caesars 26649 26096,2.22,0.4693,0.0417,2026-07-16 01:04:33.446577,2.22,0.4693,2026-07-16 01:04:33.446577,TRUE,FALSE,1,TRUE,0,FALSE,0.0418460000000001,2026-07-16 01:04:33.446577,+122,+122
The Open Championship,tournament_matchups,fanduel,"Thorbjornsen, Michael","Bhatia, Akshay",tournament_matchups fanduel 26649 26096,2.2,0.4693,0.0324,2026-07-16 01:04:33.446577,2.2,0.4693,2026-07-16 01:04:33.446577,TRUE,FALSE,1,TRUE,0,FALSE,0.0324600000000002,2026-07-16 01:04:33.446577,+120,+120
The Open Championship,3_balls,fanduel,"Hojgaard, Nicolai","Spaun, J.J. / Morikawa, Collin","3_balls fanduel 23602 17536,22085",3.4,0.3017,0.0258,2026-07-16 07:06:46.073544,3.4,0.3017,2026-07-16 07:06:46.073544,TRUE,FALSE,1,TRUE,0,FALSE,0.0257800000000001,2026-07-16 07:06:46.073544,+240,+240
The Open Championship,tournament_matchups,fanduel,"Kim, Si Woo","Lee, Min Woo",tournament_matchups fanduel 14609 16841,1.9,0.5389,0.0239,2026-07-16 07:06:46.073544,1.9,0.5389,2026-07-16 07:06:46.073544,TRUE,FALSE,0,FALSE,0,FALSE,0.0239100000000001,2026-07-16 07:06:46.073544,-111,-111
The Open Championship,3_balls,bet365,"Nicholas, James","Baldwin, Matthew / Detry, Thomas","3_balls bet365 27598 13344,14181",6,0.219,0.3139,2026-07-16 21:41:22.806913,6,0.219,2026-07-16 21:41:22.806913,TRUE,FALSE,1,TRUE,0,FALSE,0.314,2026-07-16 21:41:22.806913,+500,+500
The Open Championship,3_balls,caesars,"Bairstow, Sam","Truslow, Austen / John, Cameron","3_balls caesars 28615 18239,19390",2.55,0.4291,0.0943,2026-07-16 21:41:22.806913,2.55,0.4291,2026-07-16 21:41:22.806913,TRUE,FALSE,1,TRUE,0,FALSE,0.0942049999999999,2026-07-16 21:41:22.806913,+155,+155
The Open Championship,round_matchups,draftkings,"Kim, Si Woo","DeChambeau, Bryson",round_matchups draftkings 14609 19841,1.89,0.5731,0.0847,2026-07-16 21:41:22.806913,1.89,0.5731,2026-07-16 21:41:22.806913,TRUE,FALSE,2,TRUE,0,FALSE,0.083159,2026-07-16 21:41:22.806913,-112,-112
The Open Championship,round_matchups,draftkings,"Cauley, Bud","Straka, Sepp",round_matchups draftkings 14502 17511,2.02,0.53,0.0706,2026-07-16 21:41:22.806913,2.02,0.53,2026-07-16 21:41:22.806913,TRUE,FALSE,1,TRUE,0,FALSE,0.0706,2026-07-16 21:41:22.806913,+102,+102
The Open Championship,3_balls,fanduel,"Mitchell, Keith","Smith, Cameron / Grehan, Stuart","3_balls fanduel 17365 15856,22633",2.35,0.455,0.0692,2026-07-16 21:41:22.806913,2.35,0.455,2026-07-16 21:41:22.806913,TRUE,FALSE,3,TRUE,0,FALSE,0.06925,2026-07-16 21:41:22.806913,+135,+135
The Open Championship,3_balls,draftkings,"Gerard, Ryan","McNealy, Maverick / Puig, David","3_balls draftkings 29767 18634,28984",2.8,0.3776,0.0573,2026-07-16 21:41:22.806913,2.8,0.3776,2026-07-16 21:41:22.806913,TRUE,FALSE,1,TRUE,0,FALSE,0.05728,2026-07-16 21:41:22.806913,+180,+180
The Open Championship,3_balls,draftkings,"Hovland, Viktor","Rose, Justin / Henley, Russell","3_balls draftkings 18841 14578,6093",2.7,0.3903,0.0538,2026-07-16 21:41:22.806913,2.7,0.3903,2026-07-16 21:41:22.806913,TRUE,FALSE,1.5,TRUE,0,FALSE,0.0538099999999999,2026-07-16 21:41:22.806913,+170,+170
The Open Championship,round_matchups,bet365,"Reitan, Kristoffer","Smith, Cameron",round_matchups bet365 21407 15856,1.9,0.5529,0.0506,2026-07-16 21:41:22.806913,1.9,0.5529,2026-07-16 21:41:22.806913,TRUE,FALSE,3,TRUE,0,FALSE,0.0505099999999998,2026-07-16 21:41:22.806913,-111,-111
The Open Championship,3_balls,fanduel,"Fleetwood, Tommy","Spieth, Jordan / Rahm, Jon","3_balls fanduel 12294 14636,19195",2.45,0.4264,0.0447,2026-07-16 21:41:22.806913,2.45,0.4264,2026-07-16 21:41:22.806913,TRUE,FALSE,1.5,TRUE,0,FALSE,0.0446800000000001,2026-07-16 21:41:22.806913,+145,+145
The Open Championship,3_balls,fanduel,"Fox, Ryan","Novak, Andrew / Jordan, Matthew","3_balls fanduel 11889 23475,25601",2.6,0.3991,0.0377,2026-07-16 21:41:22.806913,2.6,0.3991,2026-07-16 21:41:22.806913,TRUE,FALSE,1.5,TRUE,0,FALSE,0.03766,2026-07-16 21:41:22.806913,+160,+160
The Open Championship,round_matchups,draftkings,"Fleetwood, Tommy","Scheffler, Scottie",round_matchups draftkings 12294 18417,2.28,0.4551,0.0376,2026-07-16 21:41:22.806913,2.28,0.4551,2026-07-16 21:41:22.806913,TRUE,FALSE,1,TRUE,0,FALSE,0.037628,2026-07-16 21:41:22.806913,+128,+128
The Open Championship,3_balls,fanduel,"Kitayama, Kurt","Straka, Sepp / Niemann, Joaquin","3_balls fanduel 21891 17511,18079",2.8,0.3697,0.0352,2026-07-16 21:41:22.806913,2.8,0.3697,2026-07-16 21:41:22.806913,TRUE,FALSE,1,TRUE,0,FALSE,0.0351599999999999,2026-07-16 21:41:22.806913,+180,+180
The Open Championship,3_balls,draftkings,"Fitzpatrick, Matt","McIlroy, Rory / Schauffele, Xander","3_balls draftkings 17646 10091,19895",2.9,0.3553,0.0305,2026-07-16 21:41:22.806913,2.9,0.3553,2026-07-16 21:41:22.806913,TRUE,FALSE,1.5,TRUE,0,FALSE,0.03037,2026-07-16 21:41:22.806913,+190,+190
The Open Championship,3_balls,draftkings,"Du Plessis, Hennie","Ballester, Jose Luis / Bradbury, Dan","3_balls draftkings 19421 28473,29971",2.64,0.3884,0.0254,2026-07-16 21:41:22.806913,2.64,0.3884,2026-07-16 21:41:22.806913,TRUE,FALSE,1,TRUE,0,FALSE,0.0253760000000001,2026-07-16 21:41:22.806913,+164,+164
The Open Championship,3_balls,caesars,"Mitchell, Keith","Smith, Cameron / Grehan, Stuart","3_balls caesars 17365 15856,22633",2.25,0.455,0.0237,2026-07-16 21:41:22.806913,2.25,0.455,2026-07-16 21:41:22.806913,TRUE,FALSE,3,TRUE,0,FALSE,0.0237499999999999,2026-07-16 21:41:22.806913,+125,+125
The Open Championship,3_balls,draftkings,"Fleetwood, Tommy","Spieth, Jordan / Rahm, Jon","3_balls draftkings 12294 14636,19195",2.4,0.4264,0.0234,2026-07-16 21:41:22.806913,2.4,0.4264,2026-07-16 21:41:22.806913,TRUE,FALSE,1.5,TRUE,0,FALSE,0.02336,2026-07-16 21:41:22.806913,+140,+140
The Open Championship,3_balls,draftkings,"Kitayama, Kurt","Straka, Sepp / Niemann, Joaquin","3_balls draftkings 21891 17511,18079",2.76,0.3697,0.0204,2026-07-16 21:41:22.806913,2.76,0.3697,2026-07-16 21:41:22.806913,TRUE,FALSE,1,TRUE,0,FALSE,0.0203719999999998,2026-07-16 21:41:22.806913,+176,+176
The Open Championship,3_balls,bet365,"Laopakdee, Fifa","Im, Sungjae / Brown, Dan","3_balls bet365 27019 17488,20766",11,0.1171,0.2877,2026-07-16 21:41:22.806913,11,0.1171,2026-07-16 21:41:22.806913,TRUE,FALSE,-3,FALSE,0,FALSE,0.2881,2026-07-16 21:41:22.806913,+1000,+1000
The Open Championship,3_balls,bet365,"Christensen, Tiger","Parry, John / Cole, Eric","3_balls bet365 31123 13764,21756",8,0.1484,0.1869,2026-07-16 21:41:22.806913,8,0.1484,2026-07-16 21:41:22.806913,TRUE,FALSE,-3.5,FALSE,0,FALSE,0.1872,2026-07-16 21:41:22.806913,+700,+700
The Open Championship,3_balls,draftkings,"Parry, John","Cole, Eric / Christensen, Tiger","3_balls draftkings 13764 21756,31123",2.42,0.4475,0.083,2026-07-16 21:41:22.806913,2.42,0.4475,2026-07-16 21:41:22.806913,TRUE,FALSE,-1,FALSE,0,FALSE,0.0829500000000001,2026-07-16 21:41:22.806913,+142,+142
The Open Championship,3_balls,betmgm,"Parry, John","Cole, Eric / Christensen, Tiger","3_balls betmgm 13764 21756,31123",2.4,0.4475,0.0741,2026-07-16 21:41:22.806913,2.4,0.4475,2026-07-16 21:41:22.806913,TRUE,FALSE,-1,FALSE,0,FALSE,0.0740000000000001,2026-07-16 21:41:22.806913,+140,+140
The Open Championship,round_matchups,bet365,"Cantlay, Patrick","Koepka, Brooks",round_matchups bet365 15466 16243,1.9,0.5593,0.0627,2026-07-16 21:41:22.806913,1.9,0.5593,2026-07-16 21:41:22.806913,TRUE,FALSE,0,FALSE,0,FALSE,0.06267,2026-07-16 21:41:22.806913,-111,-111
The Open Championship,3_balls,draftkings,"Smith, Jordan","Woodland, Gary / Knapp, Jake","3_balls draftkings 18586 12577,19396",2.68,0.393,0.0532,2026-07-16 21:41:22.806913,2.68,0.393,2026-07-16 21:41:22.806913,TRUE,FALSE,-0.5,FALSE,0,FALSE,0.0532400000000002,2026-07-16 21:41:22.806913,+168,+168
The Open Championship,round_matchups,draftkings,"Lowry, Shane","Gotterup, Chris",round_matchups draftkings 13900 27774,2.06,0.511,0.0526,2026-07-16 21:41:22.806913,2.06,0.511,2026-07-16 21:41:22.806913,TRUE,FALSE,0,FALSE,0,FALSE,0.0526600000000002,2026-07-16 21:41:22.806913,+106,+106
The Open Championship,3_balls,fanduel,"Horschel, Billy","Kim, Tom / Howell, Mason","3_balls fanduel 11276 24766,33759",3.3,0.3179,0.049,2026-07-16 21:41:22.806913,3.3,0.3179,2026-07-16 21:41:22.806913,TRUE,FALSE,0,FALSE,0,FALSE,0.04907,2026-07-16 21:41:22.806913,+230,+230
The Open Championship,3_balls,fanduel,"Henley, Russell","Rose, Justin / Hovland, Viktor","3_balls fanduel 14578 18841,6093",3.2,0.3255,0.0417,2026-07-16 21:41:22.806913,3.2,0.3255,2026-07-16 21:41:22.806913,TRUE,FALSE,-1.5,FALSE,0,FALSE,0.0416000000000001,2026-07-16 21:41:22.806913,+220,+220
The Open Championship,3_balls,betmgm,"Wallace, Matt","Greyserman, Max / Chacarra, Eugenio","3_balls betmgm 20706 23465,26745",2.75,0.3786,0.041,2026-07-16 21:41:22.806913,2.75,0.3786,2026-07-16 21:41:22.806913,TRUE,FALSE,0.5,FALSE,0,FALSE,0.04115,2026-07-16 21:41:22.806913,+175,+175
The Open Championship,3_balls,draftkings,"Wallace, Matt","Greyserman, Max / Chacarra, Eugenio","3_balls draftkings 20706 23465,26745",2.75,0.3786,0.041,2026-07-16 21:41:22.806913,2.75,0.3786,2026-07-16 21:41:22.806913,TRUE,FALSE,0.5,FALSE,0,FALSE,0.04115,2026-07-16 21:41:22.806913,+175,+175
The Open Championship,3_balls,draftkings,"Hatton, Tyrrell","Scheffler, Scottie / DeChambeau, Bryson","3_balls draftkings 14796 18417,19841",3.6,0.2871,0.0336,2026-07-16 21:41:22.806913,3.6,0.2871,2026-07-16 21:41:22.806913,TRUE,FALSE,0,FALSE,0,FALSE,0.03356,2026-07-16 21:41:22.806913,+260,+260
The Open Championship,3_balls,draftkings,"Rozner, Antoine","Yonezawa, Ren / Surratt, Caleb","3_balls draftkings 18770 25739,30463",2.46,0.4201,0.0334,2026-07-16 21:41:22.806913,2.46,0.4201,2026-07-16 21:41:22.806913,TRUE,FALSE,0,FALSE,0,FALSE,0.0334459999999999,2026-07-16 21:41:22.806913,+146,+146
The Open Championship,3_balls,bet365,"Svensson, Jesper","Potgieter, Aldrich / Buchanan, Jack","3_balls bet365 26850 27900,31844",2.5,0.413,0.0324,2026-07-16 21:41:22.806913,2.5,0.413,2026-07-16 21:41:22.806913,TRUE,FALSE,-1,FALSE,0,FALSE,0.0325,2026-07-16 21:41:22.806913,+150,+150
The Open Championship,3_balls,betmgm,"Fowler, Rickie","MacIntyre, Robert / Fitzpatrick, Alex","3_balls betmgm 12965 23323,25362",3.75,0.2745,0.0294,2026-07-16 21:41:22.806913,3.75,0.2745,2026-07-16 21:41:22.806913,TRUE,FALSE,-1,FALSE,0,FALSE,0.0293750000000002,2026-07-16 21:41:22.806913,+275,+275
The Open Championship,3_balls,fanduel,"Schauffele, Xander","McIlroy, Rory / Fitzpatrick, Matt","3_balls fanduel 19895 10091,17646",3.5,0.2939,0.0285,2026-07-16 21:41:22.806913,3.5,0.2939,2026-07-16 21:41:22.806913,TRUE,FALSE,0,FALSE,0,FALSE,0.0286500000000001,2026-07-16 21:41:22.806913,+250,+250
The Open Championship,3_balls,draftkings,"Lowry, Shane","Koepka, Brooks / Rai, Aaron","3_balls draftkings 13900 16243,18554",2.72,0.378,0.0282,2026-07-16 21:41:22.806913,2.72,0.378,2026-07-16 21:41:22.806913,TRUE,FALSE,0.5,FALSE,0,FALSE,0.0281600000000002,2026-07-16 21:41:22.806913,+172,+172
The Open Championship,3_balls,fanduel,"Wiesberger, Bernd","Clarke, Darren / Saddier, Adrien","3_balls fanduel 9531 14792,3523",2.35,0.4363,0.0252,2026-07-16 21:41:22.806913,2.35,0.4363,2026-07-16 21:41:22.806913,TRUE,FALSE,-1,FALSE,0,FALSE,0.0253050000000001,2026-07-16 21:41:22.806913,+135,+135
The Open Championship,3_balls,fanduel,"Griffin, Ben","Matsuyama, Hideki / Lee, Min Woo","3_balls fanduel 24968 13562,16841",3,0.3407,0.0222,2026-07-16 21:41:22.806913,3,0.3407,2026-07-16 21:41:22.806913,TRUE,FALSE,0.5,FALSE,0,FALSE,0.0221,2026-07-16 21:41:22.806913,+200,+200
The Open Championship,3_balls,draftkings,"Echavarria, Nico","Cantlay, Patrick / Berger, Daniel","3_balls draftkings 22833 15466,17606",3.5,0.292,0.0219,2026-07-16 21:41:22.806913,3.5,0.292,2026-07-16 21:41:22.806913,TRUE,FALSE,0,FALSE,0,FALSE,0.022,2026-07-16 21:41:22.806913,+250,+250
The Open Championship,3_balls,caesars,"Detry, Thomas","Baldwin, Matthew / Nicholas, James","3_balls caesars 14181 13344,27598",2,0.5104,0.0208,2026-07-16 21:41:22.806913,2,0.5104,2026-07-16 21:41:22.806913,TRUE,FALSE,-1,FALSE,0,FALSE,0.0207999999999999,2026-07-16 21:41:22.806913,+100,+100
The Open Championship,3_balls,betmgm,"Lowry, Shane","Koepka, Brooks / Rai, Aaron","3_balls betmgm 13900 16243,18554",2.7,0.378,0.0207,2026-07-16 21:41:22.806913,2.7,0.378,2026-07-16 21:41:22.806913,TRUE,FALSE,0.5,FALSE,0,FALSE,0.0206000000000002,2026-07-16 21:41:22.806913,+170,+170
The Open Championship,round_matchups,fanduel,"Fitzpatrick, Matt","Clark, Wyndham",round_matchups fanduel 17646 23604,1.73,0.5915,0.0217,2026-07-16 22:53:27.655601,1.73,0.5915,2026-07-16 22:53:27.655601,TRUE,FALSE,0,FALSE,0,FALSE,0.0232950000000001,2026-07-16 22:53:27.655601,-137,-137
The Open Championship,3_balls,fanduel,"Hovland, Viktor","Rose, Justin / Henley, Russell","3_balls fanduel 18841 14578,6093",2.7,0.3903,0.0538,2026-07-16 23:54:34.880771,2.7,0.3903,2026-07-16 23:54:34.880771,TRUE,FALSE,1.5,TRUE,0,FALSE,0.0538099999999999,2026-07-16 23:54:34.880771,+170,+170
The Open Championship,3_balls,betmgm,"Clarke, Darren","Wiesberger, Bernd / Saddier, Adrien","3_balls betmgm 3523 14792,9531",4.35,0.243,0.0573,2026-07-16 23:54:34.880771,4.35,0.243,2026-07-16 23:54:34.880771,TRUE,FALSE,-1.5,FALSE,0,FALSE,0.0570499999999998,2026-07-16 23:54:34.880771,+335,+335
The Open Championship,3_balls,fanduel,"Hollick, Michael","Harrington, Padraig / Penge, Marco","3_balls fanduel 15993 22465,5716",3.5,0.2985,0.0449,2026-07-17 05:24:05.76476,3.5,0.2985,2026-07-17 05:24:05.76476,TRUE,FALSE,-2,FALSE,0,FALSE,0.0447500000000001,2026-07-17 05:24:05.76476,+250,+250
The Open Championship,round_matchups,fanduel,"Bridgeman, Jacob","McIlroy, Rory",round_matchups fanduel 29433 10091,3.25,0.3459,0.1241,2026-07-17 23:31:20.42236,3.25,0.3459,2026-07-17 23:31:20.42236,TRUE,FALSE,2,TRUE,0,FALSE,0.124175,2026-07-17 23:31:20.42236,+225,+225
The Open Championship,round_matchups,draftkings,"Bridgeman, Jacob","McIlroy, Rory",round_matchups draftkings 29433 10091,3.2,0.3459,0.1068,2026-07-17 23:31:20.42236,3.2,0.3459,2026-07-17 23:31:20.42236,TRUE,FALSE,2,TRUE,0,FALSE,0.10688,2026-07-17 23:31:20.42236,+220,+220
The Open Championship,round_matchups,draftkings,"Gerard, Ryan","Young, Cameron",round_matchups draftkings 29767 26651,2.38,0.455,0.0829,2026-07-17 23:31:20.42236,2.38,0.455,2026-07-17 23:31:20.42236,TRUE,FALSE,1,TRUE,0,FALSE,0.0829,2026-07-17 23:31:20.42236,+138,+138
The Open Championship,round_matchups,fanduel,"Fox, Ryan","Schauffele, Xander",round_matchups fanduel 11889 19895,2.62,0.4086,0.0725,2026-07-17 23:31:20.42236,2.62,0.4086,2026-07-17 23:31:20.42236,TRUE,FALSE,1,TRUE,0,FALSE,0.070532,2026-07-17 23:31:20.42236,+162,+162
The Open Championship,round_matchups,fanduel,"Brown, Dan","John, Cameron",round_matchups fanduel 20766 19390,1.62,0.6587,0.064,2026-07-17 23:31:20.42236,1.62,0.6587,2026-07-17 23:31:20.42236,TRUE,FALSE,2,TRUE,0,FALSE,0.067094,2026-07-17 23:31:20.42236,-161,-161
The Open Championship,round_matchups,fanduel,"Echavarria, Nico","Southgate, Matthew",round_matchups fanduel 22833 15191,1.73,0.6064,0.0474,2026-07-17 23:31:20.42236,1.73,0.6064,2026-07-17 23:31:20.42236,TRUE,FALSE,3,TRUE,0,FALSE,0.049072,2026-07-17 23:31:20.42236,-137,-137
The Open Championship,round_matchups,draftkings,"Fox, Ryan","Schauffele, Xander",round_matchups draftkings 11889 19895,2.56,0.4086,0.0459,2026-07-17 23:31:20.42236,2.56,0.4086,2026-07-17 23:31:20.42236,TRUE,FALSE,1,TRUE,0,FALSE,0.0460160000000001,2026-07-17 23:31:20.42236,+156,+156
The Open Championship,round_matchups,draftkings,"Kim, Si Woo","Young, Cameron",round_matchups draftkings 14609 26651,1.98,0.5244,0.0385,2026-07-17 23:31:20.42236,1.98,0.5244,2026-07-17 23:31:20.42236,TRUE,FALSE,1,TRUE,0,FALSE,0.0383119999999999,2026-07-17 23:31:20.42236,-102,-102
The Open Championship,round_matchups,fanduel,"Conners, Corey","Straka, Sepp",round_matchups fanduel 17576 17511,1.9,0.5442,0.0339,2026-07-17 23:31:20.42236,1.9,0.5442,2026-07-17 23:31:20.42236,TRUE,FALSE,1,TRUE,0,FALSE,0.0339799999999999,2026-07-17 23:31:20.42236,-111,-111
The Open Championship,round_matchups,draftkings,"Burns, Sam","DeChambeau, Bryson",round_matchups draftkings 19483 19841,1.98,0.5199,0.0296,2026-07-17 23:31:20.42236,1.98,0.5199,2026-07-17 23:31:20.42236,TRUE,FALSE,2,TRUE,0,FALSE,0.0294020000000002,2026-07-17 23:31:20.42236,-102,-102
The Open Championship,round_matchups,draftkings,"Fleetwood, Tommy","Rahm, Jon",round_matchups draftkings 12294 19195,1.91,0.537,0.0251,2026-07-17 23:31:20.42236,1.91,0.537,2026-07-17 23:31:20.42236,TRUE,FALSE,2,TRUE,0,FALSE,0.0256700000000001,2026-07-17 23:31:20.42236,-110,-110
The Open Championship,round_matchups,fanduel,"Gerard, Ryan","Young, Cameron",round_matchups fanduel 29767 26651,2.25,0.455,0.0238,2026-07-17 23:31:20.42236,2.25,0.455,2026-07-17 23:31:20.42236,TRUE,FALSE,1,TRUE,0,FALSE,0.0237499999999999,2026-07-17 23:31:20.42236,+125,+125
The Open Championship,round_matchups,draftkings,"Molinari, Francesco","Scheffler, Scottie",round_matchups draftkings 7655 18417,4.25,0.2684,0.1409,2026-07-17 23:31:20.42236,4.25,0.2684,2026-07-17 23:31:20.42236,TRUE,FALSE,-2,FALSE,0,FALSE,0.1407,2026-07-17 23:31:20.42236,+325,+325
The Open Championship,round_matchups,draftkings,"Bradley, Keegan","Potgieter, Aldrich",round_matchups draftkings 13872 27900,1.82,0.6119,0.1134,2026-07-17 23:31:20.42236,1.82,0.6119,2026-07-17 23:31:20.42236,TRUE,FALSE,0,FALSE,0,FALSE,0.113658,2026-07-17 23:31:20.42236,-122,-122
The Open Championship,round_matchups,draftkings,"Scott, Adam","Gotterup, Chris",round_matchups draftkings 6430 27774,2.26,0.4642,0.0491,2026-07-17 23:31:20.42236,2.26,0.4642,2026-07-17 23:31:20.42236,TRUE,FALSE,-1,FALSE,0,FALSE,0.0490919999999999,2026-07-17 23:31:20.42236,+126,+126
The Open Championship,round_matchups,bet365,"Rahm, Jon","McIlroy, Rory",round_matchups bet365 19195 10091,2.2,0.4737,0.0421,2026-07-17 23:31:20.42236,2.2,0.4737,2026-07-17 23:31:20.42236,TRUE,FALSE,0,FALSE,0,FALSE,0.0421400000000001,2026-07-17 23:31:20.42236,+120,+120
The Open Championship,round_matchups,draftkings,"Neergaard-Petersen, Rasmus","Morikawa, Collin",round_matchups draftkings 23841 22085,2.66,0.3918,0.0421,2026-07-17 23:31:20.42236,2.66,0.3918,2026-07-17 23:31:20.42236,TRUE,FALSE,-1,FALSE,0,FALSE,0.0421880000000001,2026-07-17 23:31:20.42236,+166,+166
The Open Championship,round_matchups,draftkings,"Jarvis, Casey","Kitayama, Kurt",round_matchups draftkings 26947 21891,2.28,0.4536,0.0342,2026-07-17 23:31:20.42236,2.28,0.4536,2026-07-17 23:31:20.42236,TRUE,FALSE,-2,FALSE,0,FALSE,0.034208,2026-07-17 23:31:20.42236,+128,+128
The Open Championship,round_matchups,draftkings,"Sullivan, Andy","Cantlay, Patrick",round_matchups draftkings 15326 15466,2.7,0.3821,0.0318,2026-07-17 23:31:20.42236,2.7,0.3821,2026-07-17 23:31:20.42236,TRUE,FALSE,-2,FALSE,0,FALSE,0.0316700000000001,2026-07-17 23:31:20.42236,+170,+170
The Open Championship,round_matchups,fanduel,"Neergaard-Petersen, Rasmus","Morikawa, Collin",round_matchups fanduel 23841 22085,2.62,0.3918,0.0284,2026-07-17 23:31:20.42236,2.62,0.3918,2026-07-17 23:31:20.42236,TRUE,FALSE,-1,FALSE,0,FALSE,0.026516,2026-07-17 23:31:20.42236,+162,+162
The Open Championship,round_matchups,draftkings,"McDonald, Jack","Henley, Russell",round_matchups draftkings 16372 14578,3.7,0.2772,0.0258,2026-07-17 23:31:20.42236,3.7,0.2772,2026-07-17 23:31:20.42236,TRUE,FALSE,-2,FALSE,0,FALSE,0.0256400000000001,2026-07-17 23:31:20.42236,+270,+270
The Open Championship,round_matchups,draftkings,"Parry, John","Thorbjornsen, Michael",round_matchups draftkings 13764 26649,2.16,0.4746,0.025,2026-07-17 23:31:20.42236,2.16,0.4746,2026-07-17 23:31:20.42236,TRUE,FALSE,0,FALSE,0,FALSE,0.025136,2026-07-17 23:31:20.42236,+116,+116
The Open Championship,round_matchups,betmgm,"Gerard, Ryan","Young, Cameron",round_matchups betmgm 29767 26651,2.35,0.455,0.0693,2026-07-18 01:03:02.396978,2.35,0.455,2026-07-18 01:03:02.396978,TRUE,FALSE,1,TRUE,0,FALSE,0.06925,2026-07-18 01:03:02.396978,+135,+135
The Open Championship,round_matchups,betmgm,"Burns, Sam","DeChambeau, Bryson",round_matchups betmgm 19483 19841,2,0.5199,0.0398,2026-07-18 01:03:02.396978,2,0.5199,2026-07-18 01:03:02.396978,TRUE,FALSE,2,TRUE,0,FALSE,0.0398000000000001,2026-07-18 01:03:02.396978,+100,+100
The Open Championship,round_matchups,caesars,"Gerard, Ryan","Young, Cameron",round_matchups caesars 29767 26651,2.27,0.455,0.0329,2026-07-18 01:03:02.396978,2.27,0.455,2026-07-18 01:03:02.396978,TRUE,FALSE,1,TRUE,0,FALSE,0.03285,2026-07-18 01:03:02.396978,+127,+127
The Open Championship,round_matchups,betmgm,"Bridgeman, Jacob","McIlroy, Rory",round_matchups betmgm 29433 10091,2.95,0.3459,0.0203,2026-07-18 01:03:02.396978,2.95,0.3459,2026-07-18 01:03:02.396978,TRUE,FALSE,2,TRUE,0,FALSE,0.020405,2026-07-18 01:03:02.396978,+195,+195
The Open Championship,round_matchups,betmgm,"Fleetwood, Tommy","Rahm, Jon",round_matchups betmgm 12294 19195,1.9,0.537,0.0202,2026-07-18 01:03:02.396978,1.9,0.537,2026-07-18 01:03:02.396978,TRUE,FALSE,2,TRUE,0,FALSE,0.0203,2026-07-18 01:03:02.396978,-111,-111
The Open Championship,round_matchups,betmgm,"Bradley, Keegan","Potgieter, Aldrich",round_matchups betmgm 13872 27900,1.8,0.6119,0.1014,2026-07-18 01:03:02.396978,1.8,0.6119,2026-07-18 01:03:02.396978,TRUE,FALSE,0,FALSE,0,FALSE,0.10142,2026-07-18 01:03:02.396978,-125,-125
The Open Championship,round_matchups,betmgm,"Scott, Adam","Gotterup, Chris",round_matchups betmgm 6430 27774,2.25,0.4642,0.0445,2026-07-18 01:03:02.396978,2.25,0.4642,2026-07-18 01:03:02.396978,TRUE,FALSE,-1,FALSE,0,FALSE,0.0444500000000001,2026-07-18 01:03:02.396978,+125,+125
The Open Championship,round_matchups,betmgm,"Herbert, Lucas","Suber, Jackson",round_matchups betmgm 17064 29279,2,0.5127,0.0255,2026-07-18 01:03:02.396978,2,0.5127,2026-07-18 01:03:02.396978,TRUE,FALSE,-3,FALSE,0,FALSE,0.0254000000000001,2026-07-18 01:03:02.396978,+100,+100
The Open Championship,round_matchups,caesars,"Hisatsune, Ryo","Lee, Min Woo",round_matchups caesars 22760 16841,2.5,0.409,0.0224,2026-07-18 01:03:02.396978,2.5,0.409,2026-07-18 01:03:02.396978,TRUE,FALSE,0,FALSE,0,FALSE,0.0225,2026-07-18 01:03:02.396978,+150,+150
The Open Championship,round_matchups,caesars,"Scott, Adam","Gotterup, Chris",round_matchups caesars 6430 27774,2.2,0.4642,0.0213,2026-07-18 01:03:02.396978,2.2,0.4642,2026-07-18 01:03:02.396978,TRUE,FALSE,-1,FALSE,0,FALSE,0.0212400000000001,2026-07-18 01:03:02.396978,+120,+120
The Open Championship,round_matchups,betmgm,"Jarvis, Casey","Kitayama, Kurt",round_matchups betmgm 26947 21891,2.25,0.4536,0.0206,2026-07-18 01:03:02.396978,2.25,0.4536,2026-07-18 01:03:02.396978,TRUE,FALSE,-2,FALSE,0,FALSE,0.0206,2026-07-18 01:03:02.396978,+125,+125
The Open Championship,round_matchups,betmgm,"Parry, John","Thorbjornsen, Michael",round_matchups betmgm 13764 26649,2.15,0.4746,0.0203,2026-07-18 01:03:02.396978,2.15,0.4746,2026-07-18 01:03:02.396978,TRUE,FALSE,0,FALSE,0,FALSE,0.0203899999999999,2026-07-18 01:03:02.396978,+115,+115
The Open Championship,round_matchups,betmgm,"Molinari, Francesco","Scheffler, Scottie",round_matchups betmgm 7655 18417,3.8,0.2684,0.0201,2026-07-18 01:03:02.396978,3.8,0.2684,2026-07-18 01:03:02.396978,TRUE,FALSE,-2,FALSE,0,FALSE,0.0199200000000002,2026-07-18 01:03:02.396978,+280,+280
The Open Championship,round_matchups,betmgm,"Echavarria, Nico","Southgate, Matthew",round_matchups betmgm 22833 15191,1.7,0.6064,0.0308,2026-07-18 08:25:53.010095,1.7,0.6064,2026-07-18 08:25:53.010095,TRUE,FALSE,3,TRUE,0,FALSE,0.03088,2026-07-18 08:25:53.010095,-143,-143
The Open Championship,round_matchups,fanduel,"Hisatsune, Ryo","Plunkett, Marcus",round_matchups fanduel 22760 29716,1.62,0.711,0.1486,2026-07-18 22:09:43.057432,1.62,0.711,2026-07-18 22:09:43.057432,TRUE,FALSE,3,TRUE,0,FALSE,0.15182,2026-07-18 22:09:43.057432,-161,-161
The Open Championship,round_matchups,caesars,"Hisatsune, Ryo","Plunkett, Marcus",round_matchups caesars 22760 29716,1.56,0.711,0.106,2026-07-18 22:09:43.057432,1.56,0.711,2026-07-18 22:09:43.057432,TRUE,FALSE,3,TRUE,0,FALSE,0.10916,2026-07-18 22:09:43.057432,-179,-179
The Open Championship,round_matchups,betmgm,"Cauley, Bud","Koepka, Brooks",round_matchups betmgm 14502 16243,2.15,0.5092,0.0947,2026-07-18 22:09:43.057432,2.15,0.5092,2026-07-18 22:09:43.057432,TRUE,FALSE,1,TRUE,0,FALSE,0.0947799999999999,2026-07-18 22:09:43.057432,+115,+115
The Open Championship,round_matchups,fanduel,"Suber, Jackson","DeChambeau, Bryson",round_matchups fanduel 29279 19841,2.62,0.4125,0.0829,2026-07-18 22:09:43.057432,2.62,0.4125,2026-07-18 22:09:43.057432,TRUE,FALSE,3,TRUE,0,FALSE,0.0807499999999999,2026-07-18 22:09:43.057432,+162,+162
The Open Championship,round_matchups,caesars,"Suber, Jackson","DeChambeau, Bryson",round_matchups caesars 29279 19841,2.6,0.4125,0.0726,2026-07-18 22:09:43.057432,2.6,0.4125,2026-07-18 22:09:43.057432,TRUE,FALSE,3,TRUE,0,FALSE,0.0725,2026-07-18 22:09:43.057432,+160,+160
The Open Championship,round_matchups,caesars,"MacIntyre, Robert","Young, Cameron",round_matchups caesars 23323 26651,1.95,0.5299,0.0346,2026-07-18 22:09:43.057432,1.95,0.5299,2026-07-18 22:09:43.057432,TRUE,FALSE,2,TRUE,0,FALSE,0.0333050000000001,2026-07-18 22:09:43.057432,-105,-105
The Open Championship,round_matchups,betmgm,"Taylor, Nick","Daffue, MJ",round_matchups betmgm 13126 17068,1.62,0.6351,0.0288,2026-07-18 22:09:43.057432,1.62,0.6351,2026-07-18 22:09:43.057432,TRUE,FALSE,4,TRUE,0,FALSE,0.0288620000000002,2026-07-18 22:09:43.057432,-161,-161
The Open Championship,round_matchups,betmgm,"Bradley, Keegan","Svensson, Jesper",round_matchups betmgm 13872 26850,1.74,0.5908,0.028,2026-07-18 22:09:43.057432,1.74,0.5908,2026-07-18 22:09:43.057432,TRUE,FALSE,1,TRUE,0,FALSE,0.027992,2026-07-18 22:09:43.057432,-135,-135
The Open Championship,round_matchups,betmgm,"Noren, Alex","Penge, Marco",round_matchups betmgm 10419 22465,1.74,0.5887,0.0243,2026-07-18 22:09:43.057432,1.74,0.5887,2026-07-18 22:09:43.057432,TRUE,FALSE,3,TRUE,0,FALSE,0.024338,2026-07-18 22:09:43.057432,-135,-135
The Open Championship,round_matchups,betmgm,"Fitzpatrick, Alex","Coody, Pierceson",round_matchups betmgm 25362 28309,1.69,0.6055,0.0234,2026-07-18 22:09:43.057432,1.69,0.6055,2026-07-18 22:09:43.057432,TRUE,FALSE,1,TRUE,0,FALSE,0.0232950000000001,2026-07-18 22:09:43.057432,-145,-145
The Open Championship,round_matchups,betmgm,"Lee, Min Woo","Hatton, Tyrrell",round_matchups betmgm 16841 14796,2.1,0.4861,0.0207,2026-07-18 22:09:43.057432,2.1,0.4861,2026-07-18 22:09:43.057432,TRUE,FALSE,1,TRUE,0,FALSE,0.02081,2026-07-18 22:09:43.057432,+110,+110
The Open Championship,round_matchups,caesars,"Lee, Min Woo","Hatton, Tyrrell",round_matchups caesars 16841 14796,2.1,0.4861,0.0207,2026-07-18 22:09:43.057432,2.1,0.4861,2026-07-18 22:09:43.057432,TRUE,FALSE,1,TRUE,0,FALSE,0.02081,2026-07-18 22:09:43.057432,+110,+110
The Open Championship,round_matchups,fanduel,"Lee, Min Woo","Hatton, Tyrrell",round_matchups fanduel 16841 14796,2.1,0.4861,0.0207,2026-07-18 22:09:43.057432,2.1,0.4861,2026-07-18 22:09:43.057432,TRUE,FALSE,1,TRUE,0,FALSE,0.02081,2026-07-18 22:09:43.057432,+110,+110
The Open Championship,round_matchups,betmgm,"Sullivan, Andy","Potgieter, Aldrich",round_matchups betmgm 15326 27900,2.1,0.5412,0.1366,2026-07-18 22:09:43.057432,2.1,0.5412,2026-07-18 22:09:43.057432,TRUE,FALSE,-2,FALSE,0,FALSE,0.13652,2026-07-18 22:09:43.057432,+110,+110
The Open Championship,round_matchups,caesars,"Higa, Kazuki","Uihlein, Peter",round_matchups caesars 15756 11357,2.05,0.533,0.0927,2026-07-18 22:09:43.057432,2.05,0.533,2026-07-18 22:09:43.057432,TRUE,FALSE,-1,FALSE,0,FALSE,0.0926499999999999,2026-07-18 22:09:43.057432,+105,+105
The Open Championship,round_matchups,caesars,"Ballester, Jose Luis","Scheffler, Scottie",round_matchups caesars 28473 18417,4.5,0.2405,0.0821,2026-07-18 22:09:43.057432,4.5,0.2405,2026-07-18 22:09:43.057432,TRUE,FALSE,-3,FALSE,0,FALSE,0.0822499999999999,2026-07-18 22:09:43.057432,+350,+350
The Open Championship,round_matchups,fanduel,"Ballester, Jose Luis","Scheffler, Scottie",round_matchups fanduel 28473 18417,4.5,0.2405,0.0821,2026-07-18 22:09:43.057432,4.5,0.2405,2026-07-18 22:09:43.057432,TRUE,FALSE,-3,FALSE,0,FALSE,0.0822499999999999,2026-07-18 22:09:43.057432,+350,+350
The Open Championship,round_matchups,caesars,"Smith, Jordan","McIlroy, Rory",round_matchups caesars 18586 10091,3,0.3563,0.0688,2026-07-18 22:09:43.057432,3,0.3563,2026-07-18 22:09:43.057432,TRUE,FALSE,0,FALSE,0,FALSE,0.0689,2026-07-18 22:09:43.057432,+200,+200
The Open Championship,round_matchups,betmgm,"Parry, John","Straka, Sepp",round_matchups betmgm 13764 17511,2.1,0.5079,0.0666,2026-07-18 22:09:43.057432,2.1,0.5079,2026-07-18 22:09:43.057432,TRUE,FALSE,0,FALSE,0,FALSE,0.0665900000000002,2026-07-18 22:09:43.057432,+110,+110
The Open Championship,round_matchups,caesars,"Molinari, Francesco","Morikawa, Collin",round_matchups caesars 7655 22085,2.75,0.3863,0.0622,2026-07-18 22:09:43.057432,2.75,0.3863,2026-07-18 22:09:43.057432,TRUE,FALSE,-2,FALSE,0,FALSE,0.062325,2026-07-18 22:09:43.057432,+175,+175
The Open Championship,round_matchups,caesars,"Sullivan, Andy","Potgieter, Aldrich",round_matchups caesars 15326 27900,1.95,0.5412,0.0567,2026-07-18 22:09:43.057432,1.95,0.5412,2026-07-18 22:09:43.057432,TRUE,FALSE,-2,FALSE,0,FALSE,0.0553399999999999,2026-07-18 22:09:43.057432,-105,-105
The Open Championship,round_matchups,caesars,"Parry, John","Straka, Sepp",round_matchups caesars 13764 17511,2.05,0.5079,0.0412,2026-07-18 22:09:43.057432,2.05,0.5079,2026-07-18 22:09:43.057432,TRUE,FALSE,0,FALSE,0,FALSE,0.0411949999999999,2026-07-18 22:09:43.057432,+105,+105
The Open Championship,round_matchups,caesars,"Kobori, Kazuma","Matsuyama, Hideki",round_matchups caesars 24369 13562,2.6,0.3984,0.0357,2026-07-18 22:09:43.057432,2.6,0.3984,2026-07-18 22:09:43.057432,TRUE,FALSE,-2,FALSE,0,FALSE,0.0358399999999999,2026-07-18 22:09:43.057432,+160,+160
The Open Championship,round_matchups,fanduel,"Sullivan, Andy","Potgieter, Aldrich",round_matchups fanduel 15326 27900,1.91,0.5412,0.0333,2026-07-18 22:09:43.057432,1.91,0.5412,2026-07-18 22:09:43.057432,TRUE,FALSE,-2,FALSE,0,FALSE,0.0336920000000001,2026-07-18 22:09:43.057432,-110,-110
The Open Championship,round_matchups,betmgm,"Cantlay, Patrick","Gotterup, Chris",round_matchups betmgm 15466 27774,2.05,0.5039,0.033,2026-07-18 22:09:43.057432,2.05,0.5039,2026-07-18 22:09:43.057432,TRUE,FALSE,-1,FALSE,0,FALSE,0.0329949999999999,2026-07-18 22:09:43.057432,+105,+105
The Open Championship,round_matchups,caesars,"Cantlay, Patrick","Gotterup, Chris",round_matchups caesars 15466 27774,2.05,0.5039,0.033,2026-07-18 22:09:43.057432,2.05,0.5039,2026-07-18 22:09:43.057432,TRUE,FALSE,-1,FALSE,0,FALSE,0.0329949999999999,2026-07-18 22:09:43.057432,+105,+105
The Open Championship,round_matchups,caesars,"Echavarria, Nico","Im, Sungjae",round_matchups caesars 22833 17488,2.1,0.4893,0.0275,2026-07-18 22:09:43.057432,2.1,0.4893,2026-07-18 22:09:43.057432,TRUE,FALSE,-1,FALSE,0,FALSE,0.0275300000000001,2026-07-18 22:09:43.057432,+110,+110
The Open Championship,round_matchups,fanduel,"Echavarria, Nico","Im, Sungjae",round_matchups fanduel 22833 17488,2.1,0.4893,0.0275,2026-07-18 22:09:43.057432,2.1,0.4893,2026-07-18 22:09:43.057432,TRUE,FALSE,-1,FALSE,0,FALSE,0.0275300000000001,2026-07-18 22:09:43.057432,+110,+110
The Open Championship,round_matchups,fanduel,"Smith, Jordan","McIlroy, Rory",round_matchups fanduel 18586 10091,2.88,0.3563,0.0242,2026-07-18 22:09:43.057432,2.88,0.3563,2026-07-18 22:09:43.057432,TRUE,FALSE,0,FALSE,0,FALSE,0.0261439999999999,2026-07-18 22:09:43.057432,+188,+188
The Open Championship,round_matchups,draftkings,"Cauley, Bud","Koepka, Brooks",round_matchups draftkings 14502 16243,2.16,0.5092,0.0998,2026-07-18 23:13:29.02738,2.16,0.5092,2026-07-18 23:13:29.02738,TRUE,FALSE,1,TRUE,0,FALSE,0.099872,2026-07-18 23:13:29.02738,+116,+116
The Open Championship,round_matchups,betmgm,"MacIntyre, Robert","Young, Cameron",round_matchups betmgm 23323 26651,2,0.5299,0.0599,2026-07-18 23:13:29.02738,2,0.5299,2026-07-18 23:13:29.02738,TRUE,FALSE,2,TRUE,0,FALSE,0.0598000000000001,2026-07-18 23:13:29.02738,+100,+100
The Open Championship,round_matchups,draftkings,"Lowry, Shane","Rahm, Jon",round_matchups draftkings 13900 19195,2.3,0.455,0.0464,2026-07-18 23:13:29.02738,2.3,0.455,2026-07-18 23:13:29.02738,TRUE,FALSE,2,TRUE,0,FALSE,0.0465,2026-07-18 23:13:29.02738,+130,+130
The Open Championship,round_matchups,draftkings,"MacIntyre, Robert","Young, Cameron",round_matchups draftkings 23323 26651,1.96,0.5299,0.0395,2026-07-18 23:13:29.02738,1.96,0.5299,2026-07-18 23:13:29.02738,TRUE,FALSE,2,TRUE,0,FALSE,0.0386040000000001,2026-07-18 23:13:29.02738,-104,-104
The Open Championship,round_matchups,draftkings,"Cole, Eric","Schauffele, Xander",round_matchups draftkings 21756 19895,2.68,0.3876,0.0388,2026-07-18 23:13:29.02738,2.68,0.3876,2026-07-18 23:13:29.02738,TRUE,FALSE,1,TRUE,0,FALSE,0.0387680000000001,2026-07-18 23:13:29.02738,+168,+168
The Open Championship,round_matchups,fanduel,"Du Plessis, Hennie","Norris, Shaun",round_matchups fanduel 19421 7677,2,0.5187,0.0374,2026-07-18 23:13:29.02738,2,0.5187,2026-07-18 23:13:29.02738,TRUE,FALSE,1,TRUE,0,FALSE,0.0374000000000001,2026-07-18 23:13:29.02738,+100,+100
The Open Championship,round_matchups,draftkings,"Noren, Alex","Penge, Marco",round_matchups draftkings 10419 22465,1.75,0.5887,0.028,2026-07-18 23:13:29.02738,1.75,0.5887,2026-07-18 23:13:29.02738,TRUE,FALSE,3,TRUE,0,FALSE,0.0302249999999999,2026-07-18 23:13:29.02738,-133,-133
The Open Championship,round_matchups,draftkings,"Bradley, Keegan","Svensson, Jesper",round_matchups draftkings 13872 26850,1.74,0.5908,0.0253,2026-07-18 23:13:29.02738,1.74,0.5908,2026-07-18 23:13:29.02738,TRUE,FALSE,1,TRUE,0,FALSE,0.027992,2026-07-18 23:13:29.02738,-135,-135
The Open Championship,round_matchups,betmgm,"Lowry, Shane","Rahm, Jon",round_matchups betmgm 13900 19195,2.25,0.455,0.0237,2026-07-18 23:13:29.02738,2.25,0.455,2026-07-18 23:13:29.02738,TRUE,FALSE,2,TRUE,0,FALSE,0.0237499999999999,2026-07-18 23:13:29.02738,+125,+125
The Open Championship,round_matchups,draftkings,"Suber, Jackson","DeChambeau, Bryson",round_matchups draftkings 29279 19841,2.48,0.4125,0.0231,2026-07-18 23:13:29.02738,2.48,0.4125,2026-07-18 23:13:29.02738,TRUE,FALSE,3,TRUE,0,FALSE,0.0229999999999999,2026-07-18 23:13:29.02738,+148,+148
The Open Championship,round_matchups,draftkings,"Taylor, Nick","Daffue, MJ",round_matchups draftkings 13126 17068,1.61,0.6351,0.0223,2026-07-18 23:13:29.02738,1.61,0.6351,2026-07-18 23:13:29.02738,TRUE,FALSE,4,TRUE,0,FALSE,0.0225109999999999,2026-07-18 23:13:29.02738,-164,-164
The Open Championship,round_matchups,draftkings,"Lee, Min Woo","Hatton, Tyrrell",round_matchups draftkings 16841 14796,2.1,0.4861,0.0207,2026-07-18 23:13:29.02738,2.1,0.4861,2026-07-18 23:13:29.02738,TRUE,FALSE,1,TRUE,0,FALSE,0.02081,2026-07-18 23:13:29.02738,+110,+110
The Open Championship,round_matchups,draftkings,"Ballester, Jose Luis","Scheffler, Scottie",round_matchups draftkings 28473 18417,5.4,0.2405,0.2986,2026-07-18 23:13:29.02738,5.4,0.2405,2026-07-18 23:13:29.02738,TRUE,FALSE,-3,FALSE,0,FALSE,0.2987,2026-07-18 23:13:29.02738,+440,+440
The Open Championship,round_matchups,draftkings,"Sullivan, Andy","Potgieter, Aldrich",round_matchups draftkings 15326 27900,2.12,0.5412,0.1474,2026-07-18 23:13:29.02738,2.12,0.5412,2026-07-18 23:13:29.02738,TRUE,FALSE,-2,FALSE,0,FALSE,0.147344,2026-07-18 23:13:29.02738,+112,+112
The Open Championship,round_matchups,draftkings,"Smith, Jordan","McIlroy, Rory",round_matchups draftkings 18586 10091,3.15,0.3563,0.1222,2026-07-18 23:13:29.02738,3.15,0.3563,2026-07-18 23:13:29.02738,TRUE,FALSE,0,FALSE,0,FALSE,0.122345,2026-07-18 23:13:29.02738,+215,+215
The Open Championship,round_matchups,draftkings,"Kobori, Kazuma","Matsuyama, Hideki",round_matchups draftkings 24369 13562,2.76,0.3984,0.0995,2026-07-18 23:13:29.02738,2.76,0.3984,2026-07-18 23:13:29.02738,TRUE,FALSE,-2,FALSE,0,FALSE,0.0995839999999999,2026-07-18 23:13:29.02738,+176,+176
The Open Championship,round_matchups,draftkings,"Molinari, Francesco","Morikawa, Collin",round_matchups draftkings 7655 22085,2.84,0.3863,0.097,2026-07-18 23:13:29.02738,2.84,0.3863,2026-07-18 23:13:29.02738,TRUE,FALSE,-2,FALSE,0,FALSE,0.097092,2026-07-18 23:13:29.02738,+184,+184
The Open Championship,round_matchups,draftkings,"Parry, John","Straka, Sepp",round_matchups draftkings 13764 17511,2.1,0.5079,0.0666,2026-07-18 23:13:29.02738,2.1,0.5079,2026-07-18 23:13:29.02738,TRUE,FALSE,0,FALSE,0,FALSE,0.0665900000000002,2026-07-18 23:13:29.02738,+110,+110
The Open Championship,round_matchups,betmgm,"Kobori, Kazuma","Matsuyama, Hideki",round_matchups betmgm 24369 13562,2.65,0.3984,0.0556,2026-07-18 23:13:29.02738,2.65,0.3984,2026-07-18 23:13:29.02738,TRUE,FALSE,-2,FALSE,0,FALSE,0.0557599999999998,2026-07-18 23:13:29.02738,+165,+165
The Open Championship,round_matchups,betmgm,"Smith, Jordan","McIlroy, Rory",round_matchups betmgm 18586 10091,2.95,0.3563,0.051,2026-07-18 23:13:29.02738,2.95,0.3563,2026-07-18 23:13:29.02738,TRUE,FALSE,0,FALSE,0,FALSE,0.0510850000000001,2026-07-18 23:13:29.02738,+195,+195
The Open Championship,round_matchups,draftkings,"Norris, Shaun","Thorbjornsen, Michael",round_matchups draftkings 7677 26649,2.52,0.4152,0.0463,2026-07-18 23:13:29.02738,2.52,0.4152,2026-07-18 23:13:29.02738,TRUE,FALSE,-2,FALSE,0,FALSE,0.0463040000000001,2026-07-18 23:13:29.02738,+152,+152
The Open Championship,round_matchups,betmgm,"Molinari, Francesco","Morikawa, Collin",round_matchups betmgm 7655 22085,2.7,0.3863,0.0429,2026-07-18 23:13:29.02738,2.7,0.3863,2026-07-18 23:13:29.02738,TRUE,FALSE,-2,FALSE,0,FALSE,0.04301,2026-07-18 23:13:29.02738,+170,+170
The Open Championship,round_matchups,bet365,"Smith, Jordan","McIlroy, Rory",round_matchups bet365 18586 10091,3.2,0.3229,0.0332,2026-07-18 23:13:29.02738,3.2,0.3229,2026-07-18 23:13:29.02738,TRUE,FALSE,0,FALSE,0,FALSE,0.0332800000000002,2026-07-18 23:13:29.02738,+220,+220
The Open Championship,round_matchups,fanduel,"Smith, Jordan","Thorbjornsen, Michael",round_matchups fanduel 18586 26649,2.1,0.4903,0.0297,2026-07-18 23:13:29.02738,2.1,0.4903,2026-07-18 23:13:29.02738,TRUE,FALSE,-1,FALSE,0,FALSE,0.02963,2026-07-18 23:13:29.02738,+110,+110
The Open Championship,round_matchups,bet365,"Sullivan, Andy","Potgieter, Aldrich",round_matchups bet365 15326 27900,2.1,0.4899,0.0288,2026-07-18 23:13:29.02738,2.1,0.4899,2026-07-18 23:13:29.02738,TRUE,FALSE,-2,FALSE,0,FALSE,0.0287900000000001,2026-07-18 23:13:29.02738,+110,+110
The Open Championship,round_matchups,draftkings,"Cantlay, Patrick","Gotterup, Chris",round_matchups draftkings 15466 27774,2.04,0.5039,0.0279,2026-07-18 23:13:29.02738,2.04,0.5039,2026-07-18 23:13:29.02738,TRUE,FALSE,-1,FALSE,0,FALSE,0.0279560000000001,2026-07-18 23:13:29.02738,+104,+104
The Open Championship,round_matchups,betmgm,"Echavarria, Nico","Im, Sungjae",round_matchups betmgm 22833 17488,2.1,0.4893,0.0275,2026-07-18 23:13:29.02738,2.1,0.4893,2026-07-18 23:13:29.02738,TRUE,FALSE,-1,FALSE,0,FALSE,0.0275300000000001,2026-07-18 23:13:29.02738,+110,+110
The Open Championship,round_matchups,betmgm,"Jarvis, Casey","Reitan, Kristoffer",round_matchups betmgm 26947 21407,2.2,0.4651,0.0231,2026-07-18 23:13:29.02738,2.2,0.4651,2026-07-18 23:13:29.02738,TRUE,FALSE,-3,FALSE,0,FALSE,0.02322,2026-07-18 23:13:29.02738,+120,+120
The Open Championship,round_matchups,draftkings,"Jarvis, Casey","Reitan, Kristoffer",round_matchups draftkings 26947 21407,2.2,0.4651,0.0231,2026-07-18 23:13:29.02738,2.2,0.4651,2026-07-18 23:13:29.02738,TRUE,FALSE,-3,FALSE,0,FALSE,0.02322,2026-07-18 23:13:29.02738,+120,+120
The Open Championship,round_matchups,betmgm,"Ballester, Jose Luis","Scheffler, Scottie",round_matchups betmgm 28473 18417,4.25,0.2405,0.022,2026-07-18 23:13:29.02738,4.25,0.2405,2026-07-18 23:13:29.02738,TRUE,FALSE,-3,FALSE,0,FALSE,0.022125,2026-07-18 23:13:29.02738,+325,+325
The Open Championship,round_matchups,fanduel,"Schauffele, Xander","Aberg, Ludvig",round_matchups fanduel 19895 23950,2,0.5173,0.0346,2026-07-19 03:58:18.326462,2,0.5173,2026-07-19 03:58:18.326462,TRUE,FALSE,0,FALSE,0,FALSE,0.0346,2026-07-19 03:58:18.326462,+100,+100
The Open Championship,round_matchups,caesars,"Herbert, Lucas","Aberg, Ludvig",round_matchups caesars 17064 23950,2.75,0.3711,0.0204,2026-07-19 03:58:18.326462,2.75,0.3711,2026-07-19 03:58:18.326462,TRUE,FALSE,-2,FALSE,0,FALSE,0.0205249999999999,2026-07-19 03:58:18.326462,+175,+175
The Open Championship,round_matchups,fanduel,"Bradley, Keegan","Svensson, Jesper",round_matchups fanduel 13872 26850,1.73,0.5908,0.0205,2026-07-19 06:31:27.380514,1.73,0.5908,2026-07-19 06:31:27.380514,TRUE,FALSE,1,TRUE,0,FALSE,0.022084,2026-07-19 06:31:27.380514,-137,-137
The Open Championship,round_matchups,caesars,"Cauley, Bud","Koepka, Brooks",round_matchups caesars 14502 16243,2.05,0.5092,0.0438,2026-07-19 08:56:48.201266,2.05,0.5092,2026-07-19 08:56:48.201266,TRUE,FALSE,1,TRUE,0,FALSE,0.0438599999999998,2026-07-19 08:56:48.201266,+105,+105
The Open Championship,round_matchups,fanduel,"Herbert, Lucas","Aberg, Ludvig",round_matchups fanduel 17064 23950,2.75,0.3711,0.0204,2026-07-19 08:56:48.201266,2.75,0.3711,2026-07-19 08:56:48.201266,TRUE,FALSE,-2,FALSE,0,FALSE,0.0205249999999999,2026-07-19 08:56:48.201266,+175,+175
3m Open,tournament_matchups,fanduel,"Jarvis, Casey","Grillo, Emiliano",tournament_matchups fanduel 26947 12808,1.9,0.5549,0.0543,2026-07-20 21:57:27.84679,1.73,0.5704,2026-07-23 13:10:18.601575,TRUE,FALSE,-1,FALSE,0.0982658959537572,TRUE,0.0837600000000001,2026-07-23 13:10:18.601575,-111,-137
3m Open,tournament_matchups,bet365,"Matsuyama, Hideki","Knapp, Jake",tournament_matchups bet365 13562 19396,1.8,0.5738,0.0328,2026-07-20 21:57:27.84679,1.72,0.5767,2026-07-23 13:10:18.601575,TRUE,FALSE,-1,FALSE,0.0465116279069768,TRUE,0.03806,2026-07-23 13:10:18.601575,-125,-139
3m Open,tournament_matchups,caesars,"Putnam, Andrew","Glover, Lucas",tournament_matchups caesars 14704 7399,1.83,0.5603,0.0273,2026-07-20 21:57:27.84679,1.83,0.54,2026-07-23 13:10:18.601575,TRUE,FALSE,0,FALSE,0,FALSE,-0.0117999999999999,2026-07-23 13:10:18.601575,-120,-120
3m Open,tournament_matchups,fanduel,"Parry, John","Li, Haotong",tournament_matchups fanduel 13764 15310,1.73,0.5916,0.0218,2026-07-20 21:57:27.84679,1.73,0.5924,2026-07-23 13:10:18.601575,TRUE,FALSE,0,FALSE,0,FALSE,0.0248520000000001,2026-07-23 13:10:18.601575,-137,-137
3m Open,tournament_matchups,caesars,"Suber, Jackson","Coody, Pierceson",tournament_matchups caesars 29279 28309,2.05,0.5004,0.0259,2026-07-21 03:49:34.720636,1.91,0.4887,2026-07-23 13:10:18.601575,TRUE,FALSE,0,FALSE,0.0732984293193717,TRUE,0.00183500000000003,2026-07-23 13:10:18.601575,+105,-110
3m Open,tournament_matchups,bet365,"Meissner, Mac","Homa, Max",tournament_matchups bet365 28159 17538,2,0.5105,0.021,2026-07-21 03:49:34.720636,1.9,0.507,2026-07-23 13:10:18.601575,TRUE,FALSE,0,FALSE,0.0526315789473684,TRUE,0.014,2026-07-23 13:10:18.601575,+100,-111
3m Open,tournament_matchups,bet365,"Conners, Corey","Woodland, Gary",tournament_matchups bet365 17576 12577,1.83,0.5651,0.0342,2026-07-21 09:14:58.209239,1.72,0.5539,2026-07-23 13:10:18.601575,TRUE,FALSE,1,TRUE,0.0639534883720931,TRUE,0.0136369999999999,2026-07-23 13:10:18.601575,-120,-139
3m Open,tournament_matchups,betmgm,"Mitchell, Keith","Knapp, Jake",tournament_matchups betmgm 17365 19396,1.85,0.5553,0.0272,2026-07-21 16:45:31.479275,1.85,0.5559,2026-07-23 13:10:18.601575,TRUE,FALSE,0,FALSE,0,FALSE,0.0284149999999999,2026-07-23 13:10:18.601575,-118,-118
3m Open,3_balls,fanduel,"Keefer, Johnny","Sargent, Gordon / Clanton, Luke","3_balls fanduel 32457 30814,32330",2.25,0.4721,0.0621,2026-07-21 19:54:41.799462,2.1,0.4772,2026-07-23 13:10:18.601575,TRUE,FALSE,1,TRUE,0.0714285714285714,TRUE,0.0737000000000001,2026-07-23 13:10:18.601575,+125,+110
3m Open,3_balls,caesars,"Keefer, Johnny","Sargent, Gordon / Clanton, Luke","3_balls caesars 32457 30814,32330",2.2,0.4721,0.0385,2026-07-21 19:54:41.799462,2.15,0.4772,2026-07-23 13:10:18.601575,TRUE,FALSE,1,TRUE,0.0232558139534884,TRUE,0.0498400000000001,2026-07-23 13:10:18.601575,+120,+115
3m Open,3_balls,caesars,"Roy, Kevin","List, Luke / Grillo, Emiliano","3_balls caesars 18424 12808,7960",2.8,0.3702,0.0367,2026-07-21 19:54:41.799462,2.6,0.3626,2026-07-23 13:10:18.601575,TRUE,FALSE,1.5,TRUE,0.0769230769230769,TRUE,0.01528,2026-07-23 13:10:18.601575,+180,+160
3m Open,3_balls,fanduel,"Wu, Dylan","Olesen, Thorbjorn / Higgs, Harry","3_balls fanduel 25002 13412,14140",3.3,0.3103,0.024,2026-07-21 19:54:41.799462,3.2,0.3094,2026-07-23 13:10:18.601575,TRUE,FALSE,1,TRUE,0.0312499999999998,TRUE,0.02102,2026-07-23 13:10:18.601575,+230,+220
3m Open,3_balls,caesars,"Hubbard, Mark","Brehm, Ryan / Van Rooyen, Erik","3_balls caesars 16333 10423,17550",2.5,0.4151,0.0378,2026-07-21 19:54:41.799462,2.3,0.4137,2026-07-23 13:10:18.601575,TRUE,FALSE,0.5,FALSE,0.0869565217391306,TRUE,0.0342500000000001,2026-07-23 13:10:18.601575,+150,+130
3m Open,tournament_matchups,fanduel,"Meissner, Mac","Brennan, Michael",tournament_matchups fanduel 28159 29197,1.8,0.5697,0.0254,2026-07-21 19:54:41.799462,1.73,0.567,2026-07-23 13:10:18.601575,TRUE,FALSE,-1,FALSE,0.0404624277456649,TRUE,0.0206,2026-07-23 13:10:18.601575,-125,-137
3m Open,3_balls,fanduel,"Svensson, Adam","Schmid, Matti / Champ, Cameron","3_balls fanduel 13997 20722,23542",3.1,0.3386,0.0496,2026-07-22 03:50:19.361991,3,0.3391,2026-07-23 13:10:18.601575,TRUE,FALSE,0.5,FALSE,0.0333333333333334,TRUE,0.05121,2026-07-23 13:10:18.601575,+210,+200
3M Open,3_balls,fanduel,"Harman, Brian","Glover, Lucas / Fisk, Steven","3_balls fanduel 8825 26657,7399",2.7,0.3805,0.0273,2026-07-22 11:22:33.670585,2.7,0.3752,2026-07-23 13:10:18.601575,TRUE,FALSE,1.5,TRUE,0,FALSE,0.0130399999999999,2026-07-23 13:10:18.601575,+170,+170
3M Open,3_balls,fanduel,"Snedeker, Brandt","Kuchar, Matt / Brennan, Michael","3_balls fanduel 8820 29197,6169",3.3,0.312,0.0297,2026-07-22 11:22:33.670585,3.3,0.3125,2026-07-23 13:10:18.601575,TRUE,FALSE,0.5,FALSE,0,FALSE,0.03125,2026-07-23 13:10:18.601575,+230,+230
3M Open,tournament_matchups,caesars,"Stevens, Sam","James, Ben",tournament_matchups caesars 25569 29827,1.95,0.5259,0.0268,2026-07-22 11:22:33.670585,1.83,0.5254,2026-07-23 13:10:18.601575,TRUE,FALSE,0,FALSE,0.0655737704918031,TRUE,0.0245299999999999,2026-07-23 13:10:18.601575,-105,-120
3M Open,tournament_matchups,fanduel,"McNealy, Maverick","Koivun, Jackson",tournament_matchups fanduel 18634 32319,1.8,0.5677,0.0219,2026-07-22 11:22:33.670585,1.8,0.5642,2026-07-23 13:10:18.601575,TRUE,FALSE,0,FALSE,0,FALSE,0.01556,2026-07-23 13:10:18.601575,-125,-125
3M Open,tournament_matchups,fanduel,"Putnam, Andrew","Glover, Lucas",tournament_matchups fanduel 14704 7399,1.9,0.5377,0.0217,2026-07-22 11:22:33.670585,1.9,0.54,2026-07-23 13:10:18.601575,TRUE,FALSE,0,FALSE,0,FALSE,0.026,2026-07-23 13:10:18.601575,-111,-111
3M Open,tournament_matchups,draftkings,"Matsuyama, Hideki","Scheffler, Scottie",tournament_matchups draftkings 13562 18417,4.85,0.2117,0.0267,2026-07-22 19:47:22.673156,4.85,0.2124,2026-07-23 13:10:18.601575,TRUE,FALSE,-1,FALSE,0,FALSE,0.0301400000000001,2026-07-23 13:10:18.601575,+385,+385
3M Open,3_balls,fanduel,"Conners, Corey","Homa, Max / Knapp, Jake","3_balls fanduel 17576 17538,19396",2.8,0.3656,0.0238,2026-07-22 19:47:22.673156,2.8,0.3614,2026-07-23 13:10:18.601575,TRUE,FALSE,0.5,FALSE,0,FALSE,0.0119199999999999,2026-07-23 13:10:18.601575,+180,+180
3M Open,tournament_matchups,caesars,"Kim, Michael","Harman, Brian",tournament_matchups caesars 17543 8825,2.05,0.5008,0.0267,2026-07-22 22:11:06.76576,2.05,0.5008,2026-07-23 13:10:18.601575,TRUE,FALSE,1,TRUE,0,FALSE,0.02664,2026-07-23 13:10:18.601575,+105,+105
3M Open,3_balls,fanduel,"Kim, Tom","Hoffman, Charley / Jarvis, Casey","3_balls fanduel 24766 26947,5768",2.1,0.4876,0.024,2026-07-23 06:26:43.313836,2.1,0.4876,2026-07-23 13:10:18.601575,TRUE,FALSE,2,TRUE,0,FALSE,0.02396,2026-07-23 13:10:18.601575,+110,+110
3M Open,3_balls,bet365,"Im, Sungjae","Matsuyama, Hideki / Scheffler, Scottie","3_balls bet365 17488 13562,18417",5,0.2111,0.0554,2026-07-24 03:47:30.959414,5,0.2111,2026-07-24 03:47:30.959414,TRUE,FALSE,1.5,TRUE,0,FALSE,0.0555000000000001,2026-07-24 03:47:30.959414,+400,+400
3M Open,3_balls,betmgm,"Im, Sungjae","Matsuyama, Hideki / Scheffler, Scottie","3_balls betmgm 17488 13562,18417",5,0.2111,0.0554,2026-07-24 03:47:30.959414,5,0.2111,2026-07-24 03:47:30.959414,TRUE,FALSE,1.5,TRUE,0,FALSE,0.0555000000000001,2026-07-24 03:47:30.959414,+400,+400
3M Open,3_balls,bet365,"Kitayama, Kurt","Horschel, Billy / Koivun, Jackson","3_balls bet365 21891 11276,32319",2.6,0.405,0.0531,2026-07-24 03:47:30.959414,2.6,0.405,2026-07-24 03:47:30.959414,TRUE,FALSE,1,TRUE,0,FALSE,0.0530000000000002,2026-07-24 03:47:30.959414,+160,+160
3M Open,3_balls,bet365,"Tosti, Alejandro","Lindheim, Nicholas / Sihota, Jeevan","3_balls bet365 17032 16713,29702",2.25,0.4665,0.0495,2026-07-24 03:47:30.959414,2.25,0.4665,2026-07-24 03:47:30.959414,TRUE,FALSE,3,TRUE,0,FALSE,0.049625,2026-07-24 03:47:30.959414,+125,+125
3M Open,3_balls,draftkings,"Brennan, Michael","Kuchar, Matt / Snedeker, Brandt","3_balls draftkings 29197 6169,8820",2.4,0.4333,0.0398,2026-07-24 03:47:30.959414,2.4,0.4333,2026-07-24 03:47:30.959414,TRUE,FALSE,2,TRUE,0,FALSE,0.03992,2026-07-24 03:47:30.959414,+140,+140
3M Open,3_balls,bet365,"Hardy, Nick","Mitchell, Keith / Pavon, Matthieu","3_balls bet365 19865 17365,19960",4.2,0.2456,0.0314,2026-07-24 03:47:30.959414,4.2,0.2456,2026-07-24 03:47:30.959414,TRUE,FALSE,1,TRUE,0,FALSE,0.03152,2026-07-24 03:47:30.959414,+320,+320
3M Open,3_balls,draftkings,"Kim, Tom","Hoffman, Charley / Jarvis, Casey","3_balls draftkings 24766 26947,5768",2.1,0.4877,0.0242,2026-07-24 03:47:30.959414,2.1,0.4877,2026-07-24 03:47:30.959414,TRUE,FALSE,2,TRUE,0,FALSE,0.02417,2026-07-24 03:47:30.959414,+110,+110
3M Open,round_matchups,bet365,"Kitayama, Kurt","Koivun, Jackson",round_matchups bet365 21891 32319,1.95,0.5234,0.0206,2026-07-24 03:47:30.959414,1.95,0.5234,2026-07-24 03:47:30.959414,TRUE,FALSE,1,TRUE,0,FALSE,0.0206299999999999,2026-07-24 03:47:30.959414,-105,-105
3M Open,3_balls,bet365,"Malnati, Peter","Hoge, Tom / Stevens, Sam","3_balls bet365 14926 15575,25569",5.25,0.2151,0.129,2026-07-24 03:47:30.959414,5.25,0.2151,2026-07-24 03:47:30.959414,TRUE,FALSE,-0.5,FALSE,0,FALSE,0.129275,2026-07-24 03:47:30.959414,+425,+425
3M Open,3_balls,bet365,"Sandhu, Sihan","Skinns, David / Li, Haotong","3_balls bet365 30039591 10873,15310",6.5,0.1715,0.1147,2026-07-24 03:47:30.959414,6.5,0.1715,2026-07-24 03:47:30.959414,TRUE,FALSE,-3,FALSE,0,FALSE,0.11475,2026-07-24 03:47:30.959414,+550,+550
3M Open,3_balls,bet365,"Peterson, Paul","Campbell, Thomas / Nakajima, Keita","3_balls bet365 16341 18359,21074",2.87,0.3879,0.1133,2026-07-24 03:47:30.959414,2.87,0.3879,2026-07-24 03:47:30.959414,TRUE,FALSE,0,FALSE,0,FALSE,0.113273,2026-07-24 03:47:30.959414,+187,+187
3M Open,3_balls,bet365,"Cowan, Ryder","Bauchou, Zach / VanDerLaan, John","3_balls bet365 35481 19846,25319",3.75,0.2884,0.0814,2026-07-24 03:47:30.959414,3.75,0.2884,2026-07-24 03:47:30.959414,TRUE,FALSE,-2,FALSE,0,FALSE,0.0814999999999999,2026-07-24 03:47:30.959414,+275,+275
3M Open,3_balls,bet365,"Riley, Davis","Kirk, Chris / Pendrith, Taylor","3_balls bet365 19872 12423,17780",5,0.2147,0.0733,2026-07-24 03:47:30.959414,5,0.2147,2026-07-24 03:47:30.959414,TRUE,FALSE,0,FALSE,0,FALSE,0.0735000000000001,2026-07-24 03:47:30.959414,+400,+400
3M Open,3_balls,bet365,"Conners, Corey","Homa, Max / Knapp, Jake","3_balls bet365 17576 17538,19396",2.87,0.3683,0.0569,2026-07-24 03:47:30.959414,2.87,0.3683,2026-07-24 03:47:30.959414,TRUE,FALSE,0.5,FALSE,0,FALSE,0.057021,2026-07-24 03:47:30.959414,+187,+187
3M Open,3_balls,betmgm,"Schmid, Matti","Svensson, Adam / Champ, Cameron","3_balls betmgm 20722 13997,23542",2.4,0.4333,0.04,2026-07-24 03:47:30.959414,2.4,0.4333,2026-07-24 03:47:30.959414,TRUE,FALSE,-1,FALSE,0,FALSE,0.03992,2026-07-24 03:47:30.959414,+140,+140
3M Open,3_balls,betmgm,"Hossler, Beau","Villegas, Camilo / McCarthy, Denny","3_balls betmgm 15470 19870,9171",2.5,0.4153,0.0383,2026-07-24 03:47:30.959414,2.5,0.4153,2026-07-24 03:47:30.959414,TRUE,FALSE,0,FALSE,0,FALSE,0.0382500000000001,2026-07-24 03:47:30.959414,+150,+150
3M Open,3_balls,fanduel,"McNealy, Maverick","Finau, Tony / Woodland, Gary","3_balls fanduel 18634 11676,12577",2.35,0.4374,0.0278,2026-07-24 03:47:30.959414,2.35,0.4374,2026-07-24 03:47:30.959414,TRUE,FALSE,0.5,FALSE,0,FALSE,0.02789,2026-07-24 03:47:30.959414,+135,+135
3M Open,3_balls,draftkings,"Blair, Zac","Kanaya, Takumi / Dunlap, Nick","3_balls draftkings 17639 19729,28270",2.32,0.4428,0.0273,2026-07-24 03:47:30.959414,2.32,0.4428,2026-07-24 03:47:30.959414,TRUE,FALSE,0,FALSE,0,FALSE,0.027296,2026-07-24 03:47:30.959414,+132,+132
3M Open,3_balls,bet365,"Van Rooyen, Erik","Brehm, Ryan / Hubbard, Mark","3_balls bet365 17550 10423,16333",2.75,0.3731,0.0261,2026-07-24 03:47:30.959414,2.75,0.3731,2026-07-24 03:47:30.959414,TRUE,FALSE,-1,FALSE,0,FALSE,0.026025,2026-07-24 03:47:30.959414,+175,+175
3M Open,3_balls,bet365,"List, Luke","Grillo, Emiliano / Roy, Kevin","3_balls bet365 7960 12808,18424",4.5,0.2278,0.0251,2026-07-24 03:47:30.959414,4.5,0.2278,2026-07-24 03:47:30.959414,TRUE,FALSE,0,FALSE,0,FALSE,0.0251000000000001,2026-07-24 03:47:30.959414,+350,+350
3M Open,round_matchups,bet365,"McNealy, Maverick","Kim, Tom",round_matchups bet365 18634 24766,2,0.5122,0.0243,2026-07-24 03:47:30.959414,2,0.5122,2026-07-24 03:47:30.959414,TRUE,FALSE,-1,FALSE,0,FALSE,0.0244,2026-07-24 03:47:30.959414,+100,+100
3M Open,3_balls,bet365,"Griffin, Lanto","Lower, Justin / Gordon, Will","3_balls bet365 15330 17723,26660",2.75,0.3723,0.0238,2026-07-24 03:47:30.959414,2.75,0.3723,2026-07-24 03:47:30.959414,TRUE,FALSE,0,FALSE,0,FALSE,0.023825,2026-07-24 03:47:30.959414,+175,+175
3M Open,3_balls,draftkings,"Conners, Corey","Homa, Max / Knapp, Jake","3_balls draftkings 17576 17538,19396",2.78,0.3683,0.0237,2026-07-24 03:47:30.959414,2.78,0.3683,2026-07-24 03:47:30.959414,TRUE,FALSE,0.5,FALSE,0,FALSE,0.023874,2026-07-24 03:47:30.959414,+178,+178
3M Open,3_balls,draftkings,"Schmid, Matti","Svensson, Adam / Champ, Cameron","3_balls draftkings 20722 13997,23542",2.36,0.4333,0.0226,2026-07-24 03:47:30.959414,2.36,0.4333,2026-07-24 03:47:30.959414,TRUE,FALSE,-1,FALSE,0,FALSE,0.0225880000000001,2026-07-24 03:47:30.959414,+136,+136
3M Open,round_matchups,bet365,"Jarvis, Casey","Yu, Kevin",round_matchups bet365 26947 17881,1.86,0.5497,0.0224,2026-07-24 03:47:30.959414,1.86,0.5497,2026-07-24 03:47:30.959414,TRUE,FALSE,-1,FALSE,0,FALSE,0.0224420000000001,2026-07-24 03:47:30.959414,-116,-116
3M Open,3_balls,fanduel,"Streelman, Kevin","Schenk, Adam / Mazzoli, Stefano","3_balls fanduel 8480 19477,20844",2.65,0.3854,0.0214,2026-07-24 03:47:30.959414,2.65,0.3854,2026-07-24 03:47:30.959414,TRUE,FALSE,0,FALSE,0,FALSE,0.0213099999999999,2026-07-24 03:47:30.959414,+165,+165
3M Open,round_matchups,bet365,"Li, Haotong","Donohue, Muzzy",round_matchups bet365 15310 33994,1.57,0.7697,0.2085,2026-07-25 03:44:00.547959,1.57,0.7697,2026-07-25 03:44:00.547959,TRUE,FALSE,3,TRUE,0,FALSE,0.208429,2026-07-25 03:44:00.547959,-175,-175
3M Open,round_matchups,bet365,"Kim, Michael","Grillo, Emiliano",round_matchups bet365 17543 12808,2,0.5297,0.0594,2026-07-25 03:44:00.547959,2,0.5297,2026-07-25 03:44:00.547959,TRUE,FALSE,3,TRUE,0,FALSE,0.0593999999999999,2026-07-25 03:44:00.547959,+100,+100
3M Open,round_matchups,draftkings,"Kim, Michael","Grillo, Emiliano",round_matchups draftkings 17543 12808,1.95,0.5297,0.0341,2026-07-25 03:44:00.547959,1.95,0.5297,2026-07-25 03:44:00.547959,TRUE,FALSE,3,TRUE,0,FALSE,0.0329149999999998,2026-07-25 03:44:00.547959,-105,-105
3M Open,round_matchups,fanduel,"Kitayama, Kurt","Whaley, Vince",round_matchups fanduel 21891 25908,1.5,0.6852,0.0278,2026-07-25 03:44:00.547959,1.5,0.6852,2026-07-25 03:44:00.547959,TRUE,FALSE,1,TRUE,0,FALSE,0.0278,2026-07-25 03:44:00.547959,-200,-200
3M Open,round_matchups,fanduel,"Parry, John","Neergaard-Petersen, Rasmus",round_matchups fanduel 13764 23841,2.1,0.4868,0.0223,2026-07-25 03:44:00.547959,2.1,0.4868,2026-07-25 03:44:00.547959,TRUE,FALSE,1,TRUE,0,FALSE,0.0222800000000001,2026-07-25 03:44:00.547959,+110,+110
3M Open,round_matchups,draftkings,"Conners, Corey","Kirk, Chris",round_matchups draftkings 17576 12423,1.68,0.6093,0.0209,2026-07-25 03:44:00.547959,1.68,0.6093,2026-07-25 03:44:00.547959,TRUE,FALSE,2,TRUE,0,FALSE,0.0236239999999999,2026-07-25 03:44:00.547959,-147,-147
3M Open,round_matchups,bet365,"Bezuidenhout, Christiaan","Yu, Kevin",round_matchups bet365 18103 17881,1.86,0.5763,0.072,2026-07-25 03:44:00.547959,1.86,0.5763,2026-07-25 03:44:00.547959,TRUE,FALSE,0,FALSE,0,FALSE,0.0719180000000002,2026-07-25 03:44:00.547959,-116,-116
3M Open,round_matchups,bet365,"Merritt, Troy","Phillips, Chandler",round_matchups bet365 13367 27164,2.15,0.4779,0.0274,2026-07-25 03:44:00.547959,2.15,0.4779,2026-07-25 03:44:00.547959,TRUE,FALSE,-1,FALSE,0,FALSE,0.027485,2026-07-25 03:44:00.547959,+115,+115
3M Open,round_matchups,draftkings,"Matsuyama, Hideki","Scheffler, Scottie",round_matchups draftkings 13562 18417,3.05,0.3365,0.0263,2026-07-25 03:44:00.547959,3.05,0.3365,2026-07-25 03:44:00.547959,TRUE,FALSE,-1,FALSE,0,FALSE,0.0263249999999999,2026-07-25 03:44:00.547959,+205,+205
3M Open,round_matchups,draftkings,"Hodges, Lee","Smotherman, Austin",round_matchups draftkings 25157 22985,1.86,0.5511,0.0261,2026-07-25 03:44:00.547959,1.86,0.5511,2026-07-25 03:44:00.547959,TRUE,FALSE,0,FALSE,0,FALSE,0.0250460000000001,2026-07-25 03:44:00.547959,-116,-116
3M Open,round_matchups,bet365,"Jarvis, Casey","Nyholm, Pontus",round_matchups bet365 26947 25475,1.76,0.5814,0.0234,2026-07-25 03:44:00.547959,1.76,0.5814,2026-07-25 03:44:00.547959,TRUE,FALSE,-1,FALSE,0,FALSE,0.023264,2026-07-25 03:44:00.547959,-132,-132
3M Open,round_matchups,betmgm,"Thompson, Davis","Power, Seamus",round_matchups betmgm 27364 10104,1.91,0.5557,0.0615,2026-07-25 06:12:08.789239,1.91,0.5557,2026-07-25 06:12:08.789239,TRUE,FALSE,1,TRUE,0,FALSE,0.0613869999999999,2026-07-25 06:12:08.789239,-110,-110
3M Open,round_matchups,fanduel,"Kim, Michael","Phillips, Chandler",round_matchups fanduel 17543 27164,1.73,0.6112,0.0557,2026-07-25 06:12:08.789239,1.73,0.6112,2026-07-25 06:12:08.789239,TRUE,FALSE,2,TRUE,0,FALSE,0.0573759999999999,2026-07-25 06:12:08.789239,-137,-137
3M Open,round_matchups,betmgm,"Woodland, Gary","Streelman, Kevin",round_matchups betmgm 12577 8480,1.75,0.5916,0.0352,2026-07-25 06:12:08.789239,1.75,0.5916,2026-07-25 06:12:08.789239,TRUE,FALSE,1,TRUE,0,FALSE,0.0353000000000001,2026-07-25 06:12:08.789239,-133,-133
3M Open,round_matchups,betmgm,"Blanchet, Chandler","Eckroat, Austin",round_matchups betmgm 24956 26653,2.25,0.4757,0.0704,2026-07-25 06:12:08.789239,2.25,0.4757,2026-07-25 06:12:08.789239,TRUE,FALSE,0,FALSE,0,FALSE,0.070325,2026-07-25 06:12:08.789239,+125,+125
3M Open,round_matchups,betmgm,"Bezuidenhout, Christiaan","Yu, Kevin",round_matchups betmgm 18103 17881,1.83,0.5763,0.0547,2026-07-25 06:12:08.789239,1.83,0.5763,2026-07-25 06:12:08.789239,TRUE,FALSE,0,FALSE,0,FALSE,0.054629,2026-07-25 06:12:08.789239,-120,-120
3M Open,round_matchups,betmgm,"Jarvis, Casey","Nyholm, Pontus",round_matchups betmgm 26947 25475,1.62,0.6424,0.0407,2026-07-25 06:12:08.789239,1.62,0.6424,2026-07-25 06:12:08.789239,TRUE,FALSE,-1,FALSE,0,FALSE,0.0406880000000001,2026-07-25 06:12:08.789239,-161,-161
3M Open,round_matchups,betmgm,"Gomez, Fabian","Gordon, Will",round_matchups betmgm 8571 26660,1.91,0.5419,0.0349,2026-07-25 06:12:08.789239,1.91,0.5419,2026-07-25 06:12:08.789239,TRUE,FALSE,0,FALSE,0,FALSE,0.035029,2026-07-25 06:12:08.789239,-110,-110
3M Open,round_matchups,betmgm,"Dou, Zecheng","Whaley, Vince",round_matchups betmgm 16757 25908,1.75,0.5856,0.0248,2026-07-25 06:12:08.789239,1.75,0.5856,2026-07-25 06:12:08.789239,TRUE,FALSE,0,FALSE,0,FALSE,0.0247999999999999,2026-07-25 06:12:08.789239,-133,-133
3M Open,round_matchups,fanduel,"McNealy, Maverick","Donohue, Muzzy",round_matchups fanduel 18634 33994,1.2,0.8962,0.0754,2026-07-26 00:16:00.688277,1.2,0.8962,2026-07-26 00:16:00.688277,TRUE,FALSE,3,TRUE,0,FALSE,0.07544,2026-07-26 00:16:00.688277,-500,-500
3M Open,round_matchups,betmgm,"Blair, Zac","Merritt, Troy",round_matchups betmgm 17639 13367,1.62,0.6325,0.0246,2026-07-26 00:16:00.688277,1.62,0.6325,2026-07-26 00:16:00.688277,TRUE,FALSE,1,TRUE,0,FALSE,0.0246500000000001,2026-07-26 00:16:00.688277,-161,-161
3M Open,round_matchups,fanduel,"Blanchet, Chandler","Woodland, Gary",round_matchups fanduel 24956 12577,2.5,0.4298,0.0746,2026-07-26 00:16:00.688277,2.5,0.4298,2026-07-26 00:16:00.688277,TRUE,FALSE,0,FALSE,0,FALSE,0.0745,2026-07-26 00:16:00.688277,+150,+150
3M Open,round_matchups,betmgm,"Smith, Jordan","Stanger, Jimmy",round_matchups betmgm 18586 23048,1.55,0.6839,0.0601,2026-07-26 00:16:00.688277,1.55,0.6839,2026-07-26 00:16:00.688277,TRUE,FALSE,-2,FALSE,0,FALSE,0.0600449999999999,2026-07-26 00:16:00.688277,-182,-182
3M Open,round_matchups,fanduel,"Li, Haotong","Nyholm, Pontus",round_matchups fanduel 15310 25475,1.9,0.5535,0.0517,2026-07-26 00:16:00.688277,1.9,0.5535,2026-07-26 00:16:00.688277,TRUE,FALSE,0,FALSE,0,FALSE,0.05165,2026-07-26 00:16:00.688277,-111,-111
3M Open,round_matchups,draftkings,"Smith, Jordan","Stanger, Jimmy",round_matchups draftkings 18586 23048,1.53,0.6839,0.0439,2026-07-26 00:16:00.688277,1.53,0.6839,2026-07-26 00:16:00.688277,TRUE,FALSE,-2,FALSE,0,FALSE,0.0463670000000001,2026-07-26 00:16:00.688277,-189,-189
3M Open,round_matchups,draftkings,"Blanchet, Chandler","Woodland, Gary",round_matchups draftkings 24956 12577,2.42,0.4298,0.0402,2026-07-26 00:16:00.688277,2.42,0.4298,2026-07-26 00:16:00.688277,TRUE,FALSE,0,FALSE,0,FALSE,0.040116,2026-07-26 00:16:00.688277,+142,+142
3M Open,round_matchups,fanduel,"Hughes, Mackenzie","Knapp, Jake",round_matchups fanduel 15556 19396,2.2,0.4687,0.0312,2026-07-26 00:16:00.688277,2.2,0.4687,2026-07-26 00:16:00.688277,TRUE,FALSE,-1,FALSE,0,FALSE,0.0311400000000002,2026-07-26 00:16:00.688277,+120,+120
3M Open,round_matchups,fanduel,"McCarthy, Denny","Phillips, Chandler",round_matchups fanduel 19870 27164,1.8,0.5694,0.0249,2026-07-26 00:16:00.688277,1.8,0.5694,2026-07-26 00:16:00.688277,TRUE,FALSE,0,FALSE,0,FALSE,0.0249200000000001,2026-07-26 00:16:00.688277,-125,-125
3M Open,round_matchups,betmgm,"Schmid, Matti","Ewart, A.J.",round_matchups betmgm 20722 21883,1.9,0.5384,0.023,2026-07-26 00:16:00.688277,1.9,0.5384,2026-07-26 00:16:00.688277,TRUE,FALSE,-1,FALSE,0,FALSE,0.0229599999999999,2026-07-26 00:16:00.688277,-111,-111
3M Open,round_matchups,bet365,"McNealy, Maverick","Donohue, Muzzy",round_matchups bet365 18634 33994,1.3,0.8548,0.1112,2026-07-26 03:58:45.052617,1.3,0.8548,2026-07-26 03:58:45.052617,TRUE,FALSE,3,TRUE,0,FALSE,0.11124,2026-07-26 03:58:45.052617,-333,-333
3M Open,round_matchups,bet365,"Bezuidenhout, Christiaan","Svensson, Jesper",round_matchups bet365 18103 26850,1.83,0.5623,0.0289,2026-07-26 03:58:45.052617,1.83,0.5623,2026-07-26 03:58:45.052617,TRUE,FALSE,1,TRUE,0,FALSE,0.0290090000000001,2026-07-26 03:58:45.052617,-120,-120
3M Open,round_matchups,bet365,"Kitayama, Kurt","Scheffler, Scottie",round_matchups bet365 21891 18417,2.9,0.3539,0.0264,2026-07-26 03:58:45.052617,2.9,0.3539,2026-07-26 03:58:45.052617,TRUE,FALSE,0,FALSE,0,FALSE,0.0263100000000001,2026-07-26 03:58:45.052617,+190,+190
3M Open,round_matchups,bet365,"Harman, Brian","Brennan, Michael",round_matchups bet365 8825 29197,1.95,0.524,0.0217,2026-07-26 03:58:45.052617,1.95,0.524,2026-07-26 03:58:45.052617,TRUE,FALSE,0,FALSE,0,FALSE,0.0218,2026-07-26 03:58:45.052617,-105,-105
3M Open,round_matchups,bet365,"Neergaard-Petersen, Rasmus","Ventura, Kristoffer",round_matchups bet365 23841 15651,1.8,0.5668,0.0203,2026-07-26 03:58:45.052617,1.8,0.5668,2026-07-26 03:58:45.052617,TRUE,FALSE,-1,FALSE,0,FALSE,0.02024,2026-07-26 03:58:45.052617,-125,-125
Rocket Classic,tournament_matchups,bet365,"Gotterup, Chris","Koivun, Jackson",tournament_matchups bet365 27774 32319,1.9,0.5432,0.0322,2026-07-27 22:29:06.598547,1.9,0.5438,2026-07-30 11:22:31.315929,TRUE,FALSE,2,TRUE,0,FALSE,0.0332199999999998,2026-07-30 11:22:31.315929,-111,-111
Rocket Classic,3_balls,bet365,"Clanton, Luke","Dalke, Brad / Penge, Marco","3_balls bet365 32330 21501,22465",3.1,0.3669,0.1373,2026-07-28 19:55:08.465488,2.9,0.3669,2026-07-30 11:22:31.315929,TRUE,FALSE,2,TRUE,0.0689655172413795,TRUE,0.13739,2026-07-30 11:22:31.315929,+210,+190
Rocket Classic,3_balls,bet365,"Cole, Eric","Todd, Brendon / Griffin, Lanto","3_balls bet365 21756 12425,15330",1.95,0.5443,0.0613,2026-07-28 19:55:08.465488,1.86,0.5443,2026-07-30 11:22:31.315929,TRUE,FALSE,1,TRUE,0.0483870967741935,TRUE,0.061385,2026-07-30 11:22:31.315929,-105,-116
Rocket Classic,round_matchups,bet365,"Conners, Corey","Spieth, Jordan",round_matchups bet365 17576 14636,1.9,0.5489,0.0429,2026-07-28 19:55:08.465488,1.83,0.5489,2026-07-30 11:22:31.315929,TRUE,FALSE,1,TRUE,0.0382513661202184,TRUE,0.04291,2026-07-30 11:22:31.315929,-111,-120
Rocket Classic,round_matchups,bet365,"Gotterup, Chris","Koivun, Jackson",round_matchups bet365 27774 32319,1.9,0.5456,0.0367,2026-07-28 19:55:08.465488,1.9,0.5456,2026-07-30 11:22:31.315929,TRUE,FALSE,1,TRUE,0,FALSE,0.03664,2026-07-30 11:22:31.315929,-111,-111
Rocket Classic,3_balls,bet365,"Kim, Michael","Power, Seamus / Blair, Zac","3_balls bet365 17543 10104,17639",2.62,0.3936,0.0313,2026-07-28 19:55:08.465488,2.62,0.3936,2026-07-30 11:22:31.315929,TRUE,FALSE,2,TRUE,0,FALSE,0.0312320000000002,2026-07-30 11:22:31.315929,+162,+162
Rocket Classic,3_balls,draftkings,"Cole, Eric","Todd, Brendon / Griffin, Lanto","3_balls draftkings 21756 12425,15330",1.89,0.5443,0.0302,2026-07-28 19:55:08.465488,1.89,0.5443,2026-07-30 11:22:31.315929,TRUE,FALSE,1,TRUE,0,FALSE,0.0287269999999999,2026-07-30 11:22:31.315929,-112,-112
Rocket Classic,3_balls,bet365,"Cantlay, Patrick","Spieth, Jordan / Knapp, Jake","3_balls bet365 15466 14636,19396",2.6,0.4037,0.0495,2026-07-28 19:55:08.465488,2.6,0.4037,2026-07-30 11:22:31.315929,TRUE,FALSE,-0.5,FALSE,0,FALSE,0.04962,2026-07-30 11:22:31.315929,+160,+160
Rocket Classic,3_balls,draftkings,"James, Ben","Ruffels, Ryan / Keefer, Johnny","3_balls draftkings 29827 17169,32457",2.28,0.46,0.0488,2026-07-28 19:55:08.465488,2.28,0.46,2026-07-30 11:22:31.315929,TRUE,FALSE,0,FALSE,0,FALSE,0.0488,2026-07-30 11:22:31.315929,+128,+128
Rocket Classic,3_balls,bet365,"Bauchou, Zach","Tosti, Alejandro / Crowe, Trace","3_balls bet365 19846 17032,27780",2.45,0.424,0.0388,2026-07-28 19:55:08.465488,2.45,0.424,2026-07-30 11:22:31.315929,TRUE,FALSE,0,FALSE,0,FALSE,0.0387999999999999,2026-07-30 11:22:31.315929,+145,+145
Rocket Classic,3_balls,bet365,"James, Ben","Ruffels, Ryan / Keefer, Johnny","3_balls bet365 29827 17169,32457",2.25,0.46,0.035,2026-07-28 19:55:08.465488,2.15,0.46,2026-07-30 11:22:31.315929,TRUE,FALSE,0,FALSE,0.0465116279069768,TRUE,0.0350000000000001,2026-07-30 11:22:31.315929,+125,+115
Rocket Classic,3_balls,bet365,"Kim, Si Woo","Bhatia, Akshay / Potgieter, Aldrich","3_balls bet365 14609 26096,27900",2.37,0.4356,0.0323,2026-07-28 19:55:08.465488,2.4,0.4356,2026-07-30 11:22:31.315929,TRUE,FALSE,0,FALSE,-0.0125,FALSE,0.0323720000000001,2026-07-30 11:22:31.315929,+137,+140
Rocket Classic,round_matchups,bet365,"Novak, Andrew","Jaeger, Stephan",round_matchups bet365 23475 16394,1.9,0.543,0.0317,2026-07-28 19:55:08.465488,1.9,0.543,2026-07-30 11:22:31.315929,TRUE,FALSE,0,FALSE,0,FALSE,0.0317000000000001,2026-07-30 11:22:31.315929,-111,-111
Rocket Classic,3_balls,bet365,"Penge, Marco","Dalke, Brad / Clanton, Luke","3_balls bet365 22465 21501,32330",2,0.5127,0.0253,2026-07-28 19:55:08.465488,2.05,0.5127,2026-07-30 11:22:31.315929,TRUE,FALSE,-2,FALSE,-0.0243902439024389,FALSE,0.0254000000000001,2026-07-30 11:22:31.315929,+100,+105
Rocket Classic,3_balls,bet365,"Novak, Andrew","Glover, Lucas / Riley, Davis","3_balls bet365 23475 19872,7399",2.37,0.4319,0.0236,2026-07-28 19:55:08.465488,2.3,0.4319,2026-07-30 11:22:31.315929,TRUE,FALSE,0,FALSE,0.0304347826086957,TRUE,0.023603,2026-07-30 11:22:31.315929,+137,+130
Rocket Classic,3_balls,bet365,"Conners, Corey","Fisk, Steven / Highsmith, Joe","3_balls bet365 17576 26657,28469",2.37,0.4313,0.0221,2026-07-28 19:55:08.465488,2.3,0.4313,2026-07-30 11:22:31.315929,TRUE,FALSE,0.5,FALSE,0.0304347826086957,TRUE,0.022181,2026-07-30 11:22:31.315929,+137,+130
Rocket Classic,3_balls,bet365,"Gerard, Ryan","Jaeger, Stephan / Mazzoli, Stefano","3_balls bet365 29767 16394,20844",2.05,0.4976,0.0201,2026-07-28 19:55:08.465488,1.95,0.4976,2026-07-30 11:22:31.315929,TRUE,FALSE,-0.5,FALSE,0.0512820512820513,TRUE,0.0200799999999999,2026-07-30 11:22:31.315929,+105,-105
Rocket Classic,3_balls,bet365,"Griffin, Lanto","Todd, Brendon / Cole, Eric","3_balls bet365 15330 12425,21756",3.1,0.3374,0.0459,2026-07-28 22:18:39.87314,3.1,0.3374,2026-07-30 11:22:31.315929,TRUE,FALSE,1,TRUE,0,FALSE,0.0459399999999999,2026-07-30 11:22:31.315929,+210,+210
Rocket Classic,3_balls,fanduel,"Kim, Michael","Power, Seamus / Blair, Zac","3_balls fanduel 17543 10104,17639",2.65,0.3936,0.0431,2026-07-28 22:18:39.87314,2.65,0.3936,2026-07-30 11:22:31.315929,TRUE,FALSE,2,TRUE,0,FALSE,0.04304,2026-07-30 11:22:31.315929,+165,+165
Rocket Classic,3_balls,fanduel,"Cole, Eric","Todd, Brendon / Griffin, Lanto","3_balls fanduel 21756 12425,15330",1.91,0.5443,0.0391,2026-07-28 22:18:39.87314,1.8,0.5443,2026-07-30 11:22:31.315929,TRUE,FALSE,1,TRUE,0.0611111111111111,TRUE,0.0396129999999999,2026-07-30 11:22:31.315929,-110,-125
Rocket Classic,3_balls,fanduel,"Cantlay, Patrick","Spieth, Jordan / Knapp, Jake","3_balls fanduel 15466 14636,19396",2.55,0.4037,0.0293,2026-07-28 22:18:39.87314,2.45,0.4037,2026-07-30 11:22:31.315929,TRUE,FALSE,-0.5,FALSE,0.0408163265306121,TRUE,0.0294349999999999,2026-07-30 11:22:31.315929,+155,+145
Rocket Classic,3_balls,fanduel,"Kim, Si Woo","Bhatia, Akshay / Potgieter, Aldrich","3_balls fanduel 14609 26096,27900",2.35,0.4356,0.0236,2026-07-28 22:18:39.87314,2.35,0.4356,2026-07-30 11:22:31.315929,TRUE,FALSE,0,FALSE,0,FALSE,0.02366,2026-07-30 11:22:31.315929,+135,+135
Rocket Classic,3_balls,bet365,"Li, Haotong","Dumont De Chassart, Adrien / Celano, Ryan","3_balls bet365 15310 22002,29665",2.3,0.4846,0.1147,2026-07-29 04:33:19.814287,2.25,0.4846,2026-07-30 11:22:31.315929,TRUE,FALSE,1,TRUE,0.0222222222222221,TRUE,0.11458,2026-07-30 11:22:31.315929,+130,+125
Rocket Classic,3_balls,bet365,"Kanaya, Takumi","Kizzire, Patton / Phillips, Chandler","3_balls bet365 19729 13470,27164",2.8,0.3707,0.038,2026-07-29 04:33:19.814287,2.8,0.3707,2026-07-30 11:22:31.315929,TRUE,FALSE,1,TRUE,0,FALSE,0.0379599999999998,2026-07-30 11:22:31.315929,+180,+180
Rocket Classic,3_balls,bet365,"Nyholm, Pontus","Shipley, Neal / Azallion, Daniel","3_balls bet365 25475 32055,35071",2.4,0.4299,0.0317,2026-07-29 04:33:19.814287,2.4,0.4299,2026-07-30 11:22:31.315929,TRUE,FALSE,1,TRUE,0,FALSE,0.03176,2026-07-30 11:22:31.315929,+140,+140
Rocket Classic,3_balls,bet365,"Dumont De Chassart, Adrien","Li, Haotong / Celano, Ryan","3_balls bet365 22002 15310,29665",2.37,0.5012,0.1878,2026-07-29 04:33:19.814287,2.25,0.5012,2026-07-30 11:22:31.315929,TRUE,FALSE,-1,FALSE,0.0533333333333335,TRUE,0.187844,2026-07-30 11:22:31.315929,+137,+125
Rocket Classic,3_balls,bet365,"Neergaard-Petersen, Rasmus","Quiban, Justin / Rozo, Marcelo","3_balls bet365 23841 15981,16591",1.8,0.6083,0.0949,2026-07-29 04:33:19.814287,1.7,0.6083,2026-07-30 11:22:31.315929,TRUE,FALSE,-1,FALSE,0.0588235294117647,TRUE,0.09494,2026-07-30 11:22:31.315929,-125,-143
Rocket Classic,tournament_matchups,caesars,"Kim, Si Woo","Gotterup, Chris",tournament_matchups caesars 14609 27774,2.15,0.4899,0.0534,2026-07-29 04:33:19.814287,1.91,0.4899,2026-07-30 11:22:31.315929,TRUE,FALSE,-1,FALSE,0.12565445026178,TRUE,0.053285,2026-07-30 11:22:31.315929,+115,-110
Rocket Classic,3_balls,bet365,"Shipley, Neal","Nyholm, Pontus / Azallion, Daniel","3_balls bet365 32055 25475,35071",2.2,0.4708,0.0357,2026-07-29 04:33:19.814287,2.2,0.4708,2026-07-30 11:22:31.315929,TRUE,FALSE,-1,FALSE,0,FALSE,0.03576,2026-07-30 11:22:31.315929,+120,+120
Rocket Classic,round_matchups,bet365,"Ghim, Doug","Coody, Pierceson",round_matchups bet365 24550 28309,1.9,0.5441,0.0339,2026-07-29 04:33:19.814287,1.9,0.5441,2026-07-30 11:22:31.315929,TRUE,FALSE,-1,FALSE,0,FALSE,0.03379,2026-07-30 11:22:31.315929,-111,-111
Rocket Classic,3_balls,draftkings,"Penge, Marco","Dalke, Brad / Clanton, Luke","3_balls draftkings 22465 21501,32330",2,0.5127,0.0253,2026-07-29 19:05:51.922181,1.98,0.5127,2026-07-30 11:22:31.315929,TRUE,FALSE,-2,FALSE,0.0101010101010102,TRUE,0.0254000000000001,2026-07-30 11:22:31.315929,+100,-102
Rocket Classic,round_matchups,draftkings,"Spieth, Jordan","Dalke, Brad",round_matchups draftkings 14636 21501,1.39,0.806,0.1221,2026-07-29 22:15:25.087145,1.35,0.806,2026-07-30 11:22:31.315929,TRUE,FALSE,3,TRUE,0.0296296296296295,TRUE,0.12034,2026-07-30 11:22:31.315929,-256,-286
Rocket Classic,tournament_matchups,draftkings,"Ruffels, Ryan","Dalke, Brad",tournament_matchups draftkings 17169 21501,2.08,0.5523,0.1489,2026-07-29 22:15:25.087145,1.79,0.5523,2026-07-30 11:22:31.315929,TRUE,FALSE,0,FALSE,0.162011173184358,TRUE,0.148784,2026-07-30 11:22:31.315929,+108,-127
Rocket Classic,3_balls,fanduel,"Griffin, Lanto","Todd, Brendon / Cole, Eric","3_balls fanduel 15330 12425,21756",3.1,0.3374,0.0459,2026-07-30 06:10:40.318749,3.1,0.3374,2026-07-30 11:22:31.315929,TRUE,FALSE,1,TRUE,0,FALSE,0.0459399999999999,2026-07-30 11:22:31.315929,+210,+210
Rocket Classic,tournament_matchups,caesars,"Spieth, Jordan","Penge, Marco",tournament_matchups caesars 14636 22465,2,0.5127,0.0254,2026-07-30 06:10:40.318749,2.05,0.5127,2026-07-30 11:22:31.315929,TRUE,FALSE,1,TRUE,-0.0243902439024389,FALSE,0.0254000000000001,2026-07-30 11:22:31.315929,+100,+105
Rocket Classic,3_balls,fanduel,"Lamprecht, Christo","Hirata, Kensei / Sargent, Gordon","3_balls fanduel 24343 20954,30814",3.7,0.28,0.0359,2026-07-30 06:10:40.318749,3.7,0.28,2026-07-30 11:22:31.315929,TRUE,FALSE,0,FALSE,0,FALSE,0.0360000000000003,2026-07-30 11:22:31.315929,+270,+270
Rocket Classic,3_balls,fanduel,"Hirata, Kensei","Lamprecht, Christo / Sargent, Gordon","3_balls fanduel 20954 24343,30814",2.9,0.3548,0.0288,2026-07-30 06:10:40.318749,2.9,0.3548,2026-07-30 11:22:31.315929,TRUE,FALSE,0,FALSE,0,FALSE,0.0289200000000001,2026-07-30 11:22:31.315929,+190,+190
Rocket Classic,3_balls,fanduel,"Kanaya, Takumi","Kizzire, Patton / Phillips, Chandler","3_balls fanduel 19729 13470,27164",2.8,0.3707,0.038,2026-07-30 11:22:31.315929,2.8,0.3707,2026-07-30 11:22:31.315929,TRUE,FALSE,1,TRUE,0,FALSE,0.0379599999999998,2026-07-30 11:22:31.315929,+180,+180
Rocket Classic,round_matchups,fanduel,"Griffin, Ben","Cantlay, Patrick",round_matchups fanduel 24968 15466,2.1,0.4902,0.0295,2026-07-30 11:22:31.315929,2.1,0.4902,2026-07-30 11:22:31.315929,TRUE,FALSE,0,FALSE,0,FALSE,0.02942,2026-07-30 11:22:31.315929,+110,+110
Rocket Classic,3_balls,bet365,"Parry, John","Saddier, Adrien / Jennings, William","3_balls bet365 13764 14792,35417",2.62,0.411,0.0768,2026-07-31 02:53:29.538362,2.62,0.411,2026-07-31 02:53:29.538362,TRUE,FALSE,1,TRUE,0,FALSE,0.0768199999999999,2026-07-31 02:53:29.538362,+162,+162
Rocket Classic,round_matchups,bet365,"Kim, Si Woo","Bhatia, Akshay",round_matchups bet365 14609 26096,1.86,0.5744,0.0683,2026-07-31 02:53:29.538362,1.86,0.5744,2026-07-31 02:53:29.538362,TRUE,FALSE,1,TRUE,0,FALSE,0.068384,2026-07-31 02:53:29.538362,-116,-116
Rocket Classic,3_balls,bet365,"Gotterup, Chris","Fowler, Rickie / Schauffele, Xander","3_balls bet365 27774 12965,19895",2.75,0.3807,0.0469,2026-07-31 02:53:29.538362,2.75,0.3807,2026-07-31 02:53:29.538362,TRUE,FALSE,1,TRUE,0,FALSE,0.0469249999999999,2026-07-31 02:53:29.538362,+175,+175
Rocket Classic,3_balls,betmgm,"Gotterup, Chris","Fowler, Rickie / Schauffele, Xander","3_balls betmgm 27774 12965,19895",2.75,0.3807,0.0469,2026-07-31 02:53:29.538362,2.75,0.3807,2026-07-31 02:53:29.538362,TRUE,FALSE,1,TRUE,0,FALSE,0.0469249999999999,2026-07-31 02:53:29.538362,+175,+175
Rocket Classic,round_matchups,bet365,"Gotterup, Chris","Schauffele, Xander",round_matchups bet365 27774 19895,2,0.5175,0.0349,2026-07-31 02:53:29.538362,2,0.5175,2026-07-31 02:53:29.538362,TRUE,FALSE,1,TRUE,0,FALSE,0.0349999999999999,2026-07-31 02:53:29.538362,+100,+100
Rocket Classic,3_balls,draftkings,"Clanton, Luke","Dalke, Brad / Penge, Marco","3_balls draftkings 32330 21501,22465",2.54,0.402,0.0211,2026-07-31 02:53:29.538362,2.54,0.402,2026-07-31 02:53:29.538362,TRUE,FALSE,2,TRUE,0,FALSE,0.02108,2026-07-31 02:53:29.538362,+154,+154
Rocket Classic,3_balls,bet365,"Hooks, Joe","Nakajima, Keita / Fishburn, Patrick","3_balls bet365 33913 21074,25094",17,0.0765,0.3005,2026-07-31 02:53:29.538362,17,0.0765,2026-07-31 02:53:29.538362,TRUE,FALSE,-4,FALSE,0,FALSE,0.3005,2026-07-31 02:53:29.538362,+1600,+1600
Rocket Classic,3_balls,betmgm,"Putnam, Andrew","Smith, Jordan / Wallace, Matt","3_balls betmgm 14704 18586,20706",4,0.2791,0.1162,2026-07-31 02:53:29.538362,4,0.2791,2026-07-31 02:53:29.538362,TRUE,FALSE,0,FALSE,0,FALSE,0.1164,2026-07-31 02:53:29.538362,+300,+300
Rocket Classic,3_balls,bet365,"Mazzoli, Stefano","Jaeger, Stephan / Gerard, Ryan","3_balls bet365 20844 16394,29767",6,0.1831,0.0987,2026-07-31 02:53:29.538362,6,0.1831,2026-07-31 02:53:29.538362,TRUE,FALSE,-0.5,FALSE,0,FALSE,0.0986,2026-07-31 02:53:29.538362,+500,+500
Rocket Classic,3_balls,bet365,"Saddier, Adrien","Parry, John / Jennings, William","3_balls bet365 14792 13764,35417",3.4,0.3224,0.0963,2026-07-31 02:53:29.538362,3.4,0.3224,2026-07-31 02:53:29.538362,TRUE,FALSE,-1,FALSE,0,FALSE,0.09616,2026-07-31 02:53:29.538362,+240,+240
Rocket Classic,3_balls,bet365,"Taylor, Nick","Snedeker, Brandt / Schenk, Adam","3_balls bet365 13126 19477,8820",2.37,0.4508,0.0684,2026-07-31 02:53:29.538362,2.37,0.4508,2026-07-31 02:53:29.538362,TRUE,FALSE,-0.5,FALSE,0,FALSE,0.0683959999999999,2026-07-31 02:53:29.538362,+137,+137
Rocket Classic,3_balls,betmgm,"Bridgeman, Jacob","Davis, Cam / Hojgaard, Nicolai","3_balls betmgm 29433 17786,23602",2.75,0.3883,0.068,2026-07-31 02:53:29.538362,2.75,0.3883,2026-07-31 02:53:29.538362,TRUE,FALSE,0.5,FALSE,0,FALSE,0.067825,2026-07-31 02:53:29.538362,+175,+175
Rocket Classic,3_balls,bet365,"Putnam, Andrew","Smith, Jordan / Wallace, Matt","3_balls bet365 14704 18586,20706",3.8,0.2791,0.0604,2026-07-31 02:53:29.538362,3.8,0.2791,2026-07-31 02:53:29.538362,TRUE,FALSE,0,FALSE,0,FALSE,0.0605800000000001,2026-07-31 02:53:29.538362,+280,+280
Rocket Classic,3_balls,betmgm,"Mazzoli, Stefano","Jaeger, Stephan / Gerard, Ryan","3_balls betmgm 20844 16394,29767",5.75,0.1831,0.0529,2026-07-31 02:53:29.538362,5.75,0.1831,2026-07-31 02:53:29.538362,TRUE,FALSE,-0.5,FALSE,0,FALSE,0.0528250000000001,2026-07-31 02:53:29.538362,+475,+475
Rocket Classic,3_balls,bet365,"Bridgeman, Jacob","Davis, Cam / Hojgaard, Nicolai","3_balls bet365 29433 17786,23602",2.7,0.3883,0.0485,2026-07-31 02:53:29.538362,2.7,0.3883,2026-07-31 02:53:29.538362,TRUE,FALSE,0.5,FALSE,0,FALSE,0.0484100000000001,2026-07-31 02:53:29.538362,+170,+170
Rocket Classic,3_balls,betmgm,"Blair, Zac","Power, Seamus / Kim, Michael","3_balls betmgm 17639 10104,17543",3.25,0.3222,0.0473,2026-07-31 02:53:29.538362,3.25,0.3222,2026-07-31 02:53:29.538362,TRUE,FALSE,-1,FALSE,0,FALSE,0.04715,2026-07-31 02:53:29.538362,+225,+225
Rocket Classic,round_matchups,bet365,"Hojgaard, Nicolai","Brennan, Michael",round_matchups bet365 23602 29197,1.9,0.5497,0.0444,2026-07-31 02:53:29.538362,1.9,0.5497,2026-07-31 02:53:29.538362,TRUE,FALSE,-1,FALSE,0,FALSE,0.04443,2026-07-31 02:53:29.538362,-111,-111
Rocket Classic,3_balls,draftkings,"Thompson, Davis","Streelman, Kevin / Hall, Harry","3_balls draftkings 27364 27194,8480",2.2,0.4727,0.0399,2026-07-31 02:53:29.538362,2.2,0.4727,2026-07-31 02:53:29.538362,TRUE,FALSE,0,FALSE,0,FALSE,0.0399400000000001,2026-07-31 02:53:29.538362,+120,+120
Rocket Classic,3_balls,betmgm,"Matsuyama, Hideki","Henley, Russell / Silverman, Ben","3_balls betmgm 13562 14578,17381",2.45,0.4244,0.0399,2026-07-31 02:53:29.538362,2.45,0.4244,2026-07-31 02:53:29.538362,TRUE,FALSE,0,FALSE,0,FALSE,0.0397800000000002,2026-07-31 02:53:29.538362,+145,+145
Rocket Classic,3_balls,draftkings,"Ghim, Doug","Whaley, Vince / Coody, Pierceson","3_balls draftkings 24550 25908,28309",2.36,0.4396,0.0375,2026-07-31 02:53:29.538362,2.36,0.4396,2026-07-31 02:53:29.538362,TRUE,FALSE,-1,FALSE,0,FALSE,0.0374559999999999,2026-07-31 02:53:29.538362,+136,+136
Rocket Classic,3_balls,bet365,"Mouw, William","Kuchar, Matt / Yu, Kevin","3_balls bet365 29770 17881,6169",2.87,0.361,0.0362,2026-07-31 02:53:29.538362,2.87,0.361,2026-07-31 02:53:29.538362,TRUE,FALSE,0,FALSE,0,FALSE,0.03607,2026-07-31 02:53:29.538362,+187,+187
Rocket Classic,3_balls,fanduel,"Malnati, Peter","Smotherman, Austin / Walker, Danny","3_balls fanduel 14926 22985,25003",2.8,0.3695,0.0347,2026-07-31 02:53:29.538362,2.8,0.3695,2026-07-31 02:53:29.538362,TRUE,FALSE,0.5,FALSE,0,FALSE,0.0346,2026-07-31 02:53:29.538362,+180,+180
Rocket Classic,3_balls,fanduel,"Ghim, Doug","Whaley, Vince / Coody, Pierceson","3_balls fanduel 24550 25908,28309",2.35,0.4396,0.0331,2026-07-31 02:53:29.538362,2.35,0.4396,2026-07-31 02:53:29.538362,TRUE,FALSE,-1,FALSE,0,FALSE,0.0330600000000001,2026-07-31 02:53:29.538362,+135,+135
Rocket Classic,3_balls,betmgm,"Kim, Si Woo","Bhatia, Akshay / Potgieter, Aldrich","3_balls betmgm 14609 26096,27900",2.25,0.4582,0.031,2026-07-31 02:53:29.538362,2.25,0.4582,2026-07-31 02:53:29.538362,TRUE,FALSE,0,FALSE,0,FALSE,0.03095,2026-07-31 02:53:29.538362,+125,+125
Rocket Classic,3_balls,betmgm,"Spaun, J.J.","Griffin, Ben / Young, Cameron","3_balls betmgm 17536 24968,26651",3.25,0.317,0.0302,2026-07-31 02:53:29.538362,3.25,0.317,2026-07-31 02:53:29.538362,TRUE,FALSE,0.5,FALSE,0,FALSE,0.0302500000000001,2026-07-31 02:53:29.538362,+225,+225
Rocket Classic,3_balls,draftkings,"Stevens, Sam","Svensson, Adam / Hughes, Mackenzie","3_balls draftkings 25569 13997,15556",2.44,0.4221,0.0299,2026-07-31 02:53:29.538362,2.44,0.4221,2026-07-31 02:53:29.538362,TRUE,FALSE,0,FALSE,0,FALSE,0.0299239999999998,2026-07-31 02:53:29.538362,+144,+144
Rocket Classic,3_balls,fanduel,"Dahmen, Joel","McGreevy, Max / Dunlap, Nick","3_balls fanduel 14509 23505,28270",3,0.3432,0.0297,2026-07-31 02:53:29.538362,3,0.3432,2026-07-31 02:53:29.538362,TRUE,FALSE,0,FALSE,0,FALSE,0.0296000000000001,2026-07-31 02:53:29.538362,+200,+200
Rocket Classic,3_balls,draftkings,"Matsuyama, Hideki","Henley, Russell / Silverman, Ben","3_balls draftkings 13562 14578,17381",2.42,0.4244,0.0271,2026-07-31 02:53:29.538362,2.42,0.4244,2026-07-31 02:53:29.538362,TRUE,FALSE,0,FALSE,0,FALSE,0.027048,2026-07-31 02:53:29.538362,+142,+142
Rocket Classic,3_balls,betmgm,"Novak, Andrew","Glover, Lucas / Riley, Davis","3_balls betmgm 23475 19872,7399",2.5,0.4103,0.0257,2026-07-31 02:53:29.538362,2.5,0.4103,2026-07-31 02:53:29.538362,TRUE,FALSE,0,FALSE,0,FALSE,0.0257499999999999,2026-07-31 02:53:29.538362,+150,+150
Rocket Classic,3_balls,bet365,"Meissner, Mac","Lebioda, Hank / Eckroat, Austin","3_balls bet365 28159 21943,26653",2.25,0.4553,0.0244,2026-07-31 02:53:29.538362,2.25,0.4553,2026-07-31 02:53:29.538362,TRUE,FALSE,0,FALSE,0,FALSE,0.0244249999999999,2026-07-31 02:53:29.538362,+125,+125
Rocket Classic,3_balls,betmgm,"Meissner, Mac","Lebioda, Hank / Eckroat, Austin","3_balls betmgm 28159 21943,26653",2.25,0.4553,0.0244,2026-07-31 02:53:29.538362,2.25,0.4553,2026-07-31 02:53:29.538362,TRUE,FALSE,0,FALSE,0,FALSE,0.0244249999999999,2026-07-31 02:53:29.538362,+125,+125
Rocket Classic,round_matchups,bet365,"Spaun, J.J.","English, Harris",round_matchups bet365 17536 14577,1.83,0.5593,0.0235,2026-07-31 02:53:29.538362,1.83,0.5593,2026-07-31 02:53:29.538362,TRUE,FALSE,0,FALSE,0,FALSE,0.0235190000000001,2026-07-31 02:53:29.538362,-120,-120
Rocket Classic,3_balls,bet365,"Garnett, Brice","Pavon, Matthieu / Hoey, Rico","3_balls bet365 11451 19960,23504",3.75,0.2724,0.0216,2026-07-31 02:53:29.538362,3.75,0.2724,2026-07-31 02:53:29.538362,TRUE,FALSE,0.5,FALSE,0,FALSE,0.0214999999999999,2026-07-31 02:53:29.538362,+275,+275
Rocket Classic,round_matchups,betmgm,"Lebioda, Hank","Kohles, Ben",round_matchups betmgm 21943 16395,2.4,0.4577,0.0984,2026-08-01 01:13:50.692012,2.4,0.4577,2026-08-01 01:13:50.692012,TRUE,FALSE,1,TRUE,0,FALSE,0.0984799999999999,2026-08-01 01:13:50.692012,+140,+140
Rocket Classic,round_matchups,fanduel,"Ventura, Kristoffer","Saddier, Adrien",round_matchups fanduel 15651 14792,1.83,0.5856,0.0735,2026-08-01 01:13:50.692012,1.83,0.5856,2026-08-01 01:13:50.692012,TRUE,FALSE,2,TRUE,0,FALSE,0.0716480000000002,2026-08-01 01:13:50.692012,-120,-120
Rocket Classic,round_matchups,bet365,"Lebioda, Hank","Kohles, Ben",round_matchups bet365 21943 16395,2.6,0.406,0.0557,2026-08-01 01:13:50.692012,2.6,0.406,2026-08-01 01:13:50.692012,TRUE,FALSE,1,TRUE,0,FALSE,0.0556000000000001,2026-08-01 01:13:50.692012,+160,+160
Rocket Classic,round_matchups,draftkings,"Lebioda, Hank","Kohles, Ben",round_matchups draftkings 21943 16395,2.3,0.4577,0.0527,2026-08-01 01:13:50.692012,2.3,0.4577,2026-08-01 01:13:50.692012,TRUE,FALSE,1,TRUE,0,FALSE,0.0527099999999998,2026-08-01 01:13:50.692012,+130,+130
Rocket Classic,round_matchups,fanduel,"Eckroat, Austin","Hojgaard, Nicolai",round_matchups fanduel 26653 23602,2.62,0.3927,0.0309,2026-08-01 01:13:50.692012,2.62,0.3927,2026-08-01 01:13:50.692012,TRUE,FALSE,1,TRUE,0,FALSE,0.0288740000000001,2026-08-01 01:13:50.692012,+162,+162
Rocket Classic,round_matchups,fanduel,"Lebioda, Hank","Kohles, Ben",round_matchups fanduel 21943 16395,2.25,0.4577,0.0298,2026-08-01 01:13:50.692012,2.25,0.4577,2026-08-01 01:13:50.692012,TRUE,FALSE,1,TRUE,0,FALSE,0.029825,2026-08-01 01:13:50.692012,+125,+125
Rocket Classic,round_matchups,fanduel,"Svensson, Adam","Mouw, William",round_matchups fanduel 13997 29770,2.5,0.4118,0.0294,2026-08-01 01:13:50.692012,2.5,0.4118,2026-08-01 01:13:50.692012,TRUE,FALSE,1,TRUE,0,FALSE,0.0295000000000001,2026-08-01 01:13:50.692012,+150,+150
Rocket Classic,round_matchups,fanduel,"Vilips, Karl","Sargent, Gordon",round_matchups fanduel 24304 30814,2,0.5617,0.1234,2026-08-01 01:13:50.692012,2,0.5617,2026-08-01 01:13:50.692012,TRUE,FALSE,-1,FALSE,0,FALSE,0.1234,2026-08-01 01:13:50.692012,+100,+100
Rocket Classic,round_matchups,draftkings,"Kirk, Chris","Schauffele, Xander",round_matchups draftkings 12423 19895,2.66,0.4046,0.0763,2026-08-01 01:13:50.692012,2.66,0.4046,2026-08-01 01:13:50.692012,TRUE,FALSE,-1,FALSE,0,FALSE,0.0762360000000002,2026-08-01 01:13:50.692012,+166,+166
Rocket Classic,round_matchups,fanduel,"Kirk, Chris","Schauffele, Xander",round_matchups fanduel 12423 19895,2.62,0.4046,0.0621,2026-08-01 01:13:50.692012,2.62,0.4046,2026-08-01 01:13:50.692012,TRUE,FALSE,-1,FALSE,0,FALSE,0.060052,2026-08-01 01:13:50.692012,+162,+162
Rocket Classic,round_matchups,draftkings,"Thorbjornsen, Michael","Brennan, Michael",round_matchups draftkings 26649 29197,1.81,0.586,0.0586,2026-08-01 01:13:50.692012,1.81,0.586,2026-08-01 01:13:50.692012,TRUE,FALSE,-1,FALSE,0,FALSE,0.0606599999999999,2026-08-01 01:13:50.692012,-123,-123
Rocket Classic,round_matchups,bet365,"Ghim, Doug","Lower, Justin",round_matchups bet365 24550 17723,1.71,0.6147,0.0511,2026-08-01 01:13:50.692012,1.71,0.6147,2026-08-01 01:13:50.692012,TRUE,FALSE,-1,FALSE,0,FALSE,0.051137,2026-08-01 01:13:50.692012,-141,-141
Rocket Classic,round_matchups,draftkings,"Matsuyama, Hideki","Hojgaard, Nicolai",round_matchups draftkings 13562 23602,1.82,0.568,0.0336,2026-08-01 01:13:50.692012,1.82,0.568,2026-08-01 01:13:50.692012,TRUE,FALSE,0,FALSE,0,FALSE,0.03376,2026-08-01 01:13:50.692012,-122,-122
Rocket Classic,round_matchups,draftkings,"Fowler, Rickie","Brennan, Michael",round_matchups draftkings 12965 29197,1.83,0.5633,0.0327,2026-08-01 01:13:50.692012,1.83,0.5633,2026-08-01 01:13:50.692012,TRUE,FALSE,-1,FALSE,0,FALSE,0.0308390000000001,2026-08-01 01:13:50.692012,-120,-120
Rocket Classic,round_matchups,bet365,"Suber, Jackson","Blanchet, Chandler",round_matchups bet365 29279 24956,1.86,0.5546,0.0315,2026-08-01 01:13:50.692012,1.86,0.5546,2026-08-01 01:13:50.692012,TRUE,FALSE,0,FALSE,0,FALSE,0.0315559999999999,2026-08-01 01:13:50.692012,-116,-116
Rocket Classic,round_matchups,fanduel,"Bradley, Keegan","Jaeger, Stephan",round_matchups fanduel 13872 16394,1.73,0.5922,0.0228,2026-08-01 01:13:50.692012,1.73,0.5922,2026-08-01 01:13:50.692012,TRUE,FALSE,-1,FALSE,0,FALSE,0.0245059999999999,2026-08-01 01:13:50.692012,-137,-137
Rocket Classic,round_matchups,bet365,"Kim, Si Woo","Schenk, Adam",round_matchups bet365 14609 19477,1.52,0.6715,0.0207,2026-08-01 01:13:50.692012,1.52,0.6715,2026-08-01 01:13:50.692012,TRUE,FALSE,0,FALSE,0,FALSE,0.02068,2026-08-01 01:13:50.692012,-192,-192
Rocket Classic,round_matchups,bet365,"Conners, Corey","Grillo, Emiliano",round_matchups bet365 17576 12808,1.86,0.5724,0.0646,2026-08-01 04:38:53.130096,1.86,0.5724,2026-08-01 04:38:53.130096,TRUE,FALSE,2,TRUE,0,FALSE,0.0646640000000001,2026-08-01 04:38:53.130096,-116,-116
Rocket Classic,round_matchups,bet365,"Kim, Michael","Fishburn, Patrick",round_matchups bet365 17543 25094,1.8,0.5711,0.0279,2026-08-01 04:38:53.130096,1.8,0.5711,2026-08-01 04:38:53.130096,TRUE,FALSE,1,TRUE,0,FALSE,0.0279800000000001,2026-08-01 04:38:53.130096,-125,-125
Rocket Classic,round_matchups,bet365,"Fowler, Rickie","Brennan, Michael",round_matchups bet365 12965 29197,1.95,0.5633,0.0984,2026-08-01 04:38:53.130096,1.95,0.5633,2026-08-01 04:38:53.130096,TRUE,FALSE,-1,FALSE,0,FALSE,0.0984350000000001,2026-08-01 04:38:53.130096,-105,-105
Rocket Classic,round_matchups,bet365,"Spaun, J.J.","Gerard, Ryan",round_matchups bet365 17536 29767,1.86,0.5584,0.0386,2026-08-01 04:38:53.130096,1.86,0.5584,2026-08-01 04:38:53.130096,TRUE,FALSE,0,FALSE,0,FALSE,0.038624,2026-08-01 04:38:53.130096,-116,-116
Rocket Classic,round_matchups,bet365,"Finau, Tony","Olesen, Thorbjorn",round_matchups bet365 11676 13412,1.83,0.5666,0.0369,2026-08-01 04:38:53.130096,1.83,0.5666,2026-08-01 04:38:53.130096,TRUE,FALSE,0,FALSE,0,FALSE,0.036878,2026-08-01 04:38:53.130096,-120,-120
Rocket Classic,round_matchups,betmgm,"Ghim, Doug","Lower, Justin",round_matchups betmgm 24550 17723,1.52,0.6812,0.0355,2026-08-01 04:38:53.130096,1.52,0.6812,2026-08-01 04:38:53.130096,TRUE,FALSE,-1,FALSE,0,FALSE,0.0354240000000001,2026-08-01 04:38:53.130096,-192,-192
Rocket Classic,round_matchups,bet365,"Fowler, Rickie","Brennan, Michael",round_matchups bet365 12965 29197,2.05,0.5035,0.0321,2026-08-01 04:38:53.130096,2.05,0.5035,2026-08-01 04:38:53.130096,TRUE,FALSE,-1,FALSE,0,FALSE,0.0321749999999998,2026-08-01 04:38:53.130096,+105,+105
Rocket Classic,round_matchups,betmgm,"Suber, Jackson","Blanchet, Chandler",round_matchups betmgm 29279 24956,1.7,0.619,0.0523,2026-08-01 07:12:51.819355,1.7,0.619,2026-08-01 07:12:51.819355,TRUE,FALSE,0,FALSE,0,FALSE,0.0523,2026-08-01 07:12:51.819355,-143,-143
Rocket Classic,round_matchups,betmgm,"Bezuidenhout, Christiaan","Rozo, Marcelo",round_matchups betmgm 18103 16591,1.5,0.6952,0.0428,2026-08-01 07:12:51.819355,1.5,0.6952,2026-08-01 07:12:51.819355,TRUE,FALSE,0,FALSE,0,FALSE,0.0428000000000002,2026-08-01 07:12:51.819355,-200,-200
Rocket Classic,round_matchups,betmgm,"English, Harris","Greyserman, Max",round_matchups betmgm 14577 23465,1.9,0.5449,0.0353,2026-08-01 07:12:51.819355,1.9,0.5449,2026-08-01 07:12:51.819355,TRUE,FALSE,-1,FALSE,0,FALSE,0.03531,2026-08-01 07:12:51.819355,-111,-111
Rocket Classic,round_matchups,betmgm,"Kim, Si Woo","Schenk, Adam",round_matchups betmgm 14609 19477,1.4,0.739,0.0346,2026-08-01 07:12:51.819355,1.4,0.739,2026-08-01 07:12:51.819355,TRUE,FALSE,0,FALSE,0,FALSE,0.0346,2026-08-01 07:12:51.819355,-250,-250
Rocket Classic,round_matchups,betmgm,"Matsuyama, Hideki","Highsmith, Joe",round_matchups betmgm 13562 28469,1.46,0.6996,0.0214,2026-08-01 07:12:51.819355,1.46,0.6996,2026-08-01 07:12:51.819355,TRUE,FALSE,-1,FALSE,0,FALSE,0.0214159999999999,2026-08-01 07:12:51.819355,-217,-217
Rocket Classic,round_matchups,betmgm,"Malnati, Peter","Kim, Michael",round_matchups betmgm 14926 17543,2.8,0.3792,0.0619,2026-08-01 13:58:38.226211,2.8,0.3792,2026-08-01 13:58:38.226211,TRUE,FALSE,-1,FALSE,0,FALSE,0.0617599999999998,2026-08-01 13:58:38.226211,+180,+180
Rocket Classic,round_matchups,betmgm,"Kirk, Chris","Schauffele, Xander",round_matchups betmgm 12423 19895,2.6,0.4046,0.052,2026-08-01 13:58:38.226211,2.6,0.4046,2026-08-01 13:58:38.226211,TRUE,FALSE,-1,FALSE,0,FALSE,0.05196,2026-08-01 13:58:38.226211,+160,+160
Rocket Classic,3_balls,draftkings,"Campbell, Brian","Kuchar, Matt / Hossler, Beau","3_balls draftkings 18628 15470,6169",3.9,0.269,0.0493,2026-08-01 23:34:41.990496,3.9,0.269,2026-08-01 23:34:41.990496,TRUE,FALSE,1,TRUE,0,FALSE,0.0491000000000001,2026-08-01 23:34:41.990496,+290,+290
Rocket Classic,3_balls,draftkings,"Meissner, Mac","Smith, Jordan / Gerard, Ryan","3_balls draftkings 28159 18586,29767",2.98,0.3468,0.0333,2026-08-01 23:34:41.990496,2.98,0.3468,2026-08-01 23:34:41.990496,TRUE,FALSE,1,TRUE,0,FALSE,0.0334639999999999,2026-08-01 23:34:41.990496,+198,+198
Rocket Classic,3_balls,fanduel,"Lipsky, David","Henley, Russell / Saddier, Adrien","3_balls fanduel 15980 14578,14792",3.9,0.2626,0.0243,2026-08-01 23:34:41.990496,3.9,0.2626,2026-08-01 23:34:41.990496,TRUE,FALSE,1,TRUE,0,FALSE,0.0241400000000001,2026-08-01 23:34:41.990496,+290,+290
Rocket Classic,3_balls,bet365,"Ghim, Doug","Grillo, Emiliano / Jaeger, Stephan","3_balls bet365 24550 12808,16394",2.7,0.4047,0.0928,2026-08-01 23:34:41.990496,2.7,0.4047,2026-08-01 23:34:41.990496,TRUE,FALSE,0,FALSE,0,FALSE,0.0926900000000002,2026-08-01 23:34:41.990496,+170,+170
Rocket Classic,3_balls,bet365,"Malnati, Peter","Taylor, Nick / Hubbard, Mark","3_balls bet365 14926 13126,16333",4,0.2661,0.0642,2026-08-01 23:34:41.990496,4,0.2661,2026-08-01 23:34:41.990496,TRUE,FALSE,0.5,FALSE,0,FALSE,0.0644,2026-08-01 23:34:41.990496,+300,+300
Rocket Classic,3_balls,fanduel,"Lebioda, Hank","Hojgaard, Nicolai / Suber, Jackson","3_balls fanduel 21943 23602,29279",4.6,0.229,0.0536,2026-08-01 23:34:41.990496,4.6,0.229,2026-08-01 23:34:41.990496,TRUE,FALSE,0.5,FALSE,0,FALSE,0.0533999999999999,2026-08-01 23:34:41.990496,+360,+360
Rocket Classic,3_balls,draftkings,"Kirk, Chris","Fowler, Rickie / Young, Cameron","3_balls draftkings 12423 12965,26651",4.1,0.2568,0.0528,2026-08-01 23:34:41.990496,4.1,0.2568,2026-08-01 23:34:41.990496,TRUE,FALSE,-0.5,FALSE,0,FALSE,0.0528799999999998,2026-08-01 23:34:41.990496,+310,+310
Rocket Classic,3_balls,draftkings,"Malnati, Peter","Taylor, Nick / Hubbard, Mark","3_balls draftkings 14926 13126,16333",3.95,0.2661,0.0509,2026-08-01 23:34:41.990496,3.95,0.2661,2026-08-01 23:34:41.990496,TRUE,FALSE,0.5,FALSE,0,FALSE,0.0510950000000001,2026-08-01 23:34:41.990496,+295,+295
Rocket Classic,3_balls,fanduel,"Castillo, Ricky","Bradley, Keegan / Penge, Marco","3_balls fanduel 27819 13872,22465",3.4,0.3055,0.0387,2026-08-01 23:34:41.990496,3.4,0.3055,2026-08-01 23:34:41.990496,TRUE,FALSE,-0.5,FALSE,0,FALSE,0.0387,2026-08-01 23:34:41.990496,+240,+240
Rocket Classic,3_balls,fanduel,"Malnati, Peter","Taylor, Nick / Hubbard, Mark","3_balls fanduel 14926 13126,16333",3.9,0.2661,0.0376,2026-08-01 23:34:41.990496,3.9,0.2661,2026-08-01 23:34:41.990496,TRUE,FALSE,0.5,FALSE,0,FALSE,0.03779,2026-08-01 23:34:41.990496,+290,+290
Rocket Classic,3_balls,bet365,"Spaun, J.J.","Spieth, Jordan / Fishburn, Patrick","3_balls bet365 17536 14636,25094",2.25,0.4611,0.0374,2026-08-01 23:34:41.990496,2.25,0.4611,2026-08-01 23:34:41.990496,TRUE,FALSE,-0.5,FALSE,0,FALSE,0.0374749999999999,2026-08-01 23:34:41.990496,+125,+125
Rocket Classic,3_balls,draftkings,"Spaun, J.J.","Spieth, Jordan / Fishburn, Patrick","3_balls draftkings 17536 14636,25094",2.24,0.4611,0.0328,2026-08-01 23:34:41.990496,2.24,0.4611,2026-08-01 23:34:41.990496,TRUE,FALSE,-0.5,FALSE,0,FALSE,0.0328640000000002,2026-08-01 23:34:41.990496,+124,+124
Rocket Classic,3_balls,fanduel,"James, Ben","Kim, Si Woo / Kim, Michael","3_balls fanduel 29827 14609,17543",3.4,0.3021,0.027,2026-08-01 23:34:41.990496,3.4,0.3021,2026-08-01 23:34:41.990496,TRUE,FALSE,0,FALSE,0,FALSE,0.0271399999999999,2026-08-01 23:34:41.990496,+240,+240
Rocket Classic,3_balls,bet365,"Matsuyama, Hideki","Kohles, Ben / Koivun, Jackson","3_balls bet365 13562 16395,32319",2.75,0.3714,0.0214,2026-08-01 23:34:41.990496,2.75,0.3714,2026-08-01 23:34:41.990496,TRUE,FALSE,0,FALSE,0,FALSE,0.02135,2026-08-01 23:34:41.990496,+175,+175
Rocket Classic,round_matchups,bet365,"Meissner, Mac","Gerard, Ryan",round_matchups bet365 28159 29767,2.05,0.5079,0.0412,2026-08-02 01:11:20.448447,2.05,0.5079,2026-08-02 01:11:20.448447,TRUE,FALSE,1,TRUE,0,FALSE,0.0411949999999999,2026-08-02 01:11:20.448447,+105,+105
Rocket Classic,3_balls,betmgm,"Meissner, Mac","Smith, Jordan / Gerard, Ryan","3_balls betmgm 28159 18586,29767",3,0.3468,0.0403,2026-08-02 01:11:20.448447,3,0.3468,2026-08-02 01:11:20.448447,TRUE,FALSE,1,TRUE,0,FALSE,0.0404,2026-08-02 01:11:20.448447,+200,+200
Rocket Classic,3_balls,betmgm,"Campbell, Brian","Kuchar, Matt / Hossler, Beau","3_balls betmgm 18628 15470,6169",3.8,0.269,0.0224,2026-08-02 01:11:20.448447,3.8,0.269,2026-08-02 01:11:20.448447,TRUE,FALSE,1,TRUE,0,FALSE,0.0222,2026-08-02 01:11:20.448447,+280,+280
Rocket Classic,3_balls,betmgm,"Hubbard, Mark","Taylor, Nick / Malnati, Peter","3_balls betmgm 16333 13126,14926",3.8,0.3211,0.2201,2026-08-02 01:11:20.448447,3.8,0.3211,2026-08-02 01:11:20.448447,TRUE,FALSE,0.5,FALSE,0,FALSE,0.22018,2026-08-02 01:11:20.448447,+280,+280
Rocket Classic,3_balls,betmgm,"Spaun, J.J.","Spieth, Jordan / Fishburn, Patrick","3_balls betmgm 17536 14636,25094",2.25,0.4611,0.0374,2026-08-02 01:11:20.448447,2.25,0.4611,2026-08-02 01:11:20.448447,TRUE,FALSE,-0.5,FALSE,0,FALSE,0.0374749999999999,2026-08-02 01:11:20.448447,+125,+125
Rocket Classic,round_matchups,bet365,"Kirk, Chris","Hojgaard, Rasmus",round_matchups bet365 12423 23838,1.86,0.5534,0.0293,2026-08-02 01:11:20.448447,1.86,0.5534,2026-08-02 01:11:20.448447,TRUE,FALSE,-1,FALSE,0,FALSE,0.0293240000000001,2026-08-02 01:11:20.448447,-116,-116
Rocket Classic,3_balls,betmgm,"Kirk, Chris","Fowler, Rickie / Young, Cameron","3_balls betmgm 12423 12965,26651",4,0.2568,0.0271,2026-08-02 01:11:20.448447,4,0.2568,2026-08-02 01:11:20.448447,TRUE,FALSE,-0.5,FALSE,0,FALSE,0.0271999999999999,2026-08-02 01:11:20.448447,+300,+300
Rocket Classic,3_balls,betmgm,"Riley, Davis","Hojgaard, Rasmus / Brennan, Michael","3_balls betmgm 19872 23838,29197",4.2,0.2432,0.0214,2026-08-02 01:11:20.448447,4.2,0.2432,2026-08-02 01:11:20.448447,TRUE,FALSE,0.5,FALSE,0,FALSE,0.0214400000000001,2026-08-02 01:11:20.448447,+320,+320
Rocket Classic,3_balls,betmgm,"Malnati, Peter","Taylor, Nick / Hubbard, Mark","3_balls betmgm 14926 13126,16333",4,0.2661,0.0642,2026-08-02 04:41:55.604505,4,0.2661,2026-08-02 04:41:55.604505,TRUE,FALSE,0.5,FALSE,0,FALSE,0.0644,2026-08-02 04:41:55.604505,+300,+300
Wyndham Championship,tournament_matchups,fanduel,"Gerard, Ryan","Koivun, Jackson",tournament_matchups fanduel 29767 32319,2.25,0.4923,0.1077,2026-08-04 03:41:50.478234,2,0.4922,2026-08-06 11:51:22.841926,TRUE,FALSE,-1,FALSE,0.125,TRUE,0.10745,2026-08-06 11:51:22.841926,+125,+100
Wyndham Championship,tournament_matchups,fanduel,"Griffin, Ben","Matsuyama, Hideki",tournament_matchups fanduel 24968 13562,2.1,0.4875,0.0238,2026-08-04 13:58:07.43063,2.1,0.4863,2026-08-06 11:51:22.841926,TRUE,FALSE,0,FALSE,0,FALSE,0.0212300000000001,2026-08-06 11:51:22.841926,+110,+110
Wyndham Championship,tournament_matchups,draftkings,"Ghim, Doug","Brown, Blades",tournament_matchups draftkings 24550 32152,1.72,0.608,0.0486,2026-08-04 21:16:59.270639,1.75,0.6019,2026-08-06 11:51:22.841926,TRUE,FALSE,2,TRUE,-0.0171428571428571,FALSE,0.0352680000000001,2026-08-06 11:51:22.841926,-139,-133
Wyndham Championship,3_balls,fanduel,"Im, Sungjae","Simpson, Webb / Thompson, Davis","3_balls fanduel 17488 11049,27364",2.55,0.4067,0.037,2026-08-04 21:16:59.270639,2.45,0.4076,2026-08-06 11:51:22.841926,TRUE,FALSE,2,TRUE,0.0408163265306121,TRUE,0.03938,2026-08-06 11:51:22.841926,+155,+145
Wyndham Championship,3_balls,fanduel,"Bradley, Keegan","Cauley, Bud / Koepka, Brooks","3_balls fanduel 13872 14502,16243",2.8,0.3667,0.0267,2026-08-04 21:16:59.270639,2.75,0.3674,2026-08-06 11:51:22.841926,TRUE,FALSE,1,TRUE,0.0181818181818181,TRUE,0.0287199999999999,2026-08-06 11:51:22.841926,+180,+175
Wyndham Championship,tournament_matchups,caesars,"Hisatsune, Ryo","Thompson, Davis",tournament_matchups caesars 22760 27364,2.2,0.4821,0.0607,2026-08-04 21:16:59.270639,1.91,0.4843,2026-08-06 11:51:22.841926,TRUE,FALSE,-1,FALSE,0.151832460732984,TRUE,0.0654600000000001,2026-08-06 11:51:22.841926,+120,-110
Wyndham Championship,3_balls,fanduel,"Harman, Brian","Riley, Davis / Mouw, William","3_balls fanduel 8825 19872,29770",2.35,0.4485,0.054,2026-08-04 21:16:59.270639,2.1,0.447,2026-08-06 11:51:22.841926,TRUE,FALSE,-1.5,FALSE,0.119047619047619,TRUE,0.0504500000000001,2026-08-06 11:51:22.841926,+135,+110
Wyndham Championship,3_balls,bet365,"Mouw, William","Harman, Brian / Riley, Davis","3_balls bet365 29770 19872,8825",3.1,0.3388,0.0503,2026-08-04 21:16:59.270639,3.1,0.3412,2026-08-06 11:51:22.841926,TRUE,FALSE,0,FALSE,0,FALSE,0.05772,2026-08-06 11:51:22.841926,+210,+210
Wyndham Championship,3_balls,fanduel,"Pavon, Matthieu","Campos, Rafael / Ramey, Chad","3_balls fanduel 19960 12909,19840",2.55,0.4108,0.0476,2026-08-04 21:16:59.270639,2.35,0.4109,2026-08-06 11:51:22.841926,TRUE,FALSE,-1,FALSE,0.0851063829787233,TRUE,0.0477949999999998,2026-08-06 11:51:22.841926,+155,+135
Wyndham Championship,3_balls,fanduel,"Parry, John","Ventura, Kristoffer / Springer, Hayden","3_balls fanduel 13764 15651,21995",2.65,0.395,0.0468,2026-08-04 21:16:59.270639,2.65,0.3928,2026-08-06 11:51:22.841926,TRUE,FALSE,-1,FALSE,0,FALSE,0.0409199999999998,2026-08-06 11:51:22.841926,+165,+165
Wyndham Championship,3_balls,fanduel,"Suber, Jackson","Sargent, Gordon / Clanton, Luke","3_balls fanduel 29279 30814,32330",2.35,0.4445,0.0445,2026-08-04 21:16:59.270639,2.35,0.4435,2026-08-06 11:51:22.841926,TRUE,FALSE,-1,FALSE,0,FALSE,0.042225,2026-08-06 11:51:22.841926,+135,+135
Wyndham Championship,3_balls,fanduel,"McCarty, Matt","Horschel, Billy / Wise, Aaron","3_balls fanduel 28635 11276,22051",2.6,0.4017,0.0445,2026-08-04 21:16:59.270639,2.6,0.3978,2026-08-06 11:51:22.841926,TRUE,FALSE,-1.5,FALSE,0,FALSE,0.0342800000000001,2026-08-06 11:51:22.841926,+160,+160
Wyndham Championship,3_balls,fanduel,"Moore, Taylor","Walker, Danny / Whaley, Vince","3_balls fanduel 21944 25003,25908",2.35,0.4435,0.0421,2026-08-04 21:16:59.270639,2.35,0.4417,2026-08-05 20:46:07.221437,TRUE,FALSE,-2,FALSE,0,FALSE,0.037995,2026-08-06 11:51:22.841926,+135,+135
Wyndham Championship,3_balls,fanduel,"Lebioda, Hank","Van Rooyen, Erik / Coody, Pierceson","3_balls fanduel 21943 17550,28309",3.3,0.3156,0.0416,2026-08-04 21:16:59.270639,3.3,0.3145,2026-08-06 11:51:22.841926,TRUE,FALSE,0.5,FALSE,0,FALSE,0.0378499999999999,2026-08-06 11:51:22.841926,+230,+230
Wyndham Championship,3_balls,fanduel,"Blanchet, Chandler","Li, Haotong / Shipley, Neal","3_balls fanduel 24956 15310,32055",2.9,0.3577,0.0372,2026-08-04 21:16:59.270639,2.8,0.3555,2026-08-06 11:51:22.841926,TRUE,FALSE,0.5,FALSE,0.0357142857142858,TRUE,0.0309499999999998,2026-08-06 11:51:22.841926,+190,+180
Wyndham Championship,3_balls,fanduel,"McNealy, Maverick","Potgieter, Aldrich / Highsmith, Joe","3_balls fanduel 18634 27900,28469",2.1,0.4924,0.034,2026-08-04 21:16:59.270639,2,0.4932,2026-08-06 11:51:22.841926,TRUE,FALSE,-3,FALSE,0.05,TRUE,0.0357200000000002,2026-08-06 11:51:22.841926,+110,+100
Wyndham Championship,3_balls,caesars,"Harman, Brian","Riley, Davis / Mouw, William","3_balls caesars 8825 19872,29770",2.3,0.4485,0.0316,2026-08-04 21:16:59.270639,2.05,0.447,2026-08-06 11:51:22.841926,TRUE,FALSE,-1.5,FALSE,0.121951219512195,TRUE,0.0281,2026-08-06 11:51:22.841926,+130,+105
Wyndham Championship,3_balls,fanduel,"Kohles, Ben","Garnett, Brice / Lipsky, David","3_balls fanduel 16395 11451,15980",2.25,0.4572,0.0287,2026-08-04 21:16:59.270639,2.1,0.4506,2026-08-06 11:51:22.841926,TRUE,FALSE,-0.5,FALSE,0.0714285714285714,TRUE,0.0138499999999999,2026-08-06 11:51:22.841926,+125,+110
Wyndham Championship,3_balls,fanduel,"Dahmen, Joel","Power, Seamus / Malnati, Peter","3_balls fanduel 14509 10104,14926",2.55,0.4029,0.0274,2026-08-04 21:16:59.270639,2.55,0.4009,2026-08-06 11:51:22.841926,TRUE,FALSE,0.5,FALSE,0,FALSE,0.022295,2026-08-06 11:51:22.841926,+155,+155
Wyndham Championship,3_balls,caesars,"Parry, John","Ventura, Kristoffer / Springer, Hayden","3_balls caesars 13764 15651,21995",2.6,0.395,0.0271,2026-08-04 21:16:59.270639,2.6,0.3928,2026-08-06 11:51:22.841926,TRUE,FALSE,-1,FALSE,0,FALSE,0.02128,2026-08-06 11:51:22.841926,+160,+160
Wyndham Championship,round_matchups,draftkings,"Grillo, Emiliano","Hojgaard, Rasmus",round_matchups draftkings 12808 23838,1.78,0.5757,0.0254,2026-08-04 21:16:59.270639,1.78,0.5762,2026-08-06 11:51:22.841926,TRUE,FALSE,-1,FALSE,0,FALSE,0.025636,2026-08-06 11:51:22.841926,-128,-128
Wyndham Championship,3_balls,fanduel,"Castillo, Ricky","Davis, Cam / Mazzoli, Stefano","3_balls fanduel 27819 17786,20844",2.05,0.4989,0.0228,2026-08-04 21:16:59.270639,2.05,0.4977,2026-08-06 11:51:22.841926,TRUE,FALSE,-0.5,FALSE,0,FALSE,0.0202849999999999,2026-08-06 11:51:22.841926,+105,+105
Wyndham Championship,3_balls,caesars,"Suber, Jackson","Sargent, Gordon / Clanton, Luke","3_balls caesars 29279 30814,32330",2.3,0.4445,0.0223,2026-08-04 21:16:59.270639,2.25,0.4435,2026-08-06 11:51:22.841926,TRUE,FALSE,-1,FALSE,0.0222222222222221,TRUE,0.0200499999999999,2026-08-06 11:51:22.841926,+130,+125
Wyndham Championship,3_balls,fanduel,"McCarthy, Denny","Hoey, Rico / Stevens, Sam","3_balls fanduel 19870 23504,25569",2.8,0.3643,0.0201,2026-08-04 21:16:59.270639,2.65,0.3685,2026-08-06 11:51:22.841926,TRUE,FALSE,-0.5,FALSE,0.0566037735849057,TRUE,0.0317999999999998,2026-08-06 11:51:22.841926,+180,+165
Wyndham Championship,3_balls,fanduel,"Kuchar, Matt","Skinns, David / Vilips, Karl","3_balls fanduel 6169 10873,24304",2.7,0.4013,0.0836,2026-08-05 04:31:42.026381,2.45,0.4047,2026-08-06 11:51:22.841926,TRUE,FALSE,-1,FALSE,0.102040816326531,TRUE,0.0926900000000002,2026-08-06 11:51:22.841926,+170,+145
Wyndham Championship,3_balls,betmgm,"Mouw, William","Harman, Brian / Riley, Davis","3_balls betmgm 29770 19872,8825",3.1,0.339,0.0509,2026-08-05 10:14:26.291373,3.1,0.3412,2026-08-06 11:51:22.841926,TRUE,FALSE,0,FALSE,0,FALSE,0.05772,2026-08-06 11:51:22.841926,+210,+210
Wyndham Championship,tournament_matchups,caesars,"Rai, Aaron","Thomas, Justin",tournament_matchups caesars 18554 14139,1.95,0.5241,0.0232,2026-08-05 19:35:46.717149,1.87,0.526,2026-08-06 11:51:22.841926,TRUE,FALSE,0,FALSE,0.0427807486631016,TRUE,0.0257000000000001,2026-08-06 11:51:22.841926,-105,-115
Wyndham Championship,tournament_matchups,caesars,"Spieth, Jordan","Brown, Blades",tournament_matchups caesars 14636 32152,2.1,0.5079,0.0665,2026-08-05 22:08:41.6527,1.9,0.5079,2026-08-06 11:51:22.841926,TRUE,FALSE,1,TRUE,0.105263157894737,TRUE,0.0665900000000002,2026-08-06 11:51:22.841926,+110,-111
Wyndham Championship,tournament_matchups,bet365,"Mitchell, Keith","Brown, Blades",tournament_matchups bet365 17365 32152,2.1,0.496,0.0417,2026-08-05 22:08:41.6527,2.1,0.496,2026-08-06 11:51:22.841926,TRUE,FALSE,1,TRUE,0,FALSE,0.0416000000000001,2026-08-06 11:51:22.841926,+110,+110
Wyndham Championship,tournament_matchups,fanduel,"Rai, Aaron","Thomas, Justin",tournament_matchups fanduel 18554 14139,2,0.526,0.052,2026-08-05 22:08:41.6527,1.9,0.526,2026-08-06 11:51:22.841926,TRUE,FALSE,0,FALSE,0.0526315789473684,TRUE,0.0520000000000001,2026-08-06 11:51:22.841926,+100,-111
Wyndham Championship,tournament_matchups,caesars,"Griffin, Ben","Matsuyama, Hideki",tournament_matchups caesars 24968 13562,2.1,0.4863,0.0212,2026-08-06 03:43:06.32192,2.1,0.4863,2026-08-06 11:51:22.841926,TRUE,FALSE,0,FALSE,0,FALSE,0.0212300000000001,2026-08-06 11:51:22.841926,+110,+110
Wyndham Championship,tournament_matchups,fanduel,"Spieth, Jordan","Brown, Blades",tournament_matchups fanduel 14636 32152,2.1,0.5079,0.0665,2026-08-06 06:25:11.590204,2,0.5079,2026-08-06 11:51:22.841926,TRUE,FALSE,1,TRUE,0.05,TRUE,0.0665900000000002,2026-08-06 11:51:22.841926,+110,+100
Wyndham Championship,round_matchups,bet365,"Bradley, Keegan","Fitzpatrick, Alex",round_matchups bet365 13872 25362,2.15,0.4854,0.0435,2026-08-06 06:25:11.590204,2.15,0.4854,2026-08-06 11:51:22.841926,TRUE,FALSE,1,TRUE,0,FALSE,0.0436099999999999,2026-08-06 11:51:22.841926,+115,+115
Wyndham Championship,3_balls,fanduel,"Mouw, William","Harman, Brian / Riley, Davis","3_balls fanduel 29770 19872,8825",3,0.3412,0.0236,2026-08-06 06:25:11.590204,3,0.3412,2026-08-06 11:51:22.841926,TRUE,FALSE,0,FALSE,0,FALSE,0.0236000000000001,2026-08-06 11:51:22.841926,+200,+200
Wyndham Championship,3_balls,betmgm,"Greyserman, Max","Rodgers, Patrick / Kim, Michael","3_balls betmgm 23465 16283,17543",3.5,0.3528,0.2346,2026-08-07 00:17:24.468686,3.5,0.3528,2026-08-07 00:17:24.468686,TRUE,FALSE,1.5,TRUE,0,FALSE,0.2348,2026-08-07 00:17:24.468686,+250,+250
Wyndham Championship,3_balls,fanduel,"McGreevy, Max","Kizzire, Patton / Hisatsune, Ryo","3_balls fanduel 23505 13470,22760",2.65,0.4132,0.095,2026-08-07 00:17:24.468686,2.65,0.4132,2026-08-07 00:17:24.468686,TRUE,FALSE,1.5,TRUE,0,FALSE,0.0949800000000001,2026-08-07 00:17:24.468686,+165,+165
Wyndham Championship,3_balls,draftkings,"Chatfield, Davis","Rozo, Marcelo / Penge, Marco","3_balls draftkings 30620 16591,22465",2.76,0.3963,0.0939,2026-08-07 00:17:24.468686,2.76,0.3963,2026-08-07 00:17:24.468686,TRUE,FALSE,1,TRUE,0,FALSE,0.093788,2026-08-07 00:17:24.468686,+176,+176
Wyndham Championship,3_balls,fanduel,"Dou, Zecheng","Nyholm, Pontus / Collet, Tyler","3_balls fanduel 16757 25475,28077",2.1,0.5122,0.0756,2026-08-07 00:17:24.468686,2.1,0.5122,2026-08-07 00:17:24.468686,TRUE,FALSE,1.5,TRUE,0,FALSE,0.07562,2026-08-07 00:17:24.468686,+110,+110
Wyndham Championship,3_balls,draftkings,"McGreevy, Max","Kizzire, Patton / Hisatsune, Ryo","3_balls draftkings 23505 13470,22760",2.58,0.4132,0.0661,2026-08-07 00:17:24.468686,2.58,0.4132,2026-08-07 00:17:24.468686,TRUE,FALSE,1.5,TRUE,0,FALSE,0.0660560000000001,2026-08-07 00:17:24.468686,+158,+158
Wyndham Championship,3_balls,draftkings,"Gerard, Ryan","Day, Jason / Spieth, Jordan","3_balls draftkings 29767 14636,9771",2.32,0.4576,0.0615,2026-08-07 00:17:24.468686,2.32,0.4576,2026-08-07 00:17:24.468686,TRUE,FALSE,1,TRUE,0,FALSE,0.0616319999999999,2026-08-07 00:17:24.468686,+132,+132
Wyndham Championship,3_balls,fanduel,"Chatfield, Davis","Rozo, Marcelo / Penge, Marco","3_balls fanduel 30620 16591,22465",2.65,0.3963,0.0503,2026-08-07 00:17:24.468686,2.65,0.3963,2026-08-07 00:17:24.468686,TRUE,FALSE,1,TRUE,0,FALSE,0.050195,2026-08-07 00:17:24.468686,+165,+165
Wyndham Championship,3_balls,caesars,"Dou, Zecheng","Nyholm, Pontus / Collet, Tyler","3_balls caesars 16757 25475,28077",2.05,0.5122,0.05,2026-08-07 00:17:24.468686,2.05,0.5122,2026-08-07 00:17:24.468686,TRUE,FALSE,1.5,TRUE,0,FALSE,0.0500099999999999,2026-08-07 00:17:24.468686,+105,+105
Wyndham Championship,3_balls,draftkings,"Bauchou, Zach","Saddier, Adrien / Svensson, Jesper","3_balls draftkings 19846 14792,26850",2.64,0.3914,0.0334,2026-08-07 00:17:24.468686,2.64,0.3914,2026-08-07 00:17:24.468686,TRUE,FALSE,1.5,TRUE,0,FALSE,0.0332960000000002,2026-08-07 00:17:24.468686,+164,+164
Wyndham Championship,3_balls,caesars,"McGreevy, Max","Kizzire, Patton / Hisatsune, Ryo","3_balls caesars 23505 13470,22760",2.5,0.4132,0.033,2026-08-07 00:17:24.468686,2.5,0.4132,2026-08-07 00:17:24.468686,TRUE,FALSE,1.5,TRUE,0,FALSE,0.0329999999999999,2026-08-07 00:17:24.468686,+150,+150
Wyndham Championship,3_balls,caesars,"Chatfield, Davis","Rozo, Marcelo / Penge, Marco","3_balls caesars 30620 16591,22465",2.6,0.3963,0.0304,2026-08-07 00:17:24.468686,2.6,0.3963,2026-08-07 00:17:24.468686,TRUE,FALSE,1,TRUE,0,FALSE,0.0303800000000001,2026-08-07 00:17:24.468686,+160,+160
Wyndham Championship,3_balls,fanduel,"Keefer, Johnny","Ewart, A.J. / Brown, Blades","3_balls fanduel 32457 21883,32152",2.8,0.3679,0.0302,2026-08-07 00:17:24.468686,2.8,0.3679,2026-08-07 00:17:24.468686,TRUE,FALSE,1.5,TRUE,0,FALSE,0.0301199999999999,2026-08-07 00:17:24.468686,+180,+180
Wyndham Championship,3_balls,fanduel,"Highsmith, Joe","McNealy, Maverick / Potgieter, Aldrich","3_balls fanduel 28469 18634,27900",4.3,0.2394,0.0295,2026-08-07 00:17:24.468686,4.3,0.2394,2026-08-07 00:17:24.468686,TRUE,FALSE,1.5,TRUE,0,FALSE,0.02942,2026-08-07 00:17:24.468686,+330,+330
Wyndham Championship,3_balls,betmgm,"Kim, Michael","Rodgers, Patrick / Greyserman, Max","3_balls betmgm 17543 16283,23465",2.5,0.411,0.0275,2026-08-07 00:17:24.468686,2.5,0.411,2026-08-07 00:17:24.468686,TRUE,FALSE,1.5,TRUE,0,FALSE,0.0274999999999999,2026-08-07 00:17:24.468686,+150,+150
Wyndham Championship,3_balls,fanduel,"Hirata, Kensei","Crowe, Trace / Hrabak, Cooper","3_balls fanduel 20954 27780,35195",2.55,0.448,0.1424,2026-08-07 00:17:24.468686,2.55,0.448,2026-08-07 00:17:24.468686,TRUE,FALSE,0,FALSE,0,FALSE,0.1424,2026-08-07 00:17:24.468686,+155,+155
Wyndham Championship,3_balls,fanduel,"James, Ben","Dumont De Chassart, Adrien / Lamprecht, Christo","3_balls fanduel 29827 22002,24343",2,0.5674,0.1347,2026-08-07 00:17:24.468686,2,0.5674,2026-08-07 00:17:24.468686,TRUE,FALSE,-0.5,FALSE,0,FALSE,0.1348,2026-08-07 00:17:24.468686,+100,+100
Wyndham Championship,3_balls,caesars,"James, Ben","Dumont De Chassart, Adrien / Lamprecht, Christo","3_balls caesars 29827 22002,24343",1.94,0.5674,0.1026,2026-08-07 00:17:24.468686,1.94,0.5674,2026-08-07 00:17:24.468686,TRUE,FALSE,-0.5,FALSE,0,FALSE,0.100756,2026-08-07 00:17:24.468686,-106,-106
Wyndham Championship,3_balls,draftkings,"Meissner, Mac","List, Luke / Hoge, Tom","3_balls draftkings 28159 15575,7960",2.02,0.5358,0.0824,2026-08-07 00:17:24.468686,2.02,0.5358,2026-08-07 00:17:24.468686,TRUE,FALSE,0,FALSE,0,FALSE,0.0823160000000001,2026-08-07 00:17:24.468686,+102,+102
Wyndham Championship,3_balls,caesars,"Hirata, Kensei","Crowe, Trace / Hrabak, Cooper","3_balls caesars 20954 27780,35195",2.4,0.448,0.0752,2026-08-07 00:17:24.468686,2.4,0.448,2026-08-07 00:17:24.468686,TRUE,FALSE,0,FALSE,0,FALSE,0.0751999999999999,2026-08-07 00:17:24.468686,+140,+140
Wyndham Championship,round_matchups,bet365,"Poston, J.T.","Koepka, Brooks",round_matchups bet365 21554 16243,1.95,0.5482,0.069,2026-08-07 00:17:24.468686,1.95,0.5482,2026-08-07 00:17:24.468686,TRUE,FALSE,0,FALSE,0,FALSE,0.0689900000000001,2026-08-07 00:17:24.468686,-105,-105
Wyndham Championship,3_balls,draftkings,"Suber, Jackson","Sargent, Gordon / Clanton, Luke","3_balls draftkings 29279 30814,32330",2.36,0.4481,0.0575,2026-08-07 00:17:24.468686,2.36,0.4481,2026-08-07 00:17:24.468686,TRUE,FALSE,-1,FALSE,0,FALSE,0.0575159999999999,2026-08-07 00:17:24.468686,+136,+136
Wyndham Championship,3_balls,fanduel,"Fishburn, Patrick","Kang, Jeffrey / Akina, Kihei","3_balls fanduel 25094 21889,32652",2.35,0.4469,0.0501,2026-08-07 00:17:24.468686,2.35,0.4469,2026-08-07 00:17:24.468686,TRUE,FALSE,0,FALSE,0,FALSE,0.0502150000000001,2026-08-07 00:17:24.468686,+135,+135
Wyndham Championship,3_balls,fanduel,"Smalley, Alex","Straka, Sepp / Griffin, Ben","3_balls fanduel 18474 17511,24968",3,0.3477,0.0431,2026-08-07 00:17:24.468686,3,0.3477,2026-08-07 00:17:24.468686,TRUE,FALSE,-0.5,FALSE,0,FALSE,0.0430999999999999,2026-08-07 00:17:24.468686,+200,+200
Wyndham Championship,3_balls,draftkings,"Cauley, Bud","Bradley, Keegan / Koepka, Brooks","3_balls draftkings 14502 13872,16243",2.88,0.3618,0.0418,2026-08-07 00:17:24.468686,2.88,0.3618,2026-08-07 00:17:24.468686,TRUE,FALSE,-0.5,FALSE,0,FALSE,0.041984,2026-08-07 00:17:24.468686,+188,+188
Wyndham Championship,3_balls,draftkings,"Kohles, Ben","Garnett, Brice / Lipsky, David","3_balls draftkings 16395 11451,15980",2.08,0.4989,0.0376,2026-08-07 00:17:24.468686,2.08,0.4989,2026-08-07 00:17:24.468686,TRUE,FALSE,-0.5,FALSE,0,FALSE,0.037712,2026-08-07 00:17:24.468686,+108,+108
Wyndham Championship,3_balls,fanduel,"Crowe, Trace","Hirata, Kensei / Hrabak, Cooper","3_balls fanduel 27780 20954,35195",2.15,0.4815,0.0352,2026-08-07 00:17:24.468686,2.15,0.4815,2026-08-07 00:17:24.468686,TRUE,FALSE,0,FALSE,0,FALSE,0.0352249999999998,2026-08-07 00:17:24.468686,+115,+115
Wyndham Championship,3_balls,fanduel,"Streelman, Kevin","Yu, Kevin / Campbell, Brian","3_balls fanduel 8480 17881,18628",3.7,0.2795,0.0343,2026-08-07 00:17:24.468686,3.7,0.2795,2026-08-07 00:17:24.468686,TRUE,FALSE,-0.5,FALSE,0,FALSE,0.0341500000000001,2026-08-07 00:17:24.468686,+270,+270
Wyndham Championship,3_balls,draftkings,"McNealy, Maverick","Potgieter, Aldrich / Highsmith, Joe","3_balls draftkings 18634 27900,28469",2.08,0.4962,0.0321,2026-08-07 00:17:24.468686,2.08,0.4962,2026-08-07 00:17:24.468686,TRUE,FALSE,-3,FALSE,0,FALSE,0.0320959999999999,2026-08-07 00:17:24.468686,+108,+108
Wyndham Championship,3_balls,fanduel,"Campos, Rafael","Ramey, Chad / Pavon, Matthieu","3_balls fanduel 12909 19840,19960",4.3,0.2391,0.0279,2026-08-07 00:17:24.468686,4.3,0.2391,2026-08-07 00:17:24.468686,TRUE,FALSE,0.5,FALSE,0,FALSE,0.02813,2026-08-07 00:17:24.468686,+330,+330
Wyndham Championship,3_balls,draftkings,"Novak, Andrew","Snedeker, Brandt / Jaeger, Stephan","3_balls draftkings 23475 16394,8820",2.68,0.3815,0.0224,2026-08-07 00:17:24.468686,2.68,0.3815,2026-08-07 00:17:24.468686,TRUE,FALSE,-0.5,FALSE,0,FALSE,0.0224200000000001,2026-08-07 00:17:24.468686,+168,+168
Wyndham Championship,round_matchups,bet365,"Dahmen, Joel","Power, Seamus",round_matchups bet365 14509 10104,1.95,0.5256,0.0249,2026-08-07 03:19:48.334191,1.95,0.5256,2026-08-07 03:19:48.334191,TRUE,FALSE,1,TRUE,0,FALSE,0.0249199999999998,2026-08-07 03:19:48.334191,-105,-105
Wyndham Championship,round_matchups,bet365,"Smalley, Alex","Theegala, Sahith",round_matchups bet365 18474 23014,1.95,0.5453,0.0633,2026-08-07 03:19:48.334191,1.95,0.5453,2026-08-07 03:19:48.334191,TRUE,FALSE,0,FALSE,0,FALSE,0.0633349999999999,2026-08-07 03:19:48.334191,-105,-105
Wyndham Championship,3_balls,bet365,"Kang, Jeffrey","Fishburn, Patrick / Akina, Kihei","3_balls bet365 21889 25094,32652",4,0.2641,0.0565,2026-08-07 03:19:48.334191,4,0.2641,2026-08-07 03:19:48.334191,TRUE,FALSE,0,FALSE,0,FALSE,0.0564,2026-08-07 03:19:48.334191,+300,+300
Wyndham Championship,3_balls,bet365,"Dahmen, Joel","Power, Seamus / Malnati, Peter","3_balls bet365 14509 10104,14926",2.6,0.3935,0.0231,2026-08-07 03:19:48.334191,2.6,0.3935,2026-08-07 03:19:48.334191,TRUE,FALSE,0.5,FALSE,0,FALSE,0.0231000000000001,2026-08-07 03:19:48.334191,+160,+160
Wyndham Championship,3_balls,bet365,"Blanchet, Chandler","Li, Haotong / Shipley, Neal","3_balls bet365 24956 15310,32055",2.9,0.3523,0.0215,2026-08-07 03:19:48.334191,2.9,0.3523,2026-08-07 03:19:48.334191,TRUE,FALSE,0.5,FALSE,0,FALSE,0.0216700000000001,2026-08-07 03:19:48.334191,+190,+190
Wyndham Championship,round_matchups,draftkings,"Crowe, Trace","Saddier, Adrien",round_matchups draftkings 27780 14792,2.04,0.518,0.0567,2026-08-08 03:01:30.141367,2.04,0.518,2026-08-08 03:01:30.141367,TRUE,FALSE,2,TRUE,0,FALSE,0.0567200000000001,2026-08-08 03:01:30.141367,+104,+104
Wyndham Championship,round_matchups,bet365,"Malnati, Peter","Akina, Kihei",round_matchups bet365 14926 32652,2.15,0.4901,0.0538,2026-08-08 03:01:30.141367,2.15,0.4901,2026-08-08 03:01:30.141367,TRUE,FALSE,5,TRUE,0,FALSE,0.053715,2026-08-08 03:01:30.141367,+115,+115
Wyndham Championship,round_matchups,draftkings,"Wallace, Matt","Mitchell, Keith",round_matchups draftkings 20706 17365,1.94,0.5359,0.0414,2026-08-08 03:01:30.141367,1.94,0.5359,2026-08-08 03:01:30.141367,TRUE,FALSE,1,TRUE,0,FALSE,0.0396460000000001,2026-08-08 03:01:30.141367,-106,-106
Wyndham Championship,round_matchups,betmgm,"Crowe, Trace","Saddier, Adrien",round_matchups betmgm 27780 14792,2,0.518,0.036,2026-08-08 03:01:30.141367,2,0.518,2026-08-08 03:01:30.141367,TRUE,FALSE,2,TRUE,0,FALSE,0.036,2026-08-08 03:01:30.141367,+100,+100
Wyndham Championship,round_matchups,draftkings,"Olesen, Thorbjorn","Thomas, Justin",round_matchups draftkings 13412 14139,2.56,0.4032,0.0323,2026-08-08 03:01:30.141367,2.56,0.4032,2026-08-08 03:01:30.141367,TRUE,FALSE,2,TRUE,0,FALSE,0.032192,2026-08-08 03:01:30.141367,+156,+156
Wyndham Championship,round_matchups,bet365,"Koepka, Brooks","Collet, Tyler",round_matchups bet365 16243 28077,1.53,0.6917,0.0583,2026-08-08 03:01:30.141367,1.53,0.6917,2026-08-08 03:01:30.141367,TRUE,FALSE,0,FALSE,0,FALSE,0.0583009999999999,2026-08-08 03:01:30.141367,-189,-189
Wyndham Championship,round_matchups,bet365,"Ventura, Kristoffer","Nyholm, Pontus",round_matchups bet365 15651 25475,1.83,0.5751,0.0524,2026-08-08 03:01:30.141367,1.83,0.5751,2026-08-08 03:01:30.141367,TRUE,FALSE,0,FALSE,0,FALSE,0.052433,2026-08-08 03:01:30.141367,-120,-120
Wyndham Championship,round_matchups,draftkings,"Koepka, Brooks","Collet, Tyler",round_matchups draftkings 16243 28077,1.36,0.7561,0.031,2026-08-08 03:01:30.141367,1.36,0.7561,2026-08-08 03:01:30.141367,TRUE,FALSE,0,FALSE,0,FALSE,0.0282960000000001,2026-08-08 03:01:30.141367,-278,-278
Wyndham Championship,round_matchups,bet365,"Rai, Aaron","Hojgaard, Rasmus",round_matchups bet365 18554 23838,1.71,0.6214,0.0626,2026-08-08 04:30:16.379176,1.71,0.6214,2026-08-08 04:30:16.379176,TRUE,FALSE,-2,FALSE,0,FALSE,0.0625939999999998,2026-08-08 04:30:16.379176,-141,-141
Wyndham Championship,round_matchups,bet365,"McCarthy, Denny","Horschel, Billy",round_matchups bet365 19870 11276,2,0.5211,0.0423,2026-08-08 04:30:16.379176,2,0.5211,2026-08-08 04:30:16.379176,TRUE,FALSE,0,FALSE,0,FALSE,0.0422,2026-08-08 04:30:16.379176,+100,+100
Wyndham Championship,round_matchups,bet365,"Young, Cameron","Koivun, Jackson",round_matchups bet365 26651 32319,1.76,0.5798,0.0204,2026-08-08 04:30:16.379176,1.76,0.5798,2026-08-08 04:30:16.379176,TRUE,FALSE,-2,FALSE,0,FALSE,0.020448,2026-08-08 04:30:16.379176,-132,-132
Wyndham Championship,round_matchups,betmgm,"Simpson, Webb","Finau, Tony",round_matchups betmgm 11049 11676,2.2,0.4746,0.0441,2026-08-08 06:23:26.983013,2.2,0.4746,2026-08-08 06:23:26.983013,TRUE,FALSE,-1,FALSE,0,FALSE,0.0441200000000002,2026-08-08 06:23:26.983013,+120,+120
Wyndham Championship,round_matchups,betmgm,"Kim, Tom","Suber, Jackson",round_matchups betmgm 24766 29279,1.8,0.5755,0.0358,2026-08-08 07:33:07.082519,1.8,0.5755,2026-08-08 07:33:07.082519,TRUE,FALSE,0,FALSE,0,FALSE,0.0359,2026-08-08 07:33:07.082519,-125,-125
Wyndham Championship,round_matchups,draftkings,"Phillips, Chandler","Collet, Tyler",round_matchups draftkings 27164 28077,1.54,0.7243,0.1137,2026-08-09 01:15:47.028017,1.54,0.7243,2026-08-09 01:15:47.028017,TRUE,FALSE,2,TRUE,0,FALSE,0.115422,2026-08-09 01:15:47.028017,-185,-185
Wyndham Championship,round_matchups,draftkings,"Bradley, Keegan","Finau, Tony",round_matchups draftkings 13872 11676,1.64,0.6316,0.0365,2026-08-09 01:15:47.028017,1.64,0.6316,2026-08-09 01:15:47.028017,TRUE,FALSE,0,FALSE,0,FALSE,0.0358240000000001,2026-08-09 01:15:47.028017,-156,-156
Wyndham Championship,round_matchups,draftkings,"Wallace, Matt","Koivun, Jackson",round_matchups draftkings 20706 32319,2.3,0.4451,0.0236,2026-08-09 01:15:47.028017,2.3,0.4451,2026-08-09 01:15:47.028017,TRUE,FALSE,0,FALSE,0,FALSE,0.0237299999999998,2026-08-09 01:15:47.028017,+130,+130
Wyndham Championship,round_matchups,fanduel,"Hojgaard, Rasmus","Nyholm, Pontus",round_matchups fanduel 23838 25475,1.73,0.6048,0.0447,2026-08-09 03:10:00.861459,1.73,0.6048,2026-08-09 03:10:00.861459,TRUE,FALSE,-1,FALSE,0,FALSE,0.0463039999999999,2026-08-09 03:10:00.861459,-137,-137
Wyndham Championship,round_matchups,fanduel,"Hall, Harry","Smith, Jordan",round_matchups fanduel 27194 18586,2.25,0.4576,0.0296,2026-08-09 03:10:00.861459,2.25,0.4576,2026-08-09 03:10:00.861459,TRUE,FALSE,-1,FALSE,0,FALSE,0.0296000000000001,2026-08-09 03:10:00.861459,+125,+125
Wyndham Championship,round_matchups,betmgm,"Phillips, Chandler","Collet, Tyler",round_matchups betmgm 27164 28077,1.62,0.6612,0.0711,2026-08-09 04:38:56.716223,1.62,0.6612,2026-08-09 04:38:56.716223,TRUE,FALSE,2,TRUE,0,FALSE,0.0711440000000001,2026-08-09 04:38:56.716223,-161,-161
Wyndham Championship,round_matchups,caesars,"Phillips, Chandler","Collet, Tyler",round_matchups caesars 27164 28077,1.42,0.7271,0.0301,2026-08-09 04:38:56.716223,1.42,0.7271,2026-08-09 04:38:56.716223,TRUE,FALSE,2,TRUE,0,FALSE,0.0324819999999999,2026-08-09 04:38:56.716223,-238,-238
FedEx St. Jude Championship,tournament_matchups,fanduel,"Kitayama, Kurt","Brennan, Michael",tournament_matchups fanduel 21891 29197,2.1,0.5169,0.0856,2026-08-10 22:17:27.942758,1.91,0.5183,2026-08-13 12:29:17.607185,TRUE,FALSE,-1,FALSE,0.0994764397905761,TRUE,0.08843,2026-08-13 12:29:17.607185,+110,-110
FedEx St. Jude Championship,tournament_matchups,caesars,"Kitayama, Kurt","Brennan, Michael",tournament_matchups caesars 21891 29197,2.05,0.5169,0.0597,2026-08-10 22:17:27.942758,1.83,0.5183,2026-08-13 12:29:17.607185,TRUE,FALSE,-1,FALSE,0.120218579234973,TRUE,0.0625149999999999,2026-08-13 12:29:17.607185,+105,-120
FedEx St. Jude Championship,tournament_matchups,caesars,"MacIntyre, Robert","Clark, Wyndham",tournament_matchups caesars 23323 23604,1.95,0.5412,0.0566,2026-08-10 22:17:27.942758,1.71,0.5422,2026-08-13 12:29:17.607185,TRUE,FALSE,-1,FALSE,0.140350877192982,TRUE,0.0572900000000001,2026-08-13 12:29:17.607185,-105,-141
FedEx St. Jude Championship,tournament_matchups,bet365,"Griffin, Ben","Kitayama, Kurt",tournament_matchups bet365 24968 21891,1.9,0.5453,0.0361,2026-08-10 22:17:27.942758,1.8,0.5442,2026-08-13 10:29:45.393727,TRUE,FALSE,-1,FALSE,0.0555555555555556,TRUE,0.0339799999999999,2026-08-13 12:29:17.607185,-111,-125
FedEx St. Jude Championship,tournament_matchups,fanduel,"MacIntyre, Robert","Clark, Wyndham",tournament_matchups fanduel 23323 23604,1.91,0.5412,0.0332,2026-08-10 22:17:27.942758,1.83,0.5422,2026-08-13 12:29:17.607185,TRUE,FALSE,-1,FALSE,0.0437158469945353,TRUE,0.0356019999999999,2026-08-13 12:29:17.607185,-110,-120
FedEx St. Jude Championship,tournament_matchups,betmgm,"Fitzpatrick, Matt","Burns, Sam",tournament_matchups betmgm 17646 19483,2,0.5201,0.0402,2026-08-11 09:55:59.530652,2,0.5202,2026-08-13 12:29:17.607185,TRUE,FALSE,1,TRUE,0,FALSE,0.0404,2026-08-13 12:29:17.607185,+100,+100
FedEx St. Jude Championship,tournament_matchups,fanduel,"Young, Cameron","Burns, Sam",tournament_matchups fanduel 26651 19483,1.9,0.5389,0.0239,2026-08-11 14:04:12.147028,1.9,0.54,2026-08-13 12:29:17.607185,TRUE,FALSE,2,TRUE,0,FALSE,0.026,2026-08-13 12:29:17.607185,-111,-111
FedEx St. Jude Championship,tournament_matchups,bet365,"MacIntyre, Robert","Clark, Wyndham",tournament_matchups bet365 23323 23604,2,0.5136,0.0271,2026-08-11 16:13:37.278207,2,0.5151,2026-08-13 10:29:45.393727,TRUE,FALSE,-1,FALSE,0,FALSE,0.0302,2026-08-13 12:29:17.607185,+100,+100
FedEx St. Jude Championship,round_matchups,fanduel,"Im, Sungjae","Yellamaraju, Sudarshan",round_matchups fanduel 17488 29925,1.73,0.5977,0.0324,2026-08-11 22:22:56.339762,1.67,0.5977,2026-08-13 12:29:17.607185,TRUE,FALSE,2,TRUE,0.0359281437125749,TRUE,0.0340210000000001,2026-08-13 12:29:17.607185,-137,-149
FedEx St. Jude Championship,round_matchups,draftkings,"Im, Sungjae","Yellamaraju, Sudarshan",round_matchups draftkings 17488 29925,1.72,0.5977,0.0309,2026-08-11 22:22:56.339762,1.72,0.5977,2026-08-13 12:29:17.607185,TRUE,FALSE,2,TRUE,0,FALSE,0.028044,2026-08-13 12:29:17.607185,-139,-139
FedEx St. Jude Championship,round_matchups,draftkings,"Gerard, Ryan","Reitan, Kristoffer",round_matchups draftkings 29767 21407,1.81,0.5682,0.0264,2026-08-11 22:22:56.339762,1.81,0.5682,2026-08-12 18:09:29.511955,TRUE,FALSE,2,TRUE,0,FALSE,0.0284420000000001,2026-08-13 12:29:17.607185,-123,-123
FedEx St. Jude Championship,tournament_matchups,draftkings,"McNealy, Maverick","Fowler, Rickie",tournament_matchups draftkings 18634 12965,1.82,0.5628,0.0241,2026-08-11 22:22:56.339762,1.85,0.5628,2026-08-13 12:29:17.607185,TRUE,FALSE,1,TRUE,-0.0162162162162163,FALSE,0.0242959999999999,2026-08-13 12:29:17.607185,-122,-118
FedEx St. Jude Championship,round_matchups,fanduel,"Griffin, Ben","Knapp, Jake",round_matchups fanduel 24968 19396,1.8,0.5761,0.037,2026-08-11 22:22:56.339762,1.73,0.5761,2026-08-13 12:29:17.607185,TRUE,FALSE,-1,FALSE,0.0404624277456649,TRUE,0.03698,2026-08-13 12:29:17.607185,-125,-137
FedEx St. Jude Championship,round_matchups,fanduel,"Thorbjornsen, Michael","Straka, Sepp",round_matchups fanduel 26649 17511,1.73,0.5916,0.0219,2026-08-11 22:22:56.339762,1.67,0.5916,2026-08-13 12:29:17.607185,TRUE,FALSE,0,FALSE,0.0359281437125749,TRUE,0.023468,2026-08-13 12:29:17.607185,-137,-149
FedEx St. Jude Championship,tournament_matchups,caesars,"Lee, Min Woo","Spaun, J.J.",tournament_matchups caesars 16841 17536,2.15,0.4868,0.0465,2026-08-12 00:39:40.341167,2.05,0.4868,2026-08-13 12:29:17.607185,TRUE,FALSE,-1,FALSE,0.0487804878048781,TRUE,0.0466199999999999,2026-08-13 12:29:17.607185,+115,+105
FedEx St. Jude Championship,round_matchups,betmgm,"Smalley, Alex","Woodland, Gary",round_matchups betmgm 18474 12577,1.85,0.5612,0.0382,2026-08-12 14:03:41.164252,1.85,0.5612,2026-08-13 12:29:17.607185,TRUE,FALSE,1,TRUE,0,FALSE,0.0382200000000001,2026-08-13 12:29:17.607185,-118,-118
FedEx St. Jude Championship,tournament_matchups,fanduel,"Fleetwood, Tommy","Schauffele, Xander",tournament_matchups fanduel 12294 19895,2,0.5162,0.0324,2026-08-12 16:11:56.947882,2,0.5162,2026-08-13 12:29:17.607185,TRUE,FALSE,-1,FALSE,0,FALSE,0.0324,2026-08-13 12:29:17.607185,+100,+100
FedEx St. Jude Championship,round_matchups,caesars,"Kim, Tom","Aberg, Ludvig",round_matchups caesars 24766 23950,2.05,0.4992,0.0233,2026-08-14 00:01:20.558432,2.05,0.4992,2026-08-14 00:01:20.558432,TRUE,FALSE,2,TRUE,0,FALSE,0.0233599999999998,2026-08-14 00:01:20.558432,+105,+105
FedEx St. Jude Championship,round_matchups,draftkings,"Kitayama, Kurt","Hojgaard, Nicolai",round_matchups draftkings 21891 23602,1.83,0.5727,0.05,2026-08-14 00:01:20.558432,1.83,0.5727,2026-08-14 00:01:20.558432,TRUE,FALSE,0,FALSE,0,FALSE,0.048041,2026-08-14 00:01:20.558432,-120,-120
FedEx St. Jude Championship,round_matchups,betmgm,"Lowry, Shane","Homa, Max",round_matchups betmgm 13900 17538,1.7,0.6044,0.0274,2026-08-14 00:01:20.558432,1.7,0.6044,2026-08-14 00:01:20.558432,TRUE,FALSE,-1,FALSE,0,FALSE,0.02748,2026-08-14 00:01:20.558432,-143,-143
FedEx St. Jude Championship,round_matchups,caesars,"Fitzpatrick, Alex","Spaun, J.J.",round_matchups caesars 25362 17536,2.05,0.5001,0.0251,2026-08-14 00:01:20.558432,2.05,0.5001,2026-08-14 00:01:20.558432,TRUE,FALSE,0,FALSE,0,FALSE,0.0252049999999999,2026-08-14 00:01:20.558432,+105,+105
FedEx St. Jude Championship,round_matchups,betmgm,"Gerard, Ryan","Reitan, Kristoffer",round_matchups betmgm 29767 21407,1.78,0.5863,0.0436,2026-08-14 02:49:02.131211,1.78,0.5863,2026-08-14 02:49:02.131211,TRUE,FALSE,2,TRUE,0,FALSE,0.043614,2026-08-14 02:49:02.131211,-128,-128
FedEx St. Jude Championship,round_matchups,betmgm,"Im, Sungjae","Yellamaraju, Sudarshan",round_matchups betmgm 17488 29925,1.72,0.6059,0.0422,2026-08-14 02:49:02.131211,1.72,0.6059,2026-08-14 02:49:02.131211,TRUE,FALSE,2,TRUE,0,FALSE,0.0421480000000001,2026-08-14 02:49:02.131211,-139,-139
FedEx St. Jude Championship,round_matchups,bet365,"McCarty, Matt","Mitchell, Keith",round_matchups bet365 28635 17365,2.5,0.4134,0.0334,2026-08-14 02:49:02.131211,2.5,0.4134,2026-08-14 02:49:02.131211,TRUE,FALSE,1,TRUE,0,FALSE,0.0335000000000001,2026-08-14 02:49:02.131211,+150,+150
FedEx St. Jude Championship,round_matchups,bet365,"Fleetwood, Tommy","Aberg, Ludvig",round_matchups bet365 12294 23950,1.86,0.5653,0.0514,2026-08-14 02:49:02.131211,1.86,0.5653,2026-08-14 02:49:02.131211,TRUE,FALSE,0,FALSE,0,FALSE,0.051458,2026-08-14 02:49:02.131211,-116,-116
FedEx St. Jude Championship,round_matchups,betmgm,"Kitayama, Kurt","Hojgaard, Nicolai",round_matchups betmgm 21891 23602,1.83,0.5727,0.0481,2026-08-14 02:49:02.131211,1.83,0.5727,2026-08-14 02:49:02.131211,TRUE,FALSE,0,FALSE,0,FALSE,0.048041,2026-08-14 02:49:02.131211,-120,-120
FedEx St. Jude Championship,round_matchups,betmgm,"Fitzpatrick, Alex","Spaun, J.J.",round_matchups betmgm 25362 17536,2.05,0.5001,0.0251,2026-08-14 02:49:02.131211,2.05,0.5001,2026-08-14 02:49:02.131211,TRUE,FALSE,0,FALSE,0,FALSE,0.0252049999999999,2026-08-14 02:49:02.131211,+105,+105
FedEx St. Jude Championship,round_matchups,caesars,"Cauley, Bud","Rai, Aaron",round_matchups caesars 14502 18554,2.05,0.4978,0.0205,2026-08-14 02:49:02.131211,2.05,0.4978,2026-08-14 02:49:02.131211,TRUE,FALSE,0,FALSE,0,FALSE,0.0204899999999999,2026-08-14 02:49:02.131211,+105,+105
FedEx St. Jude Championship,round_matchups,draftkings,"Stevens, Sam","Morikawa, Collin",round_matchups draftkings 25569 22085,2.64,0.4117,0.0868,2026-08-14 23:41:06.917192,2.64,0.4117,2026-08-14 23:41:06.917192,TRUE,FALSE,4,TRUE,0,FALSE,0.0868880000000001,2026-08-14 23:41:06.917192,+164,+164
FedEx St. Jude Championship,round_matchups,fanduel,"Cole, Eric","Bhatia, Akshay",round_matchups fanduel 21756 26096,2.1,0.5031,0.0566,2026-08-14 23:41:06.917192,2.1,0.5031,2026-08-14 23:41:06.917192,TRUE,FALSE,2,TRUE,0,FALSE,0.0565100000000001,2026-08-14 23:41:06.917192,+110,+110
FedEx St. Jude Championship,round_matchups,fanduel,"Thomas, Justin","Woodland, Gary",round_matchups fanduel 14139 12577,1.73,0.6078,0.0499,2026-08-14 23:41:06.917192,1.73,0.6078,2026-08-14 23:41:06.917192,TRUE,FALSE,1,TRUE,0,FALSE,0.0514939999999999,2026-08-14 23:41:06.917192,-137,-137
FedEx St. Jude Championship,round_matchups,draftkings,"Harman, Brian","Spieth, Jordan",round_matchups draftkings 8825 14636,1.93,0.5304,0.0214,2026-08-14 23:41:06.917192,1.93,0.5304,2026-08-14 23:41:06.917192,TRUE,FALSE,1,TRUE,0,FALSE,0.0236719999999999,2026-08-14 23:41:06.917192,-108,-108
FedEx St. Jude Championship,round_matchups,draftkings,"Kim, Michael","Woodland, Gary",round_matchups draftkings 17543 12577,1.89,0.5395,0.0211,2026-08-14 23:41:06.917192,1.89,0.5395,2026-08-14 23:41:06.917192,TRUE,FALSE,3,TRUE,0,FALSE,0.019655,2026-08-14 23:41:06.917192,-112,-112
FedEx St. Jude Championship,round_matchups,fanduel,"Homa, Max","Spaun, J.J.",round_matchups fanduel 17538 17536,2.5,0.43,0.075,2026-08-14 23:41:06.917192,2.5,0.43,2026-08-14 23:41:06.917192,TRUE,FALSE,0,FALSE,0,FALSE,0.075,2026-08-14 23:41:06.917192,+150,+150
FedEx St. Jude Championship,round_matchups,fanduel,"Noren, Alex","Coody, Pierceson",round_matchups fanduel 10419 28309,1.67,0.6124,0.0206,2026-08-14 23:41:06.917192,1.67,0.6124,2026-08-14 23:41:06.917192,TRUE,FALSE,-2,FALSE,0,FALSE,0.022708,2026-08-14 23:41:06.917192,-149,-149
FedEx St. Jude Championship,round_matchups,bet365,"Stevens, Sam","Morikawa, Collin",round_matchups bet365 25569 22085,3,0.3686,0.1057,2026-08-15 00:55:22.965938,3,0.3686,2026-08-15 00:55:22.965938,TRUE,FALSE,4,TRUE,0,FALSE,0.1058,2026-08-15 00:55:22.965938,+200,+200
FedEx St. Jude Championship,round_matchups,bet365,"Fitzpatrick, Matt","Morikawa, Collin",round_matchups bet365 17646 22085,1.86,0.5679,0.0562,2026-08-15 00:55:22.965938,1.86,0.5679,2026-08-15 00:55:22.965938,TRUE,FALSE,1,TRUE,0,FALSE,0.0562940000000001,2026-08-15 00:55:22.965938,-116,-116
FedEx St. Jude Championship,round_matchups,caesars,"Conners, Corey","Fowler, Rickie",round_matchups caesars 17576 12965,2.05,0.5095,0.0445,2026-08-15 00:55:22.965938,2.05,0.5095,2026-08-15 00:55:22.965938,TRUE,FALSE,2,TRUE,0,FALSE,0.0444749999999998,2026-08-15 00:55:22.965938,+105,+105
FedEx St. Jude Championship,round_matchups,caesars,"Cauley, Bud","Lee, Min Woo",round_matchups caesars 14502 16841,2.05,0.5088,0.043,2026-08-15 00:55:22.965938,2.05,0.5088,2026-08-15 00:55:22.965938,TRUE,FALSE,1,TRUE,0,FALSE,0.04304,2026-08-15 00:55:22.965938,+105,+105
FedEx St. Jude Championship,round_matchups,caesars,"Cole, Eric","Bhatia, Akshay",round_matchups caesars 21756 26096,2.05,0.5031,0.0314,2026-08-15 00:55:22.965938,2.05,0.5031,2026-08-15 00:55:22.965938,TRUE,FALSE,2,TRUE,0,FALSE,0.0313549999999998,2026-08-15 00:55:22.965938,+105,+105
FedEx St. Jude Championship,round_matchups,betmgm,"Stevens, Sam","Morikawa, Collin",round_matchups betmgm 25569 22085,2.5,0.4117,0.0292,2026-08-15 00:55:22.965938,2.5,0.4117,2026-08-15 00:55:22.965938,TRUE,FALSE,4,TRUE,0,FALSE,0.02925,2026-08-15 00:55:22.965938,+150,+150
FedEx St. Jude Championship,round_matchups,caesars,"Stevens, Sam","Morikawa, Collin",round_matchups caesars 25569 22085,2.5,0.4117,0.0292,2026-08-15 00:55:22.965938,2.5,0.4117,2026-08-15 00:55:22.965938,TRUE,FALSE,4,TRUE,0,FALSE,0.02925,2026-08-15 00:55:22.965938,+150,+150
FedEx St. Jude Championship,round_matchups,caesars,"Homa, Max","Spaun, J.J.",round_matchups caesars 17538 17536,2.5,0.43,0.075,2026-08-15 00:55:22.965938,2.5,0.43,2026-08-15 00:55:22.965938,TRUE,FALSE,0,FALSE,0,FALSE,0.075,2026-08-15 00:55:22.965938,+150,+150
FedEx St. Jude Championship,round_matchups,bet365,"Harman, Brian","Knapp, Jake",round_matchups bet365 8825 19396,1.95,0.5352,0.0437,2026-08-15 00:55:22.965938,1.95,0.5352,2026-08-15 00:55:22.965938,TRUE,FALSE,0,FALSE,0,FALSE,0.0436399999999999,2026-08-15 00:55:22.965938,-105,-105
FedEx St. Jude Championship,round_matchups,caesars,"Hisatsune, Ryo","Schauffele, Xander",round_matchups caesars 22760 19895,2.75,0.3752,0.0318,2026-08-15 00:55:22.965938,2.75,0.3752,2026-08-15 00:55:22.965938,TRUE,FALSE,0,FALSE,0,FALSE,0.0318000000000001,2026-08-15 00:55:22.965938,+175,+175
FedEx St. Jude Championship,round_matchups,bet365,"Fleetwood, Tommy","Echavarria, Nico",round_matchups bet365 12294 22833,1.7,0.6059,0.0301,2026-08-15 00:55:22.965938,1.7,0.6059,2026-08-15 00:55:22.965938,TRUE,FALSE,-2,FALSE,0,FALSE,0.03003,2026-08-15 00:55:22.965938,-143,-143
FedEx St. Jude Championship,round_matchups,caesars,"Hovland, Viktor","Aberg, Ludvig",round_matchups caesars 18841 23950,2.05,0.4999,0.0248,2026-08-15 00:55:22.965938,2.05,0.4999,2026-08-15 00:55:22.965938,TRUE,FALSE,0,FALSE,0,FALSE,0.0247949999999999,2026-08-15 00:55:22.965938,+105,+105
FedEx St. Jude Championship,round_matchups,betmgm,"Castillo, Ricky","Fox, Ryan",round_matchups betmgm 27819 11889,2.1,0.4913,0.0317,2026-08-15 05:56:34.587321,2.1,0.4913,2026-08-15 05:56:34.587321,TRUE,FALSE,2,TRUE,0,FALSE,0.03173,2026-08-15 05:56:34.587321,+110,+110
FedEx St. Jude Championship,round_matchups,bet365,"Im, Sungjae","Scheffler, Scottie",round_matchups bet365 17488 18417,3.75,0.2772,0.0397,2026-08-15 07:46:00.220965,3.75,0.2772,2026-08-15 07:46:00.220965,TRUE,FALSE,2,TRUE,0,FALSE,0.0395000000000001,2026-08-15 07:46:00.220965,+275,+275
FedEx St. Jude Championship,round_matchups,caesars,"Conners, Corey","Thorbjornsen, Michael",round_matchups caesars 17576 26649,2.1,0.4929,0.0352,2026-08-15 23:36:39.032538,2.1,0.4929,2026-08-15 23:36:39.032538,TRUE,FALSE,1,TRUE,0,FALSE,0.0350900000000001,2026-08-15 23:36:39.032538,+110,+110
FedEx St. Jude Championship,round_matchups,fanduel,"Conners, Corey","Thorbjornsen, Michael",round_matchups fanduel 17576 26649,2.1,0.4929,0.0352,2026-08-15 23:36:39.032538,2.1,0.4929,2026-08-15 23:36:39.032538,TRUE,FALSE,1,TRUE,0,FALSE,0.0350900000000001,2026-08-15 23:36:39.032538,+110,+110
FedEx St. Jude Championship,round_matchups,betmgm,"Smith, Jordan","Young, Cameron",round_matchups betmgm 18586 26651,2.4,0.431,0.0343,2026-08-15 23:36:39.032538,2.4,0.431,2026-08-15 23:36:39.032538,TRUE,FALSE,2,TRUE,0,FALSE,0.0344,2026-08-15 23:36:39.032538,+140,+140
FedEx St. Jude Championship,round_matchups,draftkings,"Smith, Jordan","Young, Cameron",round_matchups draftkings 18586 26651,2.4,0.431,0.0343,2026-08-15 23:36:39.032538,2.4,0.431,2026-08-15 23:36:39.032538,TRUE,FALSE,2,TRUE,0,FALSE,0.0344,2026-08-15 23:36:39.032538,+140,+140
FedEx St. Jude Championship,round_matchups,betmgm,"McNealy, Maverick","Woodland, Gary",round_matchups betmgm 18634 12577,1.75,0.5876,0.0283,2026-08-15 23:36:39.032538,1.75,0.5876,2026-08-15 23:36:39.032538,TRUE,FALSE,1,TRUE,0,FALSE,0.0283,2026-08-15 23:36:39.032538,-133,-133
FedEx St. Jude Championship,round_matchups,draftkings,"McNealy, Maverick","Woodland, Gary",round_matchups draftkings 18634 12577,1.75,0.5876,0.0261,2026-08-15 23:36:39.032538,1.75,0.5876,2026-08-15 23:36:39.032538,TRUE,FALSE,1,TRUE,0,FALSE,0.0283,2026-08-15 23:36:39.032538,-133,-133
FedEx St. Jude Championship,round_matchups,fanduel,"Kim, Si Woo","Fleetwood, Tommy",round_matchups fanduel 14609 12294,2.1,0.4862,0.021,2026-08-15 23:36:39.032538,2.1,0.4862,2026-08-15 23:36:39.032538,TRUE,FALSE,1,TRUE,0,FALSE,0.02102,2026-08-15 23:36:39.032538,+110,+110
FedEx St. Jude Championship,round_matchups,betmgm,"Fox, Ryan","Theegala, Sahith",round_matchups betmgm 11889 23014,2.05,0.5222,0.0706,2026-08-15 23:36:39.032538,2.05,0.5222,2026-08-15 23:36:39.032538,TRUE,FALSE,-1,FALSE,0,FALSE,0.0705099999999999,2026-08-15 23:36:39.032538,+105,+105
FedEx St. Jude Championship,round_matchups,caesars,"Fox, Ryan","Theegala, Sahith",round_matchups caesars 11889 23014,2.05,0.5222,0.0706,2026-08-15 23:36:39.032538,2.05,0.5222,2026-08-15 23:36:39.032538,TRUE,FALSE,-1,FALSE,0,FALSE,0.0705099999999999,2026-08-15 23:36:39.032538,+105,+105
FedEx St. Jude Championship,round_matchups,draftkings,"Fox, Ryan","Theegala, Sahith",round_matchups draftkings 11889 23014,2.04,0.5222,0.0653,2026-08-15 23:36:39.032538,2.04,0.5222,2026-08-15 23:36:39.032538,TRUE,FALSE,-1,FALSE,0,FALSE,0.065288,2026-08-15 23:36:39.032538,+104,+104
FedEx St. Jude Championship,round_matchups,betmgm,"Burns, Sam","Scheffler, Scottie",round_matchups betmgm 19483 18417,2.5,0.4182,0.0455,2026-08-15 23:36:39.032538,2.5,0.4182,2026-08-15 23:36:39.032538,TRUE,FALSE,-2,FALSE,0,FALSE,0.0455000000000001,2026-08-15 23:36:39.032538,+150,+150
FedEx St. Jude Championship,round_matchups,caesars,"Burns, Sam","Scheffler, Scottie",round_matchups caesars 19483 18417,2.5,0.4182,0.0455,2026-08-15 23:36:39.032538,2.5,0.4182,2026-08-15 23:36:39.032538,TRUE,FALSE,-2,FALSE,0,FALSE,0.0455000000000001,2026-08-15 23:36:39.032538,+150,+150
FedEx St. Jude Championship,round_matchups,draftkings,"Burns, Sam","Scheffler, Scottie",round_matchups draftkings 19483 18417,2.5,0.4182,0.0455,2026-08-15 23:36:39.032538,2.5,0.4182,2026-08-15 23:36:39.032538,TRUE,FALSE,-2,FALSE,0,FALSE,0.0455000000000001,2026-08-15 23:36:39.032538,+150,+150
FedEx St. Jude Championship,round_matchups,fanduel,"Burns, Sam","Scheffler, Scottie",round_matchups fanduel 19483 18417,2.5,0.4182,0.0455,2026-08-15 23:36:39.032538,2.5,0.4182,2026-08-15 23:36:39.032538,TRUE,FALSE,-2,FALSE,0,FALSE,0.0455000000000001,2026-08-15 23:36:39.032538,+150,+150
FedEx St. Jude Championship,round_matchups,fanduel,"Fox, Ryan","Theegala, Sahith",round_matchups fanduel 11889 23014,2,0.5222,0.0445,2026-08-15 23:36:39.032538,2,0.5222,2026-08-15 23:36:39.032538,TRUE,FALSE,-1,FALSE,0,FALSE,0.0444,2026-08-15 23:36:39.032538,+100,+100
FedEx St. Jude Championship,round_matchups,caesars,"Homa, Max","Smalley, Alex",round_matchups caesars 17538 18474,2.3,0.4452,0.024,2026-08-15 23:36:39.032538,2.3,0.4452,2026-08-15 23:36:39.032538,TRUE,FALSE,0,FALSE,0,FALSE,0.02396,2026-08-15 23:36:39.032538,+130,+130
FedEx St. Jude Championship,round_matchups,caesars,"Schmid, Matti","Brennan, Michael",round_matchups caesars 20722 29197,2.5,0.4083,0.0209,2026-08-15 23:36:39.032538,2.5,0.4083,2026-08-15 23:36:39.032538,TRUE,FALSE,-1,FALSE,0,FALSE,0.02075,2026-08-15 23:36:39.032538,+150,+150
FedEx St. Jude Championship,round_matchups,fanduel,"Schmid, Matti","Brennan, Michael",round_matchups fanduel 20722 29197,2.5,0.4083,0.0209,2026-08-15 23:36:39.032538,2.5,0.4083,2026-08-15 23:36:39.032538,TRUE,FALSE,-1,FALSE,0,FALSE,0.02075,2026-08-15 23:36:39.032538,+150,+150
FedEx St. Jude Championship,round_matchups,bet365,"McNealy, Maverick","Scott, Adam",round_matchups bet365 18634 6430,1.83,0.5725,0.0477,2026-08-16 00:58:34.330031,1.83,0.5725,2026-08-16 00:58:34.330031,TRUE,FALSE,1,TRUE,0,FALSE,0.0476750000000001,2026-08-16 00:58:34.330031,-120,-120
FedEx St. Jude Championship,round_matchups,bet365,"Taylor, Nick","Woodland, Gary",round_matchups bet365 13126 12577,1.95,0.5279,0.0294,2026-08-16 00:58:34.330031,1.95,0.5279,2026-08-16 00:58:34.330031,TRUE,FALSE,2,TRUE,0,FALSE,0.0294050000000001,2026-08-16 00:58:34.330031,-105,-105
FedEx St. Jude Championship,round_matchups,bet365,"Gerard, Ryan","Mitchell, Keith",round_matchups bet365 29767 17365,1.83,0.5617,0.0278,2026-08-16 00:58:34.330031,1.83,0.5617,2026-08-16 00:58:34.330031,TRUE,FALSE,1,TRUE,0,FALSE,0.027911,2026-08-16 00:58:34.330031,-120,-120
FedEx St. Jude Championship,round_matchups,bet365,"Kitayama, Kurt","Knapp, Jake",round_matchups bet365 21891 19396,1.9,0.5388,0.0237,2026-08-16 00:58:34.330031,1.9,0.5388,2026-08-16 00:58:34.330031,TRUE,FALSE,-1,FALSE,0,FALSE,0.0237199999999997,2026-08-16 00:58:34.330031,-111,-111
FedEx St. Jude Championship,round_matchups,caesars,"Im, Sungjae","Knapp, Jake",round_matchups caesars 17488 19396,1.95,0.5237,0.0225,2026-08-16 13:46:56.93611,1.95,0.5237,2026-08-16 13:46:56.93611,TRUE,FALSE,1,TRUE,0,FALSE,0.021215,2026-08-16 13:46:56.93611,-105,-105
BMW Championship,tournament_matchups,bet365,"McIlroy, Rory","Scheffler, Scottie",tournament_matchups bet365 10091 18417,3.8,0.285,0.0831,2026-08-17 21:45:26.522107,3.6,0.2817,2026-08-20 14:18:08.49882,TRUE,FALSE,-1,FALSE,0.0555555555555556,TRUE,0.07046,2026-08-20 14:18:08.49882,+280,+260
BMW Championship,tournament_matchups,fanduel,"Aberg, Ludvig","Burns, Sam",tournament_matchups fanduel 23950 19483,1.9,0.5456,0.0366,2026-08-17 21:45:26.522107,1.83,0.5523,2026-08-20 14:18:08.49882,TRUE,FALSE,0,FALSE,0.0382513661202184,TRUE,0.0493699999999999,2026-08-20 14:18:08.49882,-111,-120
BMW Championship,tournament_matchups,caesars,"Aberg, Ludvig","Burns, Sam",tournament_matchups caesars 23950 19483,1.87,0.5456,0.02,2026-08-17 21:45:26.522107,1.87,0.5523,2026-08-20 14:18:08.49882,TRUE,FALSE,0,FALSE,0,FALSE,0.0328010000000001,2026-08-20 14:18:08.49882,-115,-115
BMW Championship,tournament_matchups,fanduel,"Scott, Adam","Bhatia, Akshay",tournament_matchups fanduel 6430 26096,1.73,0.592,0.0225,2026-08-18 10:01:40.993378,1.67,0.5951,2026-08-20 14:18:08.49882,TRUE,FALSE,-1,FALSE,0.0359281437125749,TRUE,0.029523,2026-08-20 14:18:08.49882,-137,-149
BMW Championship,tournament_matchups,fanduel,"Cantlay, Patrick","Knapp, Jake",tournament_matchups fanduel 15466 19396,1.8,0.5786,0.0415,2026-08-18 19:17:55.891241,1.67,0.5828,2026-08-20 14:18:08.49882,TRUE,FALSE,-1,FALSE,0.0778443113772456,TRUE,0.04904,2026-08-20 14:18:08.49882,-125,-149
BMW Championship,round_matchups,fanduel,"Griffin, Ben","Rai, Aaron",round_matchups fanduel 24968 18554,1.8,0.5773,0.0392,2026-08-18 21:42:32.146103,1.73,0.5773,2026-08-20 14:18:08.49882,TRUE,FALSE,1,TRUE,0.0404624277456649,TRUE,0.0391400000000002,2026-08-20 14:18:08.49882,-125,-137
BMW Championship,tournament_matchups,fanduel,"Kim, Si Woo","Hovland, Viktor",tournament_matchups fanduel 14609 18841,1.9,0.5388,0.0237,2026-08-18 21:42:32.146103,1.9,0.5388,2026-08-20 14:18:08.49882,TRUE,FALSE,1,TRUE,0,FALSE,0.0237199999999997,2026-08-20 14:18:08.49882,-111,-111
BMW Championship,tournament_matchups,draftkings,"Kim, Si Woo","Clark, Wyndham",tournament_matchups draftkings 14609 23604,1.78,0.5882,0.0478,2026-08-18 21:42:32.146103,1.77,0.5882,2026-08-20 14:18:08.49882,TRUE,FALSE,0,FALSE,0.00564971751412435,TRUE,0.0469959999999998,2026-08-20 14:18:08.49882,-128,-130
BMW Championship,tournament_matchups,fanduel,"McIlroy, Rory","Scheffler, Scottie",tournament_matchups fanduel 10091 18417,3.5,0.2986,0.0452,2026-08-18 21:42:32.146103,3.5,0.2953,2026-08-20 14:18:08.49882,TRUE,FALSE,-1,FALSE,0,FALSE,0.03355,2026-08-20 14:18:08.49882,+250,+250
BMW Championship,tournament_matchups,bet365,"Cantlay, Patrick","Clark, Wyndham",tournament_matchups bet365 15466 23604,2,0.5208,0.0417,2026-08-18 21:42:32.146103,2,0.5208,2026-08-20 14:18:08.49882,TRUE,FALSE,0,FALSE,0,FALSE,0.0416000000000001,2026-08-20 14:18:08.49882,+100,+100
BMW Championship,tournament_matchups,draftkings,"Aberg, Ludvig","Burns, Sam",tournament_matchups draftkings 23950 19483,1.87,0.5523,0.0326,2026-08-18 21:42:32.146103,1.87,0.5523,2026-08-20 14:18:08.49882,TRUE,FALSE,0,FALSE,0,FALSE,0.0328010000000001,2026-08-20 14:18:08.49882,-115,-115
BMW Championship,tournament_matchups,draftkings,"Spaun, J.J.","Fowler, Rickie",tournament_matchups draftkings 17536 12965,1.86,0.5533,0.0303,2026-08-18 21:42:32.146103,1.86,0.5533,2026-08-20 14:18:08.49882,TRUE,FALSE,0,FALSE,0,FALSE,0.0291380000000001,2026-08-20 14:18:08.49882,-116,-116
BMW Championship,tournament_matchups,draftkings,"Cauley, Bud","Noren, Alex",tournament_matchups draftkings 14502 10419,2.02,0.5062,0.0226,2026-08-18 21:42:32.146103,2.02,0.5062,2026-08-20 14:18:08.49882,TRUE,FALSE,0,FALSE,0,FALSE,0.022524,2026-08-20 14:18:08.49882,+102,+102
BMW Championship,round_matchups,fanduel,"Fitzpatrick, Matt","Scheffler, Scottie",round_matchups fanduel 17646 18417,2.88,0.3612,0.0383,2026-08-18 22:45:29.650223,2.75,0.3612,2026-08-20 14:18:08.49882,TRUE,FALSE,-1,FALSE,0.0472727272727271,TRUE,0.0402560000000001,2026-08-20 14:18:08.49882,+188,+175
BMW Championship,tournament_matchups,caesars,"Scott, Adam","Bhatia, Akshay",tournament_matchups caesars 6430 26096,1.71,0.5951,0.0201,2026-08-18 22:45:29.650223,1.61,0.5951,2026-08-20 14:18:08.49882,TRUE,FALSE,-1,FALSE,0.0621118012422359,TRUE,0.0176209999999999,2026-08-20 14:18:08.49882,-141,-164
BMW Championship,tournament_matchups,caesars,"Fitzpatrick, Matt","Young, Cameron",tournament_matchups caesars 17646 26651,2.05,0.5047,0.0347,2026-08-19 04:19:00.925014,1.95,0.5047,2026-08-20 14:18:08.49882,TRUE,FALSE,-2,FALSE,0.0512820512820513,TRUE,0.034635,2026-08-20 14:18:08.49882,+105,-105
BMW Championship,round_matchups,bet365,"Kim, Si Woo","Morikawa, Collin",round_matchups bet365 14609 22085,1.95,0.5387,0.0504,2026-08-20 23:55:51.985579,1.95,0.5387,2026-08-20 23:55:51.985579,TRUE,FALSE,1,TRUE,0,FALSE,0.050465,2026-08-20 23:55:51.985579,-105,-105
BMW Championship,round_matchups,betmgm,"Fitzpatrick, Matt","Scheffler, Scottie",round_matchups betmgm 17646 18417,2.8,0.3951,0.1064,2026-08-20 23:55:51.985579,2.8,0.3951,2026-08-20 23:55:51.985579,TRUE,FALSE,-1,FALSE,0,FALSE,0.10628,2026-08-20 23:55:51.985579,+180,+180
BMW Championship,round_matchups,draftkings,"Fitzpatrick, Matt","Scheffler, Scottie",round_matchups draftkings 17646 18417,2.78,0.3951,0.0985,2026-08-20 23:55:51.985579,2.78,0.3951,2026-08-20 23:55:51.985579,TRUE,FALSE,-1,FALSE,0,FALSE,0.0983779999999999,2026-08-20 23:55:51.985579,+178,+178
BMW Championship,round_matchups,caesars,"Fitzpatrick, Matt","Scheffler, Scottie",round_matchups caesars 17646 18417,2.75,0.3951,0.0866,2026-08-20 23:55:51.985579,2.75,0.3951,2026-08-20 23:55:51.985579,TRUE,FALSE,-1,FALSE,0,FALSE,0.086525,2026-08-20 23:55:51.985579,+175,+175
BMW Championship,round_matchups,caesars,"Cole, Eric","Brennan, Michael",round_matchups caesars 21756 29197,2.15,0.4887,0.0507,2026-08-20 23:55:51.985579,2.15,0.4887,2026-08-20 23:55:51.985579,TRUE,FALSE,-1,FALSE,0,FALSE,0.050705,2026-08-20 23:55:51.985579,+115,+115
BMW Championship,round_matchups,bet365,"McCarty, Matt","McNealy, Maverick",round_matchups bet365 28635 18634,3,0.3478,0.0434,2026-08-20 23:55:51.985579,3,0.3478,2026-08-20 23:55:51.985579,TRUE,FALSE,0,FALSE,0,FALSE,0.0434000000000001,2026-08-20 23:55:51.985579,+200,+200
BMW Championship,round_matchups,bet365,"Kim, Tom","Brennan, Michael",round_matchups bet365 24766 29197,2,0.5179,0.0357,2026-08-20 23:55:51.985579,2,0.5179,2026-08-20 23:55:51.985579,TRUE,FALSE,-1,FALSE,0,FALSE,0.0358000000000001,2026-08-20 23:55:51.985579,+100,+100
BMW Championship,round_matchups,fanduel,"Cole, Eric","Brennan, Michael",round_matchups fanduel 21756 29197,2.1,0.4887,0.0263,2026-08-20 23:55:51.985579,2.1,0.4887,2026-08-20 23:55:51.985579,TRUE,FALSE,-1,FALSE,0,FALSE,0.02627,2026-08-20 23:55:51.985579,+110,+110
BMW Championship,round_matchups,draftkings,"Cole, Eric","Bhatia, Akshay",round_matchups draftkings 21756 26096,1.94,0.5348,0.0393,2026-08-21 11:47:27.27006,1.94,0.5348,2026-08-21 11:47:27.27006,TRUE,FALSE,1,TRUE,0,FALSE,0.037512,2026-08-21 11:47:27.27006,-106,-106
BMW Championship,round_matchups,draftkings,"Fox, Ryan","Kim, Tom",round_matchups draftkings 11889 24766,2.32,0.4541,0.0536,2026-08-21 11:47:27.27006,2.32,0.4541,2026-08-21 11:47:27.27006,TRUE,FALSE,-2,FALSE,0,FALSE,0.053512,2026-08-21 11:47:27.27006,+132,+132
BMW Championship,round_matchups,draftkings,"Cole, Eric","Brennan, Michael",round_matchups draftkings 21756 29197,2.12,0.4887,0.0361,2026-08-21 11:47:27.27006,2.12,0.4887,2026-08-21 11:47:27.27006,TRUE,FALSE,-1,FALSE,0,FALSE,0.0360440000000002,2026-08-21 11:47:27.27006,+112,+112
